model,dataset,category,seed,phase,ctype,severity,rescue,image_AUROC,training
PaDiM,MVTec-AD,bottle,42,baseline,clean,none,none,1.0,clean
PaDiM,MVTec-AD,bottle,42,degradation,low_light,mild,none,0.5,clean
PaDiM,MVTec-AD,bottle,42,degradation,low_light,moderate,none,0.5,clean
PaDiM,MVTec-AD,bottle,42,degradation,low_light,severe,none,0.5,clean
PaDiM,MVTec-AD,bottle,42,rescue,low_light,severe,CLAHE,0.5,clean
PaDiM,MVTec-AD,bottle,42,rescue,low_light,severe,Retinex,0.5,clean
PaDiM,MVTec-AD,bottle,42,degradation,gaussian_blur,mild,none,0.997619092464447,clean
PaDiM,MVTec-AD,bottle,42,degradation,gaussian_blur,moderate,none,0.811904788017273,clean
PaDiM,MVTec-AD,bottle,42,degradation,gaussian_blur,severe,none,0.5809524059295654,clean
PaDiM,MVTec-AD,bottle,42,rescue,gaussian_blur,severe,Wiener,0.5,clean
PaDiM,MVTec-AD,bottle,42,degradation,motion_blur,mild,none,0.8999999761581421,clean
PaDiM,MVTec-AD,bottle,42,degradation,motion_blur,moderate,none,0.6952381134033203,clean
PaDiM,MVTec-AD,bottle,42,degradation,motion_blur,severe,none,0.5325397253036499,clean
PaDiM,MVTec-AD,bottle,42,rescue,motion_blur,severe,Wiener (Motion PSF),0.5,clean
PaDiM,MVTec-AD,bottle,42,degradation,sensor_noise,mild,none,0.5,clean
PaDiM,MVTec-AD,bottle,42,degradation,sensor_noise,moderate,none,0.5,clean
PaDiM,MVTec-AD,bottle,42,degradation,sensor_noise,severe,none,0.5,clean
PaDiM,MVTec-AD,bottle,42,rescue,sensor_noise,severe,NLM Denoise,0.5,clean
PaDiM,MVTec-AD,bottle,42,degradation,fog_haze,mild,none,0.4174603223800659,clean
PaDiM,MVTec-AD,bottle,42,degradation,fog_haze,moderate,none,0.5825396776199341,clean
PaDiM,MVTec-AD,bottle,42,degradation,fog_haze,severe,none,0.644444465637207,clean
PaDiM,MVTec-AD,bottle,42,rescue,fog_haze,severe,Dehaze (Dark Channel),0.5218254327774048,clean
PaDiM,MVTec-AD,bottle,123,baseline,clean,none,none,0.9984126687049866,clean
PaDiM,MVTec-AD,bottle,123,degradation,low_light,mild,none,0.5,clean
PaDiM,MVTec-AD,bottle,123,degradation,low_light,moderate,none,0.5,clean
PaDiM,MVTec-AD,bottle,123,degradation,low_light,severe,none,0.5,clean
PaDiM,MVTec-AD,bottle,123,rescue,low_light,severe,CLAHE,0.5,clean
PaDiM,MVTec-AD,bottle,123,rescue,low_light,severe,Retinex,0.5,clean
PaDiM,MVTec-AD,bottle,123,degradation,gaussian_blur,mild,none,0.9833333492279052,clean
PaDiM,MVTec-AD,bottle,123,degradation,gaussian_blur,moderate,none,0.8476189970970154,clean
PaDiM,MVTec-AD,bottle,123,degradation,gaussian_blur,severe,none,0.764285683631897,clean
PaDiM,MVTec-AD,bottle,123,rescue,gaussian_blur,severe,Wiener,0.5,clean
PaDiM,MVTec-AD,bottle,123,degradation,motion_blur,mild,none,0.9873015880584716,clean
PaDiM,MVTec-AD,bottle,123,degradation,motion_blur,moderate,none,0.8841269612312317,clean
PaDiM,MVTec-AD,bottle,123,degradation,motion_blur,severe,none,0.4444444477558136,clean
PaDiM,MVTec-AD,bottle,123,rescue,motion_blur,severe,Wiener (Motion PSF),0.5,clean
PaDiM,MVTec-AD,bottle,123,degradation,sensor_noise,mild,none,0.5,clean
PaDiM,MVTec-AD,bottle,123,degradation,sensor_noise,moderate,none,0.5,clean
PaDiM,MVTec-AD,bottle,123,degradation,sensor_noise,severe,none,0.5,clean
PaDiM,MVTec-AD,bottle,123,rescue,sensor_noise,severe,NLM Denoise,0.5,clean
PaDiM,MVTec-AD,bottle,123,degradation,fog_haze,mild,none,0.6888889074325562,clean
PaDiM,MVTec-AD,bottle,123,degradation,fog_haze,moderate,none,0.6880952715873718,clean
PaDiM,MVTec-AD,bottle,123,degradation,fog_haze,severe,none,0.5666667222976685,clean
PaDiM,MVTec-AD,bottle,123,rescue,fog_haze,severe,Dehaze (Dark Channel),0.6992063522338867,clean
PaDiM,MVTec-AD,bottle,456,baseline,clean,none,none,1.0,clean
PaDiM,MVTec-AD,bottle,456,degradation,low_light,mild,none,0.5087301731109619,clean
PaDiM,MVTec-AD,bottle,456,degradation,low_light,moderate,none,0.550000011920929,clean
PaDiM,MVTec-AD,bottle,456,degradation,low_light,severe,none,0.6198412775993347,clean
PaDiM,MVTec-AD,bottle,456,rescue,low_light,severe,CLAHE,0.6396825313568115,clean
PaDiM,MVTec-AD,bottle,456,rescue,low_light,severe,Retinex,0.7333333492279053,clean
PaDiM,MVTec-AD,bottle,456,degradation,gaussian_blur,mild,none,0.9404761791229248,clean
PaDiM,MVTec-AD,bottle,456,degradation,gaussian_blur,moderate,none,0.6269841194152832,clean
PaDiM,MVTec-AD,bottle,456,degradation,gaussian_blur,severe,none,0.617460310459137,clean
PaDiM,MVTec-AD,bottle,456,rescue,gaussian_blur,severe,Wiener,0.5,clean
PaDiM,MVTec-AD,bottle,456,degradation,motion_blur,mild,none,0.9841269850730896,clean
PaDiM,MVTec-AD,bottle,456,degradation,motion_blur,moderate,none,0.8539682626724243,clean
PaDiM,MVTec-AD,bottle,456,degradation,motion_blur,severe,none,0.6769841313362122,clean
PaDiM,MVTec-AD,bottle,456,rescue,motion_blur,severe,Wiener (Motion PSF),0.5,clean
PaDiM,MVTec-AD,bottle,456,degradation,sensor_noise,mild,none,0.5365079641342163,clean
PaDiM,MVTec-AD,bottle,456,degradation,sensor_noise,moderate,none,0.472222238779068,clean
PaDiM,MVTec-AD,bottle,456,degradation,sensor_noise,severe,none,0.5047619342803955,clean
PaDiM,MVTec-AD,bottle,456,rescue,sensor_noise,severe,NLM Denoise,0.5333333015441895,clean
PaDiM,MVTec-AD,bottle,456,degradation,fog_haze,mild,none,0.4742063879966736,clean
PaDiM,MVTec-AD,bottle,456,degradation,fog_haze,moderate,none,0.5634920597076416,clean
PaDiM,MVTec-AD,bottle,456,degradation,fog_haze,severe,none,0.5230158567428589,clean
PaDiM,MVTec-AD,bottle,456,rescue,fog_haze,severe,Dehaze (Dark Channel),0.5083333253860474,clean
PaDiM,MVTec-AD,cable,42,baseline,clean,none,none,0.8202773928642273,clean
PaDiM,MVTec-AD,cable,42,degradation,low_light,mild,none,0.8097826242446899,clean
PaDiM,MVTec-AD,cable,42,degradation,low_light,moderate,none,0.8071589469909668,clean
PaDiM,MVTec-AD,cable,42,degradation,low_light,severe,none,0.6218141317367554,clean
PaDiM,MVTec-AD,cable,42,rescue,low_light,severe,CLAHE,0.7336956262588501,clean
PaDiM,MVTec-AD,cable,42,rescue,low_light,severe,Retinex,0.6754122972488403,clean
PaDiM,MVTec-AD,cable,42,degradation,gaussian_blur,mild,none,0.7732384204864502,clean
PaDiM,MVTec-AD,cable,42,degradation,gaussian_blur,moderate,none,0.6870315074920654,clean
PaDiM,MVTec-AD,cable,42,degradation,gaussian_blur,severe,none,0.6086956262588501,clean
PaDiM,MVTec-AD,cable,42,rescue,gaussian_blur,severe,Wiener,0.4840704798698425,clean
PaDiM,MVTec-AD,cable,42,degradation,motion_blur,mild,none,0.7833583354949951,clean
PaDiM,MVTec-AD,cable,42,degradation,motion_blur,moderate,none,0.6535794734954834,clean
PaDiM,MVTec-AD,cable,42,degradation,motion_blur,severe,none,0.4880059957504272,clean
PaDiM,MVTec-AD,cable,42,rescue,motion_blur,severe,Wiener (Motion PSF),0.5483508110046387,clean
PaDiM,MVTec-AD,cable,42,degradation,sensor_noise,mild,none,0.6637930870056152,clean
PaDiM,MVTec-AD,cable,42,degradation,sensor_noise,moderate,none,0.4885681867599487,clean
PaDiM,MVTec-AD,cable,42,degradation,sensor_noise,severe,none,0.5024362802505493,clean
PaDiM,MVTec-AD,cable,42,rescue,sensor_noise,severe,NLM Denoise,0.5400112867355347,clean
PaDiM,MVTec-AD,cable,42,degradation,fog_haze,mild,none,0.7027735710144043,clean
PaDiM,MVTec-AD,cable,42,degradation,fog_haze,moderate,none,0.6583582758903503,clean
PaDiM,MVTec-AD,cable,42,degradation,fog_haze,severe,none,0.5710270404815674,clean
PaDiM,MVTec-AD,cable,42,rescue,fog_haze,severe,Dehaze (Dark Channel),0.6045727133750916,clean
PaDiM,MVTec-AD,cable,123,baseline,clean,none,none,0.8729385137557983,clean
PaDiM,MVTec-AD,cable,123,degradation,low_light,mild,none,0.704835057258606,clean
PaDiM,MVTec-AD,cable,123,degradation,low_light,moderate,none,0.6776611804962158,clean
PaDiM,MVTec-AD,cable,123,degradation,low_light,severe,none,0.5804909467697144,clean
PaDiM,MVTec-AD,cable,123,rescue,low_light,severe,CLAHE,0.6499249935150146,clean
PaDiM,MVTec-AD,cable,123,rescue,low_light,severe,Retinex,0.6719452738761902,clean
PaDiM,MVTec-AD,cable,123,degradation,gaussian_blur,mild,none,0.720952033996582,clean
PaDiM,MVTec-AD,cable,123,degradation,gaussian_blur,moderate,none,0.6183470487594604,clean
PaDiM,MVTec-AD,cable,123,degradation,gaussian_blur,severe,none,0.5556596517562866,clean
PaDiM,MVTec-AD,cable,123,rescue,gaussian_blur,severe,Wiener,0.5,clean
PaDiM,MVTec-AD,cable,123,degradation,motion_blur,mild,none,0.7378185987472534,clean
PaDiM,MVTec-AD,cable,123,degradation,motion_blur,moderate,none,0.6379310488700867,clean
PaDiM,MVTec-AD,cable,123,degradation,motion_blur,severe,none,0.5179910063743591,clean
PaDiM,MVTec-AD,cable,123,rescue,motion_blur,severe,Wiener (Motion PSF),0.4908170700073242,clean
PaDiM,MVTec-AD,cable,123,degradation,sensor_noise,mild,none,0.4934408068656921,clean
PaDiM,MVTec-AD,cable,123,degradation,sensor_noise,moderate,none,0.6324962377548218,clean
PaDiM,MVTec-AD,cable,123,degradation,sensor_noise,severe,none,0.5732758045196533,clean
PaDiM,MVTec-AD,cable,123,rescue,sensor_noise,severe,NLM Denoise,0.54076087474823,clean
PaDiM,MVTec-AD,cable,123,degradation,fog_haze,mild,none,0.6330584287643433,clean
PaDiM,MVTec-AD,cable,123,degradation,fog_haze,moderate,none,0.5863943099975586,clean
PaDiM,MVTec-AD,cable,123,degradation,fog_haze,severe,none,0.453710675239563,clean
PaDiM,MVTec-AD,cable,123,rescue,fog_haze,severe,Dehaze (Dark Channel),0.5506933927536011,clean
PaDiM,MVTec-AD,cable,456,baseline,clean,none,none,0.8678785562515259,clean
PaDiM,MVTec-AD,cable,456,degradation,low_light,mild,none,0.7730509638786316,clean
PaDiM,MVTec-AD,cable,456,degradation,low_light,moderate,none,0.6892803907394409,clean
PaDiM,MVTec-AD,cable,456,degradation,low_light,severe,none,0.5303598046302795,clean
PaDiM,MVTec-AD,cable,456,rescue,low_light,severe,CLAHE,0.5809594392776489,clean
PaDiM,MVTec-AD,cable,456,rescue,low_light,severe,Retinex,0.6094452738761902,clean
PaDiM,MVTec-AD,cable,456,degradation,gaussian_blur,mild,none,0.7837331295013428,clean
PaDiM,MVTec-AD,cable,456,degradation,gaussian_blur,moderate,none,0.5254872441291809,clean
PaDiM,MVTec-AD,cable,456,degradation,gaussian_blur,severe,none,0.4512743651866913,clean
PaDiM,MVTec-AD,cable,456,rescue,gaussian_blur,severe,Wiener,0.5,clean
PaDiM,MVTec-AD,cable,456,degradation,motion_blur,mild,none,0.580584704875946,clean
PaDiM,MVTec-AD,cable,456,degradation,motion_blur,moderate,none,0.5762743949890137,clean
PaDiM,MVTec-AD,cable,456,degradation,motion_blur,severe,none,0.5030921697616577,clean
PaDiM,MVTec-AD,cable,456,rescue,motion_blur,severe,Wiener (Motion PSF),0.5232383608818054,clean
PaDiM,MVTec-AD,cable,456,degradation,sensor_noise,mild,none,0.7061468958854675,clean
PaDiM,MVTec-AD,cable,456,degradation,sensor_noise,moderate,none,0.5251124501228333,clean
PaDiM,MVTec-AD,cable,456,degradation,sensor_noise,severe,none,0.5489130020141602,clean
PaDiM,MVTec-AD,cable,456,rescue,sensor_noise,severe,NLM Denoise,0.5327960848808289,clean
PaDiM,MVTec-AD,cable,456,degradation,fog_haze,mild,none,0.7648050785064697,clean
PaDiM,MVTec-AD,cable,456,degradation,fog_haze,moderate,none,0.6146926879882812,clean
PaDiM,MVTec-AD,cable,456,degradation,fog_haze,severe,none,0.5460082292556763,clean
PaDiM,MVTec-AD,cable,456,rescue,fog_haze,severe,Dehaze (Dark Channel),0.587893545627594,clean
PaDiM,MVTec-AD,capsule,42,baseline,clean,none,none,0.8540087938308716,clean
PaDiM,MVTec-AD,capsule,42,degradation,low_light,mild,none,0.5725966691970825,clean
PaDiM,MVTec-AD,capsule,42,degradation,low_light,moderate,none,0.5424810647964478,clean
PaDiM,MVTec-AD,capsule,42,degradation,low_light,severe,none,0.5,clean
PaDiM,MVTec-AD,capsule,42,rescue,low_light,severe,CLAHE,0.5,clean
PaDiM,MVTec-AD,capsule,42,rescue,low_light,severe,Retinex,0.5,clean
PaDiM,MVTec-AD,capsule,42,degradation,gaussian_blur,mild,none,0.601914644241333,clean
PaDiM,MVTec-AD,capsule,42,degradation,gaussian_blur,moderate,none,0.4742720127105713,clean
PaDiM,MVTec-AD,capsule,42,degradation,gaussian_blur,severe,none,0.5,clean
PaDiM,MVTec-AD,capsule,42,rescue,gaussian_blur,severe,Wiener,0.5,clean
PaDiM,MVTec-AD,capsule,42,degradation,motion_blur,mild,none,0.6788990497589111,clean
PaDiM,MVTec-AD,capsule,42,degradation,motion_blur,moderate,none,0.5436776876449585,clean
PaDiM,MVTec-AD,capsule,42,degradation,motion_blur,severe,none,0.5,clean
PaDiM,MVTec-AD,capsule,42,rescue,motion_blur,severe,Wiener (Motion PSF),0.5,clean
PaDiM,MVTec-AD,capsule,42,degradation,sensor_noise,mild,none,0.4571200609207153,clean
PaDiM,MVTec-AD,capsule,42,degradation,sensor_noise,moderate,none,0.5,clean
PaDiM,MVTec-AD,capsule,42,degradation,sensor_noise,severe,none,0.5,clean
PaDiM,MVTec-AD,capsule,42,rescue,sensor_noise,severe,NLM Denoise,0.6262465119361877,clean
PaDiM,MVTec-AD,capsule,42,degradation,fog_haze,mild,none,0.6880733966827393,clean
PaDiM,MVTec-AD,capsule,42,degradation,fog_haze,moderate,none,0.5241324305534363,clean
PaDiM,MVTec-AD,capsule,42,degradation,fog_haze,severe,none,0.5,clean
PaDiM,MVTec-AD,capsule,42,rescue,fog_haze,severe,Dehaze (Dark Channel),0.5,clean
PaDiM,MVTec-AD,capsule,123,baseline,clean,none,none,0.8368567824363708,clean
PaDiM,MVTec-AD,capsule,123,degradation,low_light,mild,none,0.6765058040618896,clean
PaDiM,MVTec-AD,capsule,123,degradation,low_light,moderate,none,0.4892301559448242,clean
PaDiM,MVTec-AD,capsule,123,degradation,low_light,severe,none,0.6459912061691284,clean
PaDiM,MVTec-AD,capsule,123,rescue,low_light,severe,CLAHE,0.6242520809173584,clean
PaDiM,MVTec-AD,capsule,123,rescue,low_light,severe,Retinex,0.6535699963569641,clean
PaDiM,MVTec-AD,capsule,123,degradation,gaussian_blur,mild,none,0.7303550243377686,clean
PaDiM,MVTec-AD,capsule,123,degradation,gaussian_blur,moderate,none,0.5265257358551025,clean
PaDiM,MVTec-AD,capsule,123,degradation,gaussian_blur,severe,none,0.5,clean
PaDiM,MVTec-AD,capsule,123,rescue,gaussian_blur,severe,Wiener,0.5,clean
PaDiM,MVTec-AD,capsule,123,degradation,motion_blur,mild,none,0.7351416349411011,clean
PaDiM,MVTec-AD,capsule,123,degradation,motion_blur,moderate,none,0.5664140582084656,clean
PaDiM,MVTec-AD,capsule,123,degradation,motion_blur,severe,none,0.4704826176166534,clean
PaDiM,MVTec-AD,capsule,123,rescue,motion_blur,severe,Wiener (Motion PSF),0.52173912525177,clean
PaDiM,MVTec-AD,capsule,123,degradation,sensor_noise,mild,none,0.4964100420475006,clean
PaDiM,MVTec-AD,capsule,123,degradation,sensor_noise,moderate,none,0.5287195444107056,clean
PaDiM,MVTec-AD,capsule,123,degradation,sensor_noise,severe,none,0.4862385392189026,clean
PaDiM,MVTec-AD,capsule,123,rescue,sensor_noise,severe,NLM Denoise,0.4816513657569885,clean
PaDiM,MVTec-AD,capsule,123,degradation,fog_haze,mild,none,0.5929397344589233,clean
PaDiM,MVTec-AD,capsule,123,degradation,fog_haze,moderate,none,0.4134423732757568,clean
PaDiM,MVTec-AD,capsule,123,degradation,fog_haze,severe,none,0.4954128563404083,clean
PaDiM,MVTec-AD,capsule,123,rescue,fog_haze,severe,Dehaze (Dark Channel),0.5,clean
PaDiM,MVTec-AD,capsule,456,baseline,clean,none,none,0.9525328874588012,clean
PaDiM,MVTec-AD,capsule,456,degradation,low_light,mild,none,0.7726365923881531,clean
PaDiM,MVTec-AD,capsule,456,degradation,low_light,moderate,none,0.809333860874176,clean
PaDiM,MVTec-AD,capsule,456,degradation,low_light,severe,none,0.6529716849327087,clean
PaDiM,MVTec-AD,capsule,456,rescue,low_light,severe,CLAHE,0.4672915935516357,clean
PaDiM,MVTec-AD,capsule,456,rescue,low_light,severe,Retinex,0.6669325828552246,clean
PaDiM,MVTec-AD,capsule,456,degradation,gaussian_blur,mild,none,0.6469884514808655,clean
PaDiM,MVTec-AD,capsule,456,degradation,gaussian_blur,moderate,none,0.4770642220973968,clean
PaDiM,MVTec-AD,capsule,456,degradation,gaussian_blur,severe,none,0.4944156110286712,clean
PaDiM,MVTec-AD,capsule,456,rescue,gaussian_blur,severe,Wiener,0.5,clean
PaDiM,MVTec-AD,capsule,456,degradation,motion_blur,mild,none,0.6015157699584961,clean
PaDiM,MVTec-AD,capsule,456,degradation,motion_blur,moderate,none,0.4575189352035522,clean
PaDiM,MVTec-AD,capsule,456,degradation,motion_blur,severe,none,0.5,clean
PaDiM,MVTec-AD,capsule,456,rescue,motion_blur,severe,Wiener (Motion PSF),0.5965297222137451,clean
PaDiM,MVTec-AD,capsule,456,degradation,sensor_noise,mild,none,0.4976066946983337,clean
PaDiM,MVTec-AD,capsule,456,degradation,sensor_noise,moderate,none,0.5594335794448853,clean
PaDiM,MVTec-AD,capsule,456,degradation,sensor_noise,severe,none,0.4954128563404083,clean
PaDiM,MVTec-AD,capsule,456,rescue,sensor_noise,severe,NLM Denoise,0.5879536867141724,clean
PaDiM,MVTec-AD,capsule,456,degradation,fog_haze,mild,none,0.4938173294067383,clean
PaDiM,MVTec-AD,capsule,456,degradation,fog_haze,moderate,none,0.5414838790893555,clean
PaDiM,MVTec-AD,capsule,456,degradation,fog_haze,severe,none,0.5,clean
PaDiM,MVTec-AD,capsule,456,rescue,fog_haze,severe,Dehaze (Dark Channel),0.512165904045105,clean
PaDiM,MVTec-AD,carpet,42,baseline,clean,none,none,0.9775280356407166,clean
PaDiM,MVTec-AD,carpet,42,degradation,low_light,mild,none,0.9670947194099426,clean
PaDiM,MVTec-AD,carpet,42,degradation,low_light,moderate,none,0.942215085029602,clean
PaDiM,MVTec-AD,carpet,42,degradation,low_light,severe,none,0.8226324319839478,clean
PaDiM,MVTec-AD,carpet,42,rescue,low_light,severe,CLAHE,0.896869957447052,clean
PaDiM,MVTec-AD,carpet,42,rescue,low_light,severe,Retinex,0.9285714030265808,clean
PaDiM,MVTec-AD,carpet,42,degradation,gaussian_blur,mild,none,0.7925361394882202,clean
PaDiM,MVTec-AD,carpet,42,degradation,gaussian_blur,moderate,none,0.5894863605499268,clean
PaDiM,MVTec-AD,carpet,42,degradation,gaussian_blur,severe,none,0.500200629234314,clean
PaDiM,MVTec-AD,carpet,42,rescue,gaussian_blur,severe,Wiener,0.4943820238113403,clean
PaDiM,MVTec-AD,carpet,42,degradation,motion_blur,mild,none,0.9301766157150269,clean
PaDiM,MVTec-AD,carpet,42,degradation,motion_blur,moderate,none,0.6801765561103821,clean
PaDiM,MVTec-AD,carpet,42,degradation,motion_blur,severe,none,0.5517656803131104,clean
PaDiM,MVTec-AD,carpet,42,rescue,motion_blur,severe,Wiener (Motion PSF),0.4739165008068084,clean
PaDiM,MVTec-AD,carpet,42,degradation,sensor_noise,mild,none,0.9008828401565552,clean
PaDiM,MVTec-AD,carpet,42,degradation,sensor_noise,moderate,none,0.7259229421615601,clean
PaDiM,MVTec-AD,carpet,42,degradation,sensor_noise,severe,none,0.6456661224365234,clean
PaDiM,MVTec-AD,carpet,42,rescue,sensor_noise,severe,NLM Denoise,0.6043338775634766,clean
PaDiM,MVTec-AD,carpet,42,degradation,fog_haze,mild,none,0.7002407312393188,clean
PaDiM,MVTec-AD,carpet,42,degradation,fog_haze,moderate,none,0.5754414200782776,clean
PaDiM,MVTec-AD,carpet,42,degradation,fog_haze,severe,none,0.54534512758255,clean
PaDiM,MVTec-AD,carpet,42,rescue,fog_haze,severe,Dehaze (Dark Channel),0.504815399646759,clean
PaDiM,MVTec-AD,carpet,123,baseline,clean,none,none,0.9931780695915222,clean
PaDiM,MVTec-AD,carpet,123,degradation,low_light,mild,none,0.989967942237854,clean
PaDiM,MVTec-AD,carpet,123,degradation,low_light,moderate,none,0.971508800983429,clean
PaDiM,MVTec-AD,carpet,123,degradation,low_light,severe,none,0.8784109354019165,clean
PaDiM,MVTec-AD,carpet,123,rescue,low_light,severe,CLAHE,0.8495184183120728,clean
PaDiM,MVTec-AD,carpet,123,rescue,low_light,severe,Retinex,0.932584285736084,clean
PaDiM,MVTec-AD,carpet,123,degradation,gaussian_blur,mild,none,0.9803370237350464,clean
PaDiM,MVTec-AD,carpet,123,degradation,gaussian_blur,moderate,none,0.5589887499809265,clean
PaDiM,MVTec-AD,carpet,123,degradation,gaussian_blur,severe,none,0.5,clean
PaDiM,MVTec-AD,carpet,123,rescue,gaussian_blur,severe,Wiener,0.4550561904907226,clean
PaDiM,MVTec-AD,carpet,123,degradation,motion_blur,mild,none,0.7764847278594971,clean
PaDiM,MVTec-AD,carpet,123,degradation,motion_blur,moderate,none,0.4811396598815918,clean
PaDiM,MVTec-AD,carpet,123,degradation,motion_blur,severe,none,0.4971910417079925,clean
PaDiM,MVTec-AD,carpet,123,rescue,motion_blur,severe,Wiener (Motion PSF),0.3992776870727539,clean
PaDiM,MVTec-AD,carpet,123,degradation,sensor_noise,mild,none,0.961476743221283,clean
PaDiM,MVTec-AD,carpet,123,degradation,sensor_noise,moderate,none,0.908507227897644,clean
PaDiM,MVTec-AD,carpet,123,degradation,sensor_noise,severe,none,0.8334671258926392,clean
PaDiM,MVTec-AD,carpet,123,rescue,sensor_noise,severe,NLM Denoise,0.6380417346954346,clean
PaDiM,MVTec-AD,carpet,123,degradation,fog_haze,mild,none,0.947030544281006,clean
PaDiM,MVTec-AD,carpet,123,degradation,fog_haze,moderate,none,0.4755216836929321,clean
PaDiM,MVTec-AD,carpet,123,degradation,fog_haze,severe,none,0.5738362669944763,clean
PaDiM,MVTec-AD,carpet,123,rescue,fog_haze,severe,Dehaze (Dark Channel),0.5431380867958069,clean
PaDiM,MVTec-AD,carpet,456,baseline,clean,none,none,0.9606741070747375,clean
PaDiM,MVTec-AD,carpet,456,degradation,low_light,mild,none,0.9542536735534668,clean
PaDiM,MVTec-AD,carpet,456,degradation,low_light,moderate,none,0.9277689456939696,clean
PaDiM,MVTec-AD,carpet,456,degradation,low_light,severe,none,0.6878010034561157,clean
PaDiM,MVTec-AD,carpet,456,rescue,low_light,severe,CLAHE,0.875200629234314,clean
PaDiM,MVTec-AD,carpet,456,rescue,low_light,severe,Retinex,0.881621241569519,clean
PaDiM,MVTec-AD,carpet,456,degradation,gaussian_blur,mild,none,0.8543338775634766,clean
PaDiM,MVTec-AD,carpet,456,degradation,gaussian_blur,moderate,none,0.5056179761886597,clean
PaDiM,MVTec-AD,carpet,456,degradation,gaussian_blur,severe,none,0.6540930867195129,clean
PaDiM,MVTec-AD,carpet,456,rescue,gaussian_blur,severe,Wiener,0.4857544302940368,clean
PaDiM,MVTec-AD,carpet,456,degradation,motion_blur,mild,none,0.6930177211761475,clean
PaDiM,MVTec-AD,carpet,456,degradation,motion_blur,moderate,none,0.6392455697059631,clean
PaDiM,MVTec-AD,carpet,456,degradation,motion_blur,severe,none,0.5738362669944763,clean
PaDiM,MVTec-AD,carpet,456,rescue,motion_blur,severe,Wiener (Motion PSF),0.4000802636146545,clean
PaDiM,MVTec-AD,carpet,456,degradation,sensor_noise,mild,none,0.9301766157150269,clean
PaDiM,MVTec-AD,carpet,456,degradation,sensor_noise,moderate,none,0.8948636054992676,clean
PaDiM,MVTec-AD,carpet,456,degradation,sensor_noise,severe,none,0.7411717176437378,clean
PaDiM,MVTec-AD,carpet,456,rescue,sensor_noise,severe,NLM Denoise,0.7106741666793823,clean
PaDiM,MVTec-AD,carpet,456,degradation,fog_haze,mild,none,0.75,clean
PaDiM,MVTec-AD,carpet,456,degradation,fog_haze,moderate,none,0.5445425510406494,clean
PaDiM,MVTec-AD,carpet,456,degradation,fog_haze,severe,none,0.5427367687225342,clean
PaDiM,MVTec-AD,carpet,456,rescue,fog_haze,severe,Dehaze (Dark Channel),0.545545756816864,clean
PaDiM,MVTec-AD,grid,42,baseline,clean,none,none,0.920634925365448,clean
PaDiM,MVTec-AD,grid,42,degradation,low_light,mild,none,0.8354219198226929,clean
PaDiM,MVTec-AD,grid,42,degradation,low_light,moderate,none,0.8730158805847168,clean
PaDiM,MVTec-AD,grid,42,degradation,low_light,severe,none,0.8070175647735596,clean
PaDiM,MVTec-AD,grid,42,rescue,low_light,severe,CLAHE,0.7886382341384888,clean
PaDiM,MVTec-AD,grid,42,rescue,low_light,severe,Retinex,0.2418546378612518,clean
PaDiM,MVTec-AD,grid,42,degradation,gaussian_blur,mild,none,0.8897243738174438,clean
PaDiM,MVTec-AD,grid,42,degradation,gaussian_blur,moderate,none,0.8521302938461304,clean
PaDiM,MVTec-AD,grid,42,degradation,gaussian_blur,severe,none,0.8830409646034241,clean
PaDiM,MVTec-AD,grid,42,rescue,gaussian_blur,severe,Wiener,0.4649122953414917,clean
PaDiM,MVTec-AD,grid,42,degradation,motion_blur,mild,none,0.6992481350898743,clean
PaDiM,MVTec-AD,grid,42,degradation,motion_blur,moderate,none,0.5747702717781067,clean
PaDiM,MVTec-AD,grid,42,degradation,motion_blur,severe,none,0.5430241823196411,clean
PaDiM,MVTec-AD,grid,42,rescue,motion_blur,severe,Wiener (Motion PSF),0.5827067494392395,clean
PaDiM,MVTec-AD,grid,42,degradation,sensor_noise,mild,none,0.4352547824382782,clean
PaDiM,MVTec-AD,grid,42,degradation,sensor_noise,moderate,none,0.4954051375389099,clean
PaDiM,MVTec-AD,grid,42,degradation,sensor_noise,severe,none,0.4795321524143219,clean
PaDiM,MVTec-AD,grid,42,rescue,sensor_noise,severe,NLM Denoise,0.6641603708267212,clean
PaDiM,MVTec-AD,grid,42,degradation,fog_haze,mild,none,0.791979968547821,clean
PaDiM,MVTec-AD,grid,42,degradation,fog_haze,moderate,none,0.6040099859237671,clean
PaDiM,MVTec-AD,grid,42,degradation,fog_haze,severe,none,0.4381787478923797,clean
PaDiM,MVTec-AD,grid,42,rescue,fog_haze,severe,Dehaze (Dark Channel),0.347953200340271,clean
PaDiM,MVTec-AD,grid,123,baseline,clean,none,none,0.9281537532806396,clean
PaDiM,MVTec-AD,grid,123,degradation,low_light,mild,none,0.7284878492355347,clean
PaDiM,MVTec-AD,grid,123,degradation,low_light,moderate,none,0.7786132097244263,clean
PaDiM,MVTec-AD,grid,123,degradation,low_light,severe,none,0.7360066175460815,clean
PaDiM,MVTec-AD,grid,123,rescue,low_light,severe,CLAHE,0.6783626079559326,clean
PaDiM,MVTec-AD,grid,123,rescue,low_light,severe,Retinex,0.682121992111206,clean
PaDiM,MVTec-AD,grid,123,degradation,gaussian_blur,mild,none,0.9064327478408812,clean
PaDiM,MVTec-AD,grid,123,degradation,gaussian_blur,moderate,none,0.5346699953079224,clean
PaDiM,MVTec-AD,grid,123,degradation,gaussian_blur,severe,none,0.4870509505271911,clean
PaDiM,MVTec-AD,grid,123,rescue,gaussian_blur,severe,Wiener,0.5,clean
PaDiM,MVTec-AD,grid,123,degradation,motion_blur,mild,none,0.7710943818092346,clean
PaDiM,MVTec-AD,grid,123,degradation,motion_blur,moderate,none,0.6491228342056274,clean
PaDiM,MVTec-AD,grid,123,degradation,motion_blur,severe,none,0.6253132820129395,clean
PaDiM,MVTec-AD,grid,123,rescue,motion_blur,severe,Wiener (Motion PSF),0.5012531280517578,clean
PaDiM,MVTec-AD,grid,123,degradation,sensor_noise,mild,none,0.7410192489624023,clean
PaDiM,MVTec-AD,grid,123,degradation,sensor_noise,moderate,none,0.7886382341384888,clean
PaDiM,MVTec-AD,grid,123,degradation,sensor_noise,severe,none,0.7326650023460388,clean
PaDiM,MVTec-AD,grid,123,rescue,sensor_noise,severe,NLM Denoise,0.5284043550491333,clean
PaDiM,MVTec-AD,grid,123,degradation,fog_haze,mild,none,0.8370926976203918,clean
PaDiM,MVTec-AD,grid,123,degradation,fog_haze,moderate,none,0.5513784289360046,clean
PaDiM,MVTec-AD,grid,123,degradation,fog_haze,severe,none,0.4043442010879516,clean
PaDiM,MVTec-AD,grid,123,rescue,fog_haze,severe,Dehaze (Dark Channel),0.4235588908195495,clean
PaDiM,MVTec-AD,grid,456,baseline,clean,none,none,0.9732665419578552,clean
PaDiM,MVTec-AD,grid,456,degradation,low_light,mild,none,0.9431913495063782,clean
PaDiM,MVTec-AD,grid,456,degradation,low_light,moderate,none,0.9097744226455688,clean
PaDiM,MVTec-AD,grid,456,degradation,low_light,severe,none,0.8262322545051575,clean
PaDiM,MVTec-AD,grid,456,rescue,low_light,severe,CLAHE,0.7994987368583679,clean
PaDiM,MVTec-AD,grid,456,rescue,low_light,severe,Retinex,0.8011695742607117,clean
PaDiM,MVTec-AD,grid,456,degradation,gaussian_blur,mild,none,0.6750208735466003,clean
PaDiM,MVTec-AD,grid,456,degradation,gaussian_blur,moderate,none,0.5455304980278015,clean
PaDiM,MVTec-AD,grid,456,degradation,gaussian_blur,severe,none,0.5680869221687317,clean
PaDiM,MVTec-AD,grid,456,rescue,gaussian_blur,severe,Wiener,0.5,clean
PaDiM,MVTec-AD,grid,456,degradation,motion_blur,mild,none,0.6023391485214233,clean
PaDiM,MVTec-AD,grid,456,degradation,motion_blur,moderate,none,0.5142021775245667,clean
PaDiM,MVTec-AD,grid,456,degradation,motion_blur,severe,none,0.5221387147903442,clean
PaDiM,MVTec-AD,grid,456,rescue,motion_blur,severe,Wiener (Motion PSF),0.5296574831008911,clean
PaDiM,MVTec-AD,grid,456,degradation,sensor_noise,mild,none,0.79365074634552,clean
PaDiM,MVTec-AD,grid,456,degradation,sensor_noise,moderate,none,0.6315789222717285,clean
PaDiM,MVTec-AD,grid,456,degradation,sensor_noise,severe,none,0.5238094925880432,clean
PaDiM,MVTec-AD,grid,456,rescue,sensor_noise,severe,NLM Denoise,0.4845446646213531,clean
PaDiM,MVTec-AD,grid,456,degradation,fog_haze,mild,none,0.6691729426383972,clean
PaDiM,MVTec-AD,grid,456,degradation,fog_haze,moderate,none,0.5446950197219849,clean
PaDiM,MVTec-AD,grid,456,degradation,fog_haze,severe,none,0.5054302215576172,clean
PaDiM,MVTec-AD,grid,456,rescue,fog_haze,severe,Dehaze (Dark Channel),0.3366750180721283,clean
PaDiM,MVTec-AD,hazelnut,42,baseline,clean,none,none,0.8896428942680359,clean
PaDiM,MVTec-AD,hazelnut,42,degradation,low_light,mild,none,0.760357141494751,clean
PaDiM,MVTec-AD,hazelnut,42,degradation,low_light,moderate,none,0.5924999713897705,clean
PaDiM,MVTec-AD,hazelnut,42,degradation,low_light,severe,none,0.5,clean
PaDiM,MVTec-AD,hazelnut,42,rescue,low_light,severe,CLAHE,0.5,clean
PaDiM,MVTec-AD,hazelnut,42,rescue,low_light,severe,Retinex,0.7157143354415894,clean
PaDiM,MVTec-AD,hazelnut,42,degradation,gaussian_blur,mild,none,0.7953571081161499,clean
PaDiM,MVTec-AD,hazelnut,42,degradation,gaussian_blur,moderate,none,0.4746428430080414,clean
PaDiM,MVTec-AD,hazelnut,42,degradation,gaussian_blur,severe,none,0.5,clean
PaDiM,MVTec-AD,hazelnut,42,rescue,gaussian_blur,severe,Wiener,0.5,clean
PaDiM,MVTec-AD,hazelnut,42,degradation,motion_blur,mild,none,0.6521428227424622,clean
PaDiM,MVTec-AD,hazelnut,42,degradation,motion_blur,moderate,none,0.5448214411735535,clean
PaDiM,MVTec-AD,hazelnut,42,degradation,motion_blur,severe,none,0.470714271068573,clean
PaDiM,MVTec-AD,hazelnut,42,rescue,motion_blur,severe,Wiener (Motion PSF),0.4521428644657135,clean
PaDiM,MVTec-AD,hazelnut,42,degradation,sensor_noise,mild,none,0.4807142913341522,clean
PaDiM,MVTec-AD,hazelnut,42,degradation,sensor_noise,moderate,none,0.5012499690055847,clean
PaDiM,MVTec-AD,hazelnut,42,degradation,sensor_noise,severe,none,0.512499988079071,clean
PaDiM,MVTec-AD,hazelnut,42,rescue,sensor_noise,severe,NLM Denoise,0.5732142925262451,clean
PaDiM,MVTec-AD,hazelnut,42,degradation,fog_haze,mild,none,0.4789285659790039,clean
PaDiM,MVTec-AD,hazelnut,42,degradation,fog_haze,moderate,none,0.5,clean
PaDiM,MVTec-AD,hazelnut,42,degradation,fog_haze,severe,none,0.5,clean
PaDiM,MVTec-AD,hazelnut,42,rescue,fog_haze,severe,Dehaze (Dark Channel),0.5,clean
PaDiM,MVTec-AD,hazelnut,123,baseline,clean,none,none,0.8924999833106995,clean
PaDiM,MVTec-AD,hazelnut,123,degradation,low_light,mild,none,0.8335714340209961,clean
PaDiM,MVTec-AD,hazelnut,123,degradation,low_light,moderate,none,0.616428554058075,clean
PaDiM,MVTec-AD,hazelnut,123,degradation,low_light,severe,none,0.5242856740951538,clean
PaDiM,MVTec-AD,hazelnut,123,rescue,low_light,severe,CLAHE,0.4342857003211975,clean
PaDiM,MVTec-AD,hazelnut,123,rescue,low_light,severe,Retinex,0.614642858505249,clean
PaDiM,MVTec-AD,hazelnut,123,degradation,gaussian_blur,mild,none,0.5810713768005371,clean
PaDiM,MVTec-AD,hazelnut,123,degradation,gaussian_blur,moderate,none,0.4814285635948181,clean
PaDiM,MVTec-AD,hazelnut,123,degradation,gaussian_blur,severe,none,0.5803571343421936,clean
PaDiM,MVTec-AD,hazelnut,123,rescue,gaussian_blur,severe,Wiener,0.5692857503890991,clean
PaDiM,MVTec-AD,hazelnut,123,degradation,motion_blur,mild,none,0.6324999928474426,clean
PaDiM,MVTec-AD,hazelnut,123,degradation,motion_blur,moderate,none,0.5998214483261108,clean
PaDiM,MVTec-AD,hazelnut,123,degradation,motion_blur,severe,none,0.6375000476837158,clean
PaDiM,MVTec-AD,hazelnut,123,rescue,motion_blur,severe,Wiener (Motion PSF),0.4860714077949524,clean
PaDiM,MVTec-AD,hazelnut,123,degradation,sensor_noise,mild,none,0.5321428775787354,clean
PaDiM,MVTec-AD,hazelnut,123,degradation,sensor_noise,moderate,none,0.5314285755157471,clean
PaDiM,MVTec-AD,hazelnut,123,degradation,sensor_noise,severe,none,0.5410714149475098,clean
PaDiM,MVTec-AD,hazelnut,123,rescue,sensor_noise,severe,NLM Denoise,0.4701785743236542,clean
PaDiM,MVTec-AD,hazelnut,123,degradation,fog_haze,mild,none,0.5625,clean
PaDiM,MVTec-AD,hazelnut,123,degradation,fog_haze,moderate,none,0.4662500023841858,clean
PaDiM,MVTec-AD,hazelnut,123,degradation,fog_haze,severe,none,0.5,clean
PaDiM,MVTec-AD,hazelnut,123,rescue,fog_haze,severe,Dehaze (Dark Channel),0.4953571557998657,clean
PaDiM,MVTec-AD,hazelnut,456,baseline,clean,none,none,0.8571428060531616,clean
PaDiM,MVTec-AD,hazelnut,456,degradation,low_light,mild,none,0.7285714149475098,clean
PaDiM,MVTec-AD,hazelnut,456,degradation,low_light,moderate,none,0.5,clean
PaDiM,MVTec-AD,hazelnut,456,degradation,low_light,severe,none,0.5,clean
PaDiM,MVTec-AD,hazelnut,456,rescue,low_light,severe,CLAHE,0.5,clean
PaDiM,MVTec-AD,hazelnut,456,rescue,low_light,severe,Retinex,0.7428570985794067,clean
PaDiM,MVTec-AD,hazelnut,456,degradation,gaussian_blur,mild,none,0.5994642972946167,clean
PaDiM,MVTec-AD,hazelnut,456,degradation,gaussian_blur,moderate,none,0.5099999904632568,clean
PaDiM,MVTec-AD,hazelnut,456,degradation,gaussian_blur,severe,none,0.4928571283817291,clean
PaDiM,MVTec-AD,hazelnut,456,rescue,gaussian_blur,severe,Wiener,0.5,clean
PaDiM,MVTec-AD,hazelnut,456,degradation,motion_blur,mild,none,0.4617857336997986,clean
PaDiM,MVTec-AD,hazelnut,456,degradation,motion_blur,moderate,none,0.512499988079071,clean
PaDiM,MVTec-AD,hazelnut,456,degradation,motion_blur,severe,none,0.5,clean
PaDiM,MVTec-AD,hazelnut,456,rescue,motion_blur,severe,Wiener (Motion PSF),0.5,clean
PaDiM,MVTec-AD,hazelnut,456,degradation,sensor_noise,mild,none,0.43857142329216,clean
PaDiM,MVTec-AD,hazelnut,456,degradation,sensor_noise,moderate,none,0.5,clean
PaDiM,MVTec-AD,hazelnut,456,degradation,sensor_noise,severe,none,0.5,clean
PaDiM,MVTec-AD,hazelnut,456,rescue,sensor_noise,severe,NLM Denoise,0.4471428394317627,clean
PaDiM,MVTec-AD,hazelnut,456,degradation,fog_haze,mild,none,0.5,clean
PaDiM,MVTec-AD,hazelnut,456,degradation,fog_haze,moderate,none,0.5,clean
PaDiM,MVTec-AD,hazelnut,456,degradation,fog_haze,severe,none,0.5,clean
PaDiM,MVTec-AD,hazelnut,456,rescue,fog_haze,severe,Dehaze (Dark Channel),0.5,clean
PaDiM,MVTec-AD,leather,42,baseline,clean,none,none,0.99286687374115,clean
PaDiM,MVTec-AD,leather,42,degradation,low_light,mild,none,0.940557062625885,clean
PaDiM,MVTec-AD,leather,42,degradation,low_light,moderate,none,0.9045516848564148,clean
PaDiM,MVTec-AD,leather,42,degradation,low_light,severe,none,0.90081524848938,clean
PaDiM,MVTec-AD,leather,42,rescue,low_light,severe,CLAHE,0.879755437374115,clean
PaDiM,MVTec-AD,leather,42,rescue,low_light,severe,Retinex,0.8909647464752197,clean
PaDiM,MVTec-AD,leather,42,degradation,gaussian_blur,mild,none,0.93919837474823,clean
PaDiM,MVTec-AD,leather,42,degradation,gaussian_blur,moderate,none,0.8413722515106201,clean
PaDiM,MVTec-AD,leather,42,degradation,gaussian_blur,severe,none,0.66966712474823,clean
PaDiM,MVTec-AD,leather,42,rescue,gaussian_blur,severe,Wiener,0.4555026888847351,clean
PaDiM,MVTec-AD,leather,42,degradation,motion_blur,mild,none,0.9368206858634948,clean
PaDiM,MVTec-AD,leather,42,degradation,motion_blur,moderate,none,0.8739809989929199,clean
PaDiM,MVTec-AD,leather,42,degradation,motion_blur,severe,none,0.8573369383811951,clean
PaDiM,MVTec-AD,leather,42,rescue,motion_blur,severe,Wiener (Motion PSF),0.7615488767623901,clean
PaDiM,MVTec-AD,leather,42,degradation,sensor_noise,mild,none,0.7601902484893799,clean
PaDiM,MVTec-AD,leather,42,degradation,sensor_noise,moderate,none,0.6745923757553101,clean
PaDiM,MVTec-AD,leather,42,degradation,sensor_noise,severe,none,0.6185462474822998,clean
PaDiM,MVTec-AD,leather,42,rescue,sensor_noise,severe,NLM Denoise,0.56861412525177,clean
PaDiM,MVTec-AD,leather,42,degradation,fog_haze,mild,none,0.6195652484893799,clean
PaDiM,MVTec-AD,leather,42,degradation,fog_haze,moderate,none,0.6044497489929199,clean
PaDiM,MVTec-AD,leather,42,degradation,fog_haze,severe,none,0.51341712474823,clean
PaDiM,MVTec-AD,leather,42,rescue,fog_haze,severe,Dehaze (Dark Channel),0.4633152484893799,clean
PaDiM,MVTec-AD,leather,123,baseline,clean,none,none,0.999660313129425,clean
PaDiM,MVTec-AD,leather,123,degradation,low_light,mild,none,0.9327446222305298,clean
PaDiM,MVTec-AD,leather,123,degradation,low_light,moderate,none,0.913722813129425,clean
PaDiM,MVTec-AD,leather,123,degradation,low_light,severe,none,0.92866849899292,clean
PaDiM,MVTec-AD,leather,123,rescue,low_light,severe,CLAHE,0.90013587474823,clean
PaDiM,MVTec-AD,leather,123,rescue,low_light,severe,Retinex,0.8165761232376099,clean
PaDiM,MVTec-AD,leather,123,degradation,gaussian_blur,mild,none,0.9833559393882751,clean
PaDiM,MVTec-AD,leather,123,degradation,gaussian_blur,moderate,none,0.83152174949646,clean
PaDiM,MVTec-AD,leather,123,degradation,gaussian_blur,severe,none,0.8913043141365051,clean
PaDiM,MVTec-AD,leather,123,rescue,gaussian_blur,severe,Wiener,0.5336277484893799,clean
PaDiM,MVTec-AD,leather,123,degradation,motion_blur,mild,none,0.9786006212234496,clean
PaDiM,MVTec-AD,leather,123,degradation,motion_blur,moderate,none,0.945652186870575,clean
PaDiM,MVTec-AD,leather,123,degradation,motion_blur,severe,none,0.86888587474823,clean
PaDiM,MVTec-AD,leather,123,rescue,motion_blur,severe,Wiener (Motion PSF),0.812160313129425,clean
PaDiM,MVTec-AD,leather,123,degradation,sensor_noise,mild,none,0.890285313129425,clean
PaDiM,MVTec-AD,leather,123,degradation,sensor_noise,moderate,none,0.868546187877655,clean
PaDiM,MVTec-AD,leather,123,degradation,sensor_noise,severe,none,0.8125,clean
PaDiM,MVTec-AD,leather,123,rescue,sensor_noise,severe,NLM Denoise,0.5940896272659302,clean
PaDiM,MVTec-AD,leather,123,degradation,fog_haze,mild,none,0.8366168141365051,clean
PaDiM,MVTec-AD,leather,123,degradation,fog_haze,moderate,none,0.6348505616188049,clean
PaDiM,MVTec-AD,leather,123,degradation,fog_haze,severe,none,0.625,clean
PaDiM,MVTec-AD,leather,123,rescue,fog_haze,severe,Dehaze (Dark Channel),0.4769021868705749,clean
PaDiM,MVTec-AD,leather,456,baseline,clean,none,none,1.0,clean
PaDiM,MVTec-AD,leather,456,degradation,low_light,mild,none,0.967391312122345,clean
PaDiM,MVTec-AD,leather,456,degradation,low_light,moderate,none,0.9317255020141602,clean
PaDiM,MVTec-AD,leather,456,degradation,low_light,severe,none,0.90081524848938,clean
PaDiM,MVTec-AD,leather,456,rescue,low_light,severe,CLAHE,0.8974184989929199,clean
PaDiM,MVTec-AD,leather,456,rescue,low_light,severe,Retinex,0.90523099899292,clean
PaDiM,MVTec-AD,leather,456,degradation,gaussian_blur,mild,none,0.9792799353599548,clean
PaDiM,MVTec-AD,leather,456,degradation,gaussian_blur,moderate,none,0.6873301267623901,clean
PaDiM,MVTec-AD,leather,456,degradation,gaussian_blur,severe,none,0.65013587474823,clean
PaDiM,MVTec-AD,leather,456,rescue,gaussian_blur,severe,Wiener,0.5,clean
PaDiM,MVTec-AD,leather,456,degradation,motion_blur,mild,none,0.94802987575531,clean
PaDiM,MVTec-AD,leather,456,degradation,motion_blur,moderate,none,0.8104619979858398,clean
PaDiM,MVTec-AD,leather,456,degradation,motion_blur,severe,none,0.811650812625885,clean
PaDiM,MVTec-AD,leather,456,rescue,motion_blur,severe,Wiener (Motion PSF),0.7917798757553101,clean
PaDiM,MVTec-AD,leather,456,degradation,sensor_noise,mild,none,0.98029887676239,clean
PaDiM,MVTec-AD,leather,456,degradation,sensor_noise,moderate,none,0.8804348111152649,clean
PaDiM,MVTec-AD,leather,456,degradation,sensor_noise,severe,none,0.8770380616188049,clean
PaDiM,MVTec-AD,leather,456,rescue,sensor_noise,severe,NLM Denoise,0.8418817520141602,clean
PaDiM,MVTec-AD,leather,456,degradation,fog_haze,mild,none,0.688349187374115,clean
PaDiM,MVTec-AD,leather,456,degradation,fog_haze,moderate,none,0.5,clean
PaDiM,MVTec-AD,leather,456,degradation,fog_haze,severe,none,0.5,clean
PaDiM,MVTec-AD,leather,456,rescue,fog_haze,severe,Dehaze (Dark Channel),0.5672553777694702,clean
PaDiM,MVTec-AD,metal_nut,42,baseline,clean,none,none,0.934995174407959,clean
PaDiM,MVTec-AD,metal_nut,42,degradation,low_light,mild,none,0.8426197171211243,clean
PaDiM,MVTec-AD,metal_nut,42,degradation,low_light,moderate,none,0.5869990587234497,clean
PaDiM,MVTec-AD,metal_nut,42,degradation,low_light,severe,none,0.5,clean
PaDiM,MVTec-AD,metal_nut,42,rescue,low_light,severe,CLAHE,0.5,clean
PaDiM,MVTec-AD,metal_nut,42,rescue,low_light,severe,Retinex,0.5,clean
PaDiM,MVTec-AD,metal_nut,42,degradation,gaussian_blur,mild,none,0.7023460865020752,clean
PaDiM,MVTec-AD,metal_nut,42,degradation,gaussian_blur,moderate,none,0.5058650970458984,clean
PaDiM,MVTec-AD,metal_nut,42,degradation,gaussian_blur,severe,none,0.5,clean
PaDiM,MVTec-AD,metal_nut,42,rescue,gaussian_blur,severe,Wiener,0.5,clean
PaDiM,MVTec-AD,metal_nut,42,degradation,motion_blur,mild,none,0.6111925840377808,clean
PaDiM,MVTec-AD,metal_nut,42,degradation,motion_blur,moderate,none,0.5,clean
PaDiM,MVTec-AD,metal_nut,42,degradation,motion_blur,severe,none,0.5,clean
PaDiM,MVTec-AD,metal_nut,42,rescue,motion_blur,severe,Wiener (Motion PSF),0.5114858150482178,clean
PaDiM,MVTec-AD,metal_nut,42,degradation,sensor_noise,mild,none,0.5,clean
PaDiM,MVTec-AD,metal_nut,42,degradation,sensor_noise,moderate,none,0.5,clean
PaDiM,MVTec-AD,metal_nut,42,degradation,sensor_noise,severe,none,0.5,clean
PaDiM,MVTec-AD,metal_nut,42,rescue,sensor_noise,severe,NLM Denoise,0.4882698059082031,clean
PaDiM,MVTec-AD,metal_nut,42,degradation,fog_haze,mild,none,0.5227272510528564,clean
PaDiM,MVTec-AD,metal_nut,42,degradation,fog_haze,moderate,none,0.5,clean
PaDiM,MVTec-AD,metal_nut,42,degradation,fog_haze,severe,none,0.5,clean
PaDiM,MVTec-AD,metal_nut,42,rescue,fog_haze,severe,Dehaze (Dark Channel),0.5,clean
PaDiM,MVTec-AD,metal_nut,123,baseline,clean,none,none,0.908113420009613,clean
PaDiM,MVTec-AD,metal_nut,123,degradation,low_light,mild,none,0.9100683927536012,clean
PaDiM,MVTec-AD,metal_nut,123,degradation,low_light,moderate,none,0.6412512063980103,clean
PaDiM,MVTec-AD,metal_nut,123,degradation,low_light,severe,none,0.6901270151138306,clean
PaDiM,MVTec-AD,metal_nut,123,rescue,low_light,severe,CLAHE,0.6568914651870728,clean
PaDiM,MVTec-AD,metal_nut,123,rescue,low_light,severe,Retinex,0.5723362565040588,clean
PaDiM,MVTec-AD,metal_nut,123,degradation,gaussian_blur,mild,none,0.5581622123718262,clean
PaDiM,MVTec-AD,metal_nut,123,degradation,gaussian_blur,moderate,none,0.5303030014038086,clean
PaDiM,MVTec-AD,metal_nut,123,degradation,gaussian_blur,severe,none,0.4946236610412597,clean
PaDiM,MVTec-AD,metal_nut,123,rescue,gaussian_blur,severe,Wiener,0.5,clean
PaDiM,MVTec-AD,metal_nut,123,degradation,motion_blur,mild,none,0.723607063293457,clean
PaDiM,MVTec-AD,metal_nut,123,degradation,motion_blur,moderate,none,0.6722874045372009,clean
PaDiM,MVTec-AD,metal_nut,123,degradation,motion_blur,severe,none,0.5,clean
PaDiM,MVTec-AD,metal_nut,123,rescue,motion_blur,severe,Wiener (Motion PSF),0.4462365508079529,clean
PaDiM,MVTec-AD,metal_nut,123,degradation,sensor_noise,mild,none,0.5826001167297363,clean
PaDiM,MVTec-AD,metal_nut,123,degradation,sensor_noise,moderate,none,0.7536656856536865,clean
PaDiM,MVTec-AD,metal_nut,123,degradation,sensor_noise,severe,none,0.6813294291496277,clean
PaDiM,MVTec-AD,metal_nut,123,rescue,sensor_noise,severe,NLM Denoise,0.5334799289703369,clean
PaDiM,MVTec-AD,metal_nut,123,degradation,fog_haze,mild,none,0.5940859913825989,clean
PaDiM,MVTec-AD,metal_nut,123,degradation,fog_haze,moderate,none,0.5283479690551758,clean
PaDiM,MVTec-AD,metal_nut,123,degradation,fog_haze,severe,none,0.5,clean
PaDiM,MVTec-AD,metal_nut,123,rescue,fog_haze,severe,Dehaze (Dark Channel),0.5,clean
PaDiM,MVTec-AD,metal_nut,456,baseline,clean,none,none,0.95650053024292,clean
PaDiM,MVTec-AD,metal_nut,456,degradation,low_light,mild,none,0.8880743384361267,clean
PaDiM,MVTec-AD,metal_nut,456,degradation,low_light,moderate,none,0.6388074159622192,clean
PaDiM,MVTec-AD,metal_nut,456,degradation,low_light,severe,none,0.5,clean
PaDiM,MVTec-AD,metal_nut,456,rescue,low_light,severe,CLAHE,0.5437438488006592,clean
PaDiM,MVTec-AD,metal_nut,456,rescue,low_light,severe,Retinex,0.6314760446548462,clean
PaDiM,MVTec-AD,metal_nut,456,degradation,gaussian_blur,mild,none,0.7783479690551758,clean
PaDiM,MVTec-AD,metal_nut,456,degradation,gaussian_blur,moderate,none,0.5298143029212952,clean
PaDiM,MVTec-AD,metal_nut,456,degradation,gaussian_blur,severe,none,0.5,clean
PaDiM,MVTec-AD,metal_nut,456,rescue,gaussian_blur,severe,Wiener,0.5,clean
PaDiM,MVTec-AD,metal_nut,456,degradation,motion_blur,mild,none,0.5740469098091125,clean
PaDiM,MVTec-AD,metal_nut,456,degradation,motion_blur,moderate,none,0.5,clean
PaDiM,MVTec-AD,metal_nut,456,degradation,motion_blur,severe,none,0.5,clean
PaDiM,MVTec-AD,metal_nut,456,rescue,motion_blur,severe,Wiener (Motion PSF),0.5,clean
PaDiM,MVTec-AD,metal_nut,456,degradation,sensor_noise,mild,none,0.56256103515625,clean
PaDiM,MVTec-AD,metal_nut,456,degradation,sensor_noise,moderate,none,0.4816715717315674,clean
PaDiM,MVTec-AD,metal_nut,456,degradation,sensor_noise,severe,none,0.5058650970458984,clean
PaDiM,MVTec-AD,metal_nut,456,rescue,sensor_noise,severe,NLM Denoise,0.5002444386482239,clean
PaDiM,MVTec-AD,metal_nut,456,degradation,fog_haze,mild,none,0.528836727142334,clean
PaDiM,MVTec-AD,metal_nut,456,degradation,fog_haze,moderate,none,0.5,clean
PaDiM,MVTec-AD,metal_nut,456,degradation,fog_haze,severe,none,0.5,clean
PaDiM,MVTec-AD,metal_nut,456,rescue,fog_haze,severe,Dehaze (Dark Channel),0.5,clean
PaDiM,MVTec-AD,pill,42,baseline,clean,none,none,0.8213311433792114,clean
PaDiM,MVTec-AD,pill,42,degradation,low_light,mild,none,0.5062738656997681,clean
PaDiM,MVTec-AD,pill,42,degradation,low_light,moderate,none,0.3216038942337036,clean
PaDiM,MVTec-AD,pill,42,degradation,low_light,severe,none,0.4353518784046173,clean
PaDiM,MVTec-AD,pill,42,rescue,low_light,severe,CLAHE,0.4986360967159271,clean
PaDiM,MVTec-AD,pill,42,rescue,low_light,severe,Retinex,0.5390071272850037,clean
PaDiM,MVTec-AD,pill,42,degradation,gaussian_blur,mild,none,0.6276595592498779,clean
PaDiM,MVTec-AD,pill,42,degradation,gaussian_blur,moderate,none,0.4672667980194092,clean
PaDiM,MVTec-AD,pill,42,degradation,gaussian_blur,severe,none,0.4746317267417907,clean
PaDiM,MVTec-AD,pill,42,rescue,gaussian_blur,severe,Wiener,0.5141844153404236,clean
PaDiM,MVTec-AD,pill,42,degradation,motion_blur,mild,none,0.4369885325431824,clean
PaDiM,MVTec-AD,pill,42,degradation,motion_blur,moderate,none,0.5100927352905273,clean
PaDiM,MVTec-AD,pill,42,degradation,motion_blur,severe,none,0.5,clean
PaDiM,MVTec-AD,pill,42,rescue,motion_blur,severe,Wiener (Motion PSF),0.4549918174743652,clean
PaDiM,MVTec-AD,pill,42,degradation,sensor_noise,mild,none,0.4704037010669708,clean
PaDiM,MVTec-AD,pill,42,degradation,sensor_noise,moderate,none,0.4882705807685852,clean
PaDiM,MVTec-AD,pill,42,degradation,sensor_noise,severe,none,0.4803600907325744,clean
PaDiM,MVTec-AD,pill,42,rescue,sensor_noise,severe,NLM Denoise,0.5504637360572815,clean
PaDiM,MVTec-AD,pill,42,degradation,fog_haze,mild,none,0.5512820482254028,clean
PaDiM,MVTec-AD,pill,42,degradation,fog_haze,moderate,none,0.5587834119796753,clean
PaDiM,MVTec-AD,pill,42,degradation,fog_haze,severe,none,0.4131205677986145,clean
PaDiM,MVTec-AD,pill,42,rescue,fog_haze,severe,Dehaze (Dark Channel),0.4716311991214752,clean
PaDiM,MVTec-AD,pill,123,baseline,clean,none,none,0.8709765076637268,clean
PaDiM,MVTec-AD,pill,123,degradation,low_light,mild,none,0.5853791832923889,clean
PaDiM,MVTec-AD,pill,123,degradation,low_light,moderate,none,0.4615384638309479,clean
PaDiM,MVTec-AD,pill,123,degradation,low_light,severe,none,0.5010911226272583,clean
PaDiM,MVTec-AD,pill,123,rescue,low_light,severe,CLAHE,0.4900436699390411,clean
PaDiM,MVTec-AD,pill,123,rescue,low_light,severe,Retinex,0.5,clean
PaDiM,MVTec-AD,pill,123,degradation,gaussian_blur,mild,none,0.5964266061782837,clean
PaDiM,MVTec-AD,pill,123,degradation,gaussian_blur,moderate,none,0.5,clean
PaDiM,MVTec-AD,pill,123,degradation,gaussian_blur,severe,none,0.5,clean
PaDiM,MVTec-AD,pill,123,rescue,gaussian_blur,severe,Wiener,0.5,clean
PaDiM,MVTec-AD,pill,123,degradation,motion_blur,mild,none,0.5013638734817505,clean
PaDiM,MVTec-AD,pill,123,degradation,motion_blur,moderate,none,0.5,clean
PaDiM,MVTec-AD,pill,123,degradation,motion_blur,severe,none,0.5,clean
PaDiM,MVTec-AD,pill,123,rescue,motion_blur,severe,Wiener (Motion PSF),0.5,clean
PaDiM,MVTec-AD,pill,123,degradation,sensor_noise,mild,none,0.4545826613903045,clean
PaDiM,MVTec-AD,pill,123,degradation,sensor_noise,moderate,none,0.5951991081237793,clean
PaDiM,MVTec-AD,pill,123,degradation,sensor_noise,severe,none,0.486497551202774,clean
PaDiM,MVTec-AD,pill,123,rescue,sensor_noise,severe,NLM Denoise,0.5,clean
PaDiM,MVTec-AD,pill,123,degradation,fog_haze,mild,none,0.4680851101875305,clean
PaDiM,MVTec-AD,pill,123,degradation,fog_haze,moderate,none,0.5,clean
PaDiM,MVTec-AD,pill,123,degradation,fog_haze,severe,none,0.5,clean
PaDiM,MVTec-AD,pill,123,rescue,fog_haze,severe,Dehaze (Dark Channel),0.5,clean
PaDiM,MVTec-AD,pill,456,baseline,clean,none,none,0.9298964142799376,clean
PaDiM,MVTec-AD,pill,456,degradation,low_light,mild,none,0.5073649883270264,clean
PaDiM,MVTec-AD,pill,456,degradation,low_light,moderate,none,0.4809056222438812,clean
PaDiM,MVTec-AD,pill,456,degradation,low_light,severe,none,0.5,clean
PaDiM,MVTec-AD,pill,456,rescue,low_light,severe,CLAHE,0.5,clean
PaDiM,MVTec-AD,pill,456,rescue,low_light,severe,Retinex,0.6565739512443542,clean
PaDiM,MVTec-AD,pill,456,degradation,gaussian_blur,mild,none,0.6260229349136353,clean
PaDiM,MVTec-AD,pill,456,degradation,gaussian_blur,moderate,none,0.5733769536018372,clean
PaDiM,MVTec-AD,pill,456,degradation,gaussian_blur,severe,none,0.5546917915344238,clean
PaDiM,MVTec-AD,pill,456,rescue,gaussian_blur,severe,Wiener,0.5,clean
PaDiM,MVTec-AD,pill,456,degradation,motion_blur,mild,none,0.478723406791687,clean
PaDiM,MVTec-AD,pill,456,degradation,motion_blur,moderate,none,0.5,clean
PaDiM,MVTec-AD,pill,456,degradation,motion_blur,severe,none,0.5,clean
PaDiM,MVTec-AD,pill,456,rescue,motion_blur,severe,Wiener (Motion PSF),0.4929077923297882,clean
PaDiM,MVTec-AD,pill,456,degradation,sensor_noise,mild,none,0.5900163650512695,clean
PaDiM,MVTec-AD,pill,456,degradation,sensor_noise,moderate,none,0.5,clean
PaDiM,MVTec-AD,pill,456,degradation,sensor_noise,severe,none,0.5,clean
PaDiM,MVTec-AD,pill,456,rescue,sensor_noise,severe,NLM Denoise,0.545417308807373,clean
PaDiM,MVTec-AD,pill,456,degradation,fog_haze,mild,none,0.4858156144618988,clean
PaDiM,MVTec-AD,pill,456,degradation,fog_haze,moderate,none,0.5,clean
PaDiM,MVTec-AD,pill,456,degradation,fog_haze,severe,none,0.5,clean
PaDiM,MVTec-AD,pill,456,rescue,fog_haze,severe,Dehaze (Dark Channel),0.5,clean
PaDiM,MVTec-AD,screw,42,baseline,clean,none,none,0.6935847401618958,clean
PaDiM,MVTec-AD,screw,42,degradation,low_light,mild,none,0.5,clean
PaDiM,MVTec-AD,screw,42,degradation,low_light,moderate,none,0.520188570022583,clean
PaDiM,MVTec-AD,screw,42,degradation,low_light,severe,none,0.4761221408843994,clean
PaDiM,MVTec-AD,screw,42,rescue,low_light,severe,CLAHE,0.5121951103210449,clean
PaDiM,MVTec-AD,screw,42,rescue,low_light,severe,Retinex,0.2377536445856094,clean
PaDiM,MVTec-AD,screw,42,degradation,gaussian_blur,mild,none,0.5642549991607666,clean
PaDiM,MVTec-AD,screw,42,degradation,gaussian_blur,moderate,none,0.5,clean
PaDiM,MVTec-AD,screw,42,degradation,gaussian_blur,severe,none,0.5,clean
PaDiM,MVTec-AD,screw,42,rescue,gaussian_blur,severe,Wiener,0.5,clean
PaDiM,MVTec-AD,screw,42,degradation,motion_blur,mild,none,0.6040172576904297,clean
PaDiM,MVTec-AD,screw,42,degradation,motion_blur,moderate,none,0.5,clean
PaDiM,MVTec-AD,screw,42,degradation,motion_blur,severe,none,0.5,clean
PaDiM,MVTec-AD,screw,42,rescue,motion_blur,severe,Wiener (Motion PSF),0.5983808636665344,clean
PaDiM,MVTec-AD,screw,42,degradation,sensor_noise,mild,none,0.5,clean
PaDiM,MVTec-AD,screw,42,degradation,sensor_noise,moderate,none,0.5,clean
PaDiM,MVTec-AD,screw,42,degradation,sensor_noise,severe,none,0.5,clean
PaDiM,MVTec-AD,screw,42,rescue,sensor_noise,severe,NLM Denoise,0.4500922560691833,clean
PaDiM,MVTec-AD,screw,42,degradation,fog_haze,mild,none,0.4123795926570892,clean
PaDiM,MVTec-AD,screw,42,degradation,fog_haze,moderate,none,0.4159663915634155,clean
PaDiM,MVTec-AD,screw,42,degradation,fog_haze,severe,none,0.4915966391563415,clean
PaDiM,MVTec-AD,screw,42,rescue,fog_haze,severe,Dehaze (Dark Channel),0.5,clean
PaDiM,MVTec-AD,screw,123,baseline,clean,none,none,0.7021931409835815,clean
PaDiM,MVTec-AD,screw,123,degradation,low_light,mild,none,0.5087108016014099,clean
PaDiM,MVTec-AD,screw,123,degradation,low_light,moderate,none,0.4873949587345123,clean
PaDiM,MVTec-AD,screw,123,degradation,low_light,severe,none,0.5523672699928284,clean
PaDiM,MVTec-AD,screw,123,rescue,low_light,severe,CLAHE,0.5,clean
PaDiM,MVTec-AD,screw,123,rescue,low_light,severe,Retinex,0.4492723941802978,clean
PaDiM,MVTec-AD,screw,123,degradation,gaussian_blur,mild,none,0.6058619022369385,clean
PaDiM,MVTec-AD,screw,123,degradation,gaussian_blur,moderate,none,0.5,clean
PaDiM,MVTec-AD,screw,123,degradation,gaussian_blur,severe,none,0.5,clean
PaDiM,MVTec-AD,screw,123,rescue,gaussian_blur,severe,Wiener,0.5,clean
PaDiM,MVTec-AD,screw,123,degradation,motion_blur,mild,none,0.6597663164138794,clean
PaDiM,MVTec-AD,screw,123,degradation,motion_blur,moderate,none,0.5587210655212402,clean
PaDiM,MVTec-AD,screw,123,degradation,motion_blur,severe,none,0.4964132010936737,clean
PaDiM,MVTec-AD,screw,123,rescue,motion_blur,severe,Wiener (Motion PSF),0.6015576720237732,clean
PaDiM,MVTec-AD,screw,123,degradation,sensor_noise,mild,none,0.483808159828186,clean
PaDiM,MVTec-AD,screw,123,degradation,sensor_noise,moderate,none,0.4764296412467956,clean
PaDiM,MVTec-AD,screw,123,degradation,sensor_noise,severe,none,0.4392293691635132,clean
PaDiM,MVTec-AD,screw,123,rescue,sensor_noise,severe,NLM Denoise,0.5,clean
PaDiM,MVTec-AD,screw,123,degradation,fog_haze,mild,none,0.5054314136505127,clean
PaDiM,MVTec-AD,screw,123,degradation,fog_haze,moderate,none,0.4361549615859985,clean
PaDiM,MVTec-AD,screw,123,degradation,fog_haze,severe,none,0.4957983195781708,clean
PaDiM,MVTec-AD,screw,123,rescue,fog_haze,severe,Dehaze (Dark Channel),0.5,clean
PaDiM,MVTec-AD,screw,456,baseline,clean,none,none,0.7042426466941833,clean
PaDiM,MVTec-AD,screw,456,degradation,low_light,mild,none,0.3546833395957947,clean
PaDiM,MVTec-AD,screw,456,degradation,low_light,moderate,none,0.392908364534378,clean
PaDiM,MVTec-AD,screw,456,degradation,low_light,severe,none,0.6831318140029907,clean
PaDiM,MVTec-AD,screw,456,rescue,low_light,severe,CLAHE,0.4789915978908539,clean
PaDiM,MVTec-AD,screw,456,rescue,low_light,severe,Retinex,0.5078909397125244,clean
PaDiM,MVTec-AD,screw,456,degradation,gaussian_blur,mild,none,0.4830907881259918,clean
PaDiM,MVTec-AD,screw,456,degradation,gaussian_blur,moderate,none,0.5,clean
PaDiM,MVTec-AD,screw,456,degradation,gaussian_blur,severe,none,0.5,clean
PaDiM,MVTec-AD,screw,456,rescue,gaussian_blur,severe,Wiener,0.5,clean
PaDiM,MVTec-AD,screw,456,degradation,motion_blur,mild,none,0.5013322234153748,clean
PaDiM,MVTec-AD,screw,456,degradation,motion_blur,moderate,none,0.4957983195781708,clean
PaDiM,MVTec-AD,screw,456,degradation,motion_blur,severe,none,0.5,clean
PaDiM,MVTec-AD,screw,456,rescue,motion_blur,severe,Wiener (Motion PSF),0.5243902206420898,clean
PaDiM,MVTec-AD,screw,456,degradation,sensor_noise,mild,none,0.5,clean
PaDiM,MVTec-AD,screw,456,degradation,sensor_noise,moderate,none,0.5,clean
PaDiM,MVTec-AD,screw,456,degradation,sensor_noise,severe,none,0.5,clean
PaDiM,MVTec-AD,screw,456,rescue,sensor_noise,severe,NLM Denoise,0.4957983195781708,clean
PaDiM,MVTec-AD,screw,456,degradation,fog_haze,mild,none,0.5,clean
PaDiM,MVTec-AD,screw,456,degradation,fog_haze,moderate,none,0.5,clean
PaDiM,MVTec-AD,screw,456,degradation,fog_haze,severe,none,0.5,clean
PaDiM,MVTec-AD,screw,456,rescue,fog_haze,severe,Dehaze (Dark Channel),0.5,clean
PaDiM,MVTec-AD,tile,42,baseline,clean,none,none,0.9956709146499634,clean
PaDiM,MVTec-AD,tile,42,degradation,low_light,mild,none,0.9617604613304138,clean
PaDiM,MVTec-AD,tile,42,degradation,low_light,moderate,none,0.9689754843711852,clean
PaDiM,MVTec-AD,tile,42,degradation,low_light,severe,none,0.9531024694442748,clean
PaDiM,MVTec-AD,tile,42,rescue,low_light,severe,CLAHE,0.9321789741516112,clean
PaDiM,MVTec-AD,tile,42,rescue,low_light,severe,Retinex,0.926406979560852,clean
PaDiM,MVTec-AD,tile,42,degradation,gaussian_blur,mild,none,0.8535354137420654,clean
PaDiM,MVTec-AD,tile,42,degradation,gaussian_blur,moderate,none,0.6150793433189392,clean
PaDiM,MVTec-AD,tile,42,degradation,gaussian_blur,severe,none,0.5569985508918762,clean
PaDiM,MVTec-AD,tile,42,rescue,gaussian_blur,severe,Wiener,0.4485930800437927,clean
PaDiM,MVTec-AD,tile,42,degradation,motion_blur,mild,none,0.8849207162857056,clean
PaDiM,MVTec-AD,tile,42,degradation,motion_blur,moderate,none,0.658730149269104,clean
PaDiM,MVTec-AD,tile,42,degradation,motion_blur,severe,none,0.6450216770172119,clean
PaDiM,MVTec-AD,tile,42,rescue,motion_blur,severe,Wiener (Motion PSF),0.6363636255264282,clean
PaDiM,MVTec-AD,tile,42,degradation,sensor_noise,mild,none,0.7503607273101807,clean
PaDiM,MVTec-AD,tile,42,degradation,sensor_noise,moderate,none,0.658730149269104,clean
PaDiM,MVTec-AD,tile,42,degradation,sensor_noise,severe,none,0.6251803636550903,clean
PaDiM,MVTec-AD,tile,42,rescue,sensor_noise,severe,NLM Denoise,0.7471140027046204,clean
PaDiM,MVTec-AD,tile,42,degradation,fog_haze,mild,none,0.8715729117393494,clean
PaDiM,MVTec-AD,tile,42,degradation,fog_haze,moderate,none,0.7384560108184814,clean
PaDiM,MVTec-AD,tile,42,degradation,fog_haze,severe,none,0.6035353541374207,clean
PaDiM,MVTec-AD,tile,42,rescue,fog_haze,severe,Dehaze (Dark Channel),0.7095959186553955,clean
PaDiM,MVTec-AD,tile,123,baseline,clean,none,none,0.996031641960144,clean
PaDiM,MVTec-AD,tile,123,degradation,low_light,mild,none,0.9682539701461792,clean
PaDiM,MVTec-AD,tile,123,degradation,low_light,moderate,none,0.940115451812744,clean
PaDiM,MVTec-AD,tile,123,degradation,low_light,severe,none,0.9163059592247008,clean
PaDiM,MVTec-AD,tile,123,rescue,low_light,severe,CLAHE,0.9440836906433104,clean
PaDiM,MVTec-AD,tile,123,rescue,low_light,severe,Retinex,0.9765512943267822,clean
PaDiM,MVTec-AD,tile,123,degradation,gaussian_blur,mild,none,0.85317462682724,clean
PaDiM,MVTec-AD,tile,123,degradation,gaussian_blur,moderate,none,0.7610028982162476,clean
PaDiM,MVTec-AD,tile,123,degradation,gaussian_blur,severe,none,0.5588022470474243,clean
PaDiM,MVTec-AD,tile,123,rescue,gaussian_blur,severe,Wiener,0.4909812211990356,clean
PaDiM,MVTec-AD,tile,123,degradation,motion_blur,mild,none,0.7745310068130493,clean
PaDiM,MVTec-AD,tile,123,degradation,motion_blur,moderate,none,0.7528860569000244,clean
PaDiM,MVTec-AD,tile,123,degradation,motion_blur,severe,none,0.6280664205551147,clean
PaDiM,MVTec-AD,tile,123,rescue,motion_blur,severe,Wiener (Motion PSF),0.6233766078948975,clean
PaDiM,MVTec-AD,tile,123,degradation,sensor_noise,mild,none,0.9444444179534912,clean
PaDiM,MVTec-AD,tile,123,degradation,sensor_noise,moderate,none,0.8924963474273682,clean
PaDiM,MVTec-AD,tile,123,degradation,sensor_noise,severe,none,0.8055555820465088,clean
PaDiM,MVTec-AD,tile,123,rescue,sensor_noise,severe,NLM Denoise,0.8059163093566895,clean
PaDiM,MVTec-AD,tile,123,degradation,fog_haze,mild,none,0.8214285373687744,clean
PaDiM,MVTec-AD,tile,123,degradation,fog_haze,moderate,none,0.7813853025436401,clean
PaDiM,MVTec-AD,tile,123,degradation,fog_haze,severe,none,0.6316739320755005,clean
PaDiM,MVTec-AD,tile,123,rescue,fog_haze,severe,Dehaze (Dark Channel),0.6652235984802246,clean
PaDiM,MVTec-AD,tile,456,baseline,clean,none,none,0.994227945804596,clean
PaDiM,MVTec-AD,tile,456,degradation,low_light,mild,none,0.9877344369888306,clean
PaDiM,MVTec-AD,tile,456,degradation,low_light,moderate,none,0.9671717882156372,clean
PaDiM,MVTec-AD,tile,456,degradation,low_light,severe,none,0.9397546648979188,clean
PaDiM,MVTec-AD,tile,456,rescue,low_light,severe,CLAHE,0.958152949810028,clean
PaDiM,MVTec-AD,tile,456,rescue,low_light,severe,Retinex,0.9816017746925354,clean
PaDiM,MVTec-AD,tile,456,degradation,gaussian_blur,mild,none,0.9224387407302856,clean
PaDiM,MVTec-AD,tile,456,degradation,gaussian_blur,moderate,none,0.7857142686843872,clean
PaDiM,MVTec-AD,tile,456,degradation,gaussian_blur,severe,none,0.7799422740936279,clean
PaDiM,MVTec-AD,tile,456,rescue,gaussian_blur,severe,Wiener,0.5,clean
PaDiM,MVTec-AD,tile,456,degradation,motion_blur,mild,none,0.7052669525146484,clean
PaDiM,MVTec-AD,tile,456,degradation,motion_blur,moderate,none,0.5876623392105103,clean
PaDiM,MVTec-AD,tile,456,degradation,motion_blur,severe,none,0.660714328289032,clean
PaDiM,MVTec-AD,tile,456,rescue,motion_blur,severe,Wiener (Motion PSF),0.5869408249855042,clean
PaDiM,MVTec-AD,tile,456,degradation,sensor_noise,mild,none,0.927489161491394,clean
PaDiM,MVTec-AD,tile,456,degradation,sensor_noise,moderate,none,0.8560605645179749,clean
PaDiM,MVTec-AD,tile,456,degradation,sensor_noise,severe,none,0.7853535413742065,clean
PaDiM,MVTec-AD,tile,456,rescue,sensor_noise,severe,NLM Denoise,0.5804473161697388,clean
PaDiM,MVTec-AD,tile,456,degradation,fog_haze,mild,none,0.9509378671646118,clean
PaDiM,MVTec-AD,tile,456,degradation,fog_haze,moderate,none,0.8766233921051025,clean
PaDiM,MVTec-AD,tile,456,degradation,fog_haze,severe,none,0.79365074634552,clean
PaDiM,MVTec-AD,tile,456,rescue,fog_haze,severe,Dehaze (Dark Channel),0.8463203310966492,clean
PaDiM,MVTec-AD,toothbrush,42,baseline,clean,none,none,0.894444465637207,clean
PaDiM,MVTec-AD,toothbrush,42,degradation,low_light,mild,none,0.7916666865348816,clean
PaDiM,MVTec-AD,toothbrush,42,degradation,low_light,moderate,none,0.7888888716697693,clean
PaDiM,MVTec-AD,toothbrush,42,degradation,low_light,severe,none,0.5,clean
PaDiM,MVTec-AD,toothbrush,42,rescue,low_light,severe,CLAHE,0.5,clean
PaDiM,MVTec-AD,toothbrush,42,rescue,low_light,severe,Retinex,0.574999988079071,clean
PaDiM,MVTec-AD,toothbrush,42,degradation,gaussian_blur,mild,none,0.8166666626930237,clean
PaDiM,MVTec-AD,toothbrush,42,degradation,gaussian_blur,moderate,none,0.824999988079071,clean
PaDiM,MVTec-AD,toothbrush,42,degradation,gaussian_blur,severe,none,0.7333333492279053,clean
PaDiM,MVTec-AD,toothbrush,42,rescue,gaussian_blur,severe,Wiener,0.5,clean
PaDiM,MVTec-AD,toothbrush,42,degradation,motion_blur,mild,none,0.7708333134651184,clean
PaDiM,MVTec-AD,toothbrush,42,degradation,motion_blur,moderate,none,0.8138889074325562,clean
PaDiM,MVTec-AD,toothbrush,42,degradation,motion_blur,severe,none,0.5916666984558105,clean
PaDiM,MVTec-AD,toothbrush,42,rescue,motion_blur,severe,Wiener (Motion PSF),0.5569444894790649,clean
PaDiM,MVTec-AD,toothbrush,42,degradation,sensor_noise,mild,none,0.6027777791023254,clean
PaDiM,MVTec-AD,toothbrush,42,degradation,sensor_noise,moderate,none,0.5263888835906982,clean
PaDiM,MVTec-AD,toothbrush,42,degradation,sensor_noise,severe,none,0.5,clean
PaDiM,MVTec-AD,toothbrush,42,rescue,sensor_noise,severe,NLM Denoise,0.8194444179534912,clean
PaDiM,MVTec-AD,toothbrush,42,degradation,fog_haze,mild,none,0.6222222447395325,clean
PaDiM,MVTec-AD,toothbrush,42,degradation,fog_haze,moderate,none,0.5166666507720947,clean
PaDiM,MVTec-AD,toothbrush,42,degradation,fog_haze,severe,none,0.4833333194255829,clean
PaDiM,MVTec-AD,toothbrush,42,rescue,fog_haze,severe,Dehaze (Dark Channel),0.5,clean
PaDiM,MVTec-AD,toothbrush,123,baseline,clean,none,none,0.8055555820465088,clean
PaDiM,MVTec-AD,toothbrush,123,degradation,low_light,mild,none,0.9555555582046508,clean
PaDiM,MVTec-AD,toothbrush,123,degradation,low_light,moderate,none,0.8416666984558105,clean
PaDiM,MVTec-AD,toothbrush,123,degradation,low_light,severe,none,0.605555534362793,clean
PaDiM,MVTec-AD,toothbrush,123,rescue,low_light,severe,CLAHE,0.5833333730697632,clean
PaDiM,MVTec-AD,toothbrush,123,rescue,low_light,severe,Retinex,0.5666666626930237,clean
PaDiM,MVTec-AD,toothbrush,123,degradation,gaussian_blur,mild,none,0.7277777791023254,clean
PaDiM,MVTec-AD,toothbrush,123,degradation,gaussian_blur,moderate,none,0.456944465637207,clean
PaDiM,MVTec-AD,toothbrush,123,degradation,gaussian_blur,severe,none,0.449999988079071,clean
PaDiM,MVTec-AD,toothbrush,123,rescue,gaussian_blur,severe,Wiener,0.5,clean
PaDiM,MVTec-AD,toothbrush,123,degradation,motion_blur,mild,none,0.75,clean
PaDiM,MVTec-AD,toothbrush,123,degradation,motion_blur,moderate,none,0.5569444298744202,clean
PaDiM,MVTec-AD,toothbrush,123,degradation,motion_blur,severe,none,0.5027777552604675,clean
PaDiM,MVTec-AD,toothbrush,123,rescue,motion_blur,severe,Wiener (Motion PSF),0.7777777910232544,clean
PaDiM,MVTec-AD,toothbrush,123,degradation,sensor_noise,mild,none,0.7527777552604675,clean
PaDiM,MVTec-AD,toothbrush,123,degradation,sensor_noise,moderate,none,0.7666666507720947,clean
PaDiM,MVTec-AD,toothbrush,123,degradation,sensor_noise,severe,none,0.7388888597488403,clean
PaDiM,MVTec-AD,toothbrush,123,rescue,sensor_noise,severe,NLM Denoise,0.5444444417953491,clean
PaDiM,MVTec-AD,toothbrush,123,degradation,fog_haze,mild,none,0.5361111164093018,clean
PaDiM,MVTec-AD,toothbrush,123,degradation,fog_haze,moderate,none,0.4166666567325592,clean
PaDiM,MVTec-AD,toothbrush,123,degradation,fog_haze,severe,none,0.5,clean
PaDiM,MVTec-AD,toothbrush,123,rescue,fog_haze,severe,Dehaze (Dark Channel),0.5249999761581421,clean
PaDiM,MVTec-AD,toothbrush,456,baseline,clean,none,none,0.8611111044883728,clean
PaDiM,MVTec-AD,toothbrush,456,degradation,low_light,mild,none,0.8722221851348877,clean
PaDiM,MVTec-AD,toothbrush,456,degradation,low_light,moderate,none,0.7638888955116272,clean
PaDiM,MVTec-AD,toothbrush,456,degradation,low_light,severe,none,0.5,clean
PaDiM,MVTec-AD,toothbrush,456,rescue,low_light,severe,CLAHE,0.5,clean
PaDiM,MVTec-AD,toothbrush,456,rescue,low_light,severe,Retinex,0.6527777910232544,clean
PaDiM,MVTec-AD,toothbrush,456,degradation,gaussian_blur,mild,none,0.7055555582046509,clean
PaDiM,MVTec-AD,toothbrush,456,degradation,gaussian_blur,moderate,none,0.5,clean
PaDiM,MVTec-AD,toothbrush,456,degradation,gaussian_blur,severe,none,0.5,clean
PaDiM,MVTec-AD,toothbrush,456,rescue,gaussian_blur,severe,Wiener,0.5,clean
PaDiM,MVTec-AD,toothbrush,456,degradation,motion_blur,mild,none,0.5888888835906982,clean
PaDiM,MVTec-AD,toothbrush,456,degradation,motion_blur,moderate,none,0.5,clean
PaDiM,MVTec-AD,toothbrush,456,degradation,motion_blur,severe,none,0.5,clean
PaDiM,MVTec-AD,toothbrush,456,rescue,motion_blur,severe,Wiener (Motion PSF),0.4666666686534881,clean
PaDiM,MVTec-AD,toothbrush,456,degradation,sensor_noise,mild,none,0.8833333253860474,clean
PaDiM,MVTec-AD,toothbrush,456,degradation,sensor_noise,moderate,none,0.5,clean
PaDiM,MVTec-AD,toothbrush,456,degradation,sensor_noise,severe,none,0.5249999761581421,clean
PaDiM,MVTec-AD,toothbrush,456,rescue,sensor_noise,severe,NLM Denoise,0.6083332896232605,clean
PaDiM,MVTec-AD,toothbrush,456,degradation,fog_haze,mild,none,0.5,clean
PaDiM,MVTec-AD,toothbrush,456,degradation,fog_haze,moderate,none,0.5,clean
PaDiM,MVTec-AD,toothbrush,456,degradation,fog_haze,severe,none,0.5,clean
PaDiM,MVTec-AD,toothbrush,456,rescue,fog_haze,severe,Dehaze (Dark Channel),0.5,clean
PaDiM,MVTec-AD,transistor,42,baseline,clean,none,none,0.9483333826065063,clean
PaDiM,MVTec-AD,transistor,42,degradation,low_light,mild,none,0.9041666388511658,clean
PaDiM,MVTec-AD,transistor,42,degradation,low_light,moderate,none,0.7329167127609253,clean
PaDiM,MVTec-AD,transistor,42,degradation,low_light,severe,none,0.4875000119209289,clean
PaDiM,MVTec-AD,transistor,42,rescue,low_light,severe,CLAHE,0.4945833384990692,clean
PaDiM,MVTec-AD,transistor,42,rescue,low_light,severe,Retinex,0.5808333158493042,clean
PaDiM,MVTec-AD,transistor,42,degradation,gaussian_blur,mild,none,0.9245833158493042,clean
PaDiM,MVTec-AD,transistor,42,degradation,gaussian_blur,moderate,none,0.6358333230018616,clean
PaDiM,MVTec-AD,transistor,42,degradation,gaussian_blur,severe,none,0.5862500071525574,clean
PaDiM,MVTec-AD,transistor,42,rescue,gaussian_blur,severe,Wiener,0.4356250166893005,clean
PaDiM,MVTec-AD,transistor,42,degradation,motion_blur,mild,none,0.7941666841506958,clean
PaDiM,MVTec-AD,transistor,42,degradation,motion_blur,moderate,none,0.7454167008399963,clean
PaDiM,MVTec-AD,transistor,42,degradation,motion_blur,severe,none,0.6089583039283752,clean
PaDiM,MVTec-AD,transistor,42,rescue,motion_blur,severe,Wiener (Motion PSF),0.4525000154972076,clean
PaDiM,MVTec-AD,transistor,42,degradation,sensor_noise,mild,none,0.6387500166893005,clean
PaDiM,MVTec-AD,transistor,42,degradation,sensor_noise,moderate,none,0.5062499642372131,clean
PaDiM,MVTec-AD,transistor,42,degradation,sensor_noise,severe,none,0.4462500214576721,clean
PaDiM,MVTec-AD,transistor,42,rescue,sensor_noise,severe,NLM Denoise,0.7341666221618652,clean
PaDiM,MVTec-AD,transistor,42,degradation,fog_haze,mild,none,0.6295832991600037,clean
PaDiM,MVTec-AD,transistor,42,degradation,fog_haze,moderate,none,0.5108332633972168,clean
PaDiM,MVTec-AD,transistor,42,degradation,fog_haze,severe,none,0.4235416650772095,clean
PaDiM,MVTec-AD,transistor,42,rescue,fog_haze,severe,Dehaze (Dark Channel),0.5779166221618652,clean
PaDiM,MVTec-AD,transistor,123,baseline,clean,none,none,0.9650000333786012,clean
PaDiM,MVTec-AD,transistor,123,degradation,low_light,mild,none,0.9104166626930236,clean
PaDiM,MVTec-AD,transistor,123,degradation,low_light,moderate,none,0.856666624546051,clean
PaDiM,MVTec-AD,transistor,123,degradation,low_light,severe,none,0.7933332920074463,clean
PaDiM,MVTec-AD,transistor,123,rescue,low_light,severe,CLAHE,0.7987499833106995,clean
PaDiM,MVTec-AD,transistor,123,rescue,low_light,severe,Retinex,0.7149999737739563,clean
PaDiM,MVTec-AD,transistor,123,degradation,gaussian_blur,mild,none,0.8912500143051147,clean
PaDiM,MVTec-AD,transistor,123,degradation,gaussian_blur,moderate,none,0.627916693687439,clean
PaDiM,MVTec-AD,transistor,123,degradation,gaussian_blur,severe,none,0.6791666746139526,clean
PaDiM,MVTec-AD,transistor,123,rescue,gaussian_blur,severe,Wiener,0.54645836353302,clean
PaDiM,MVTec-AD,transistor,123,degradation,motion_blur,mild,none,0.721666693687439,clean
PaDiM,MVTec-AD,transistor,123,degradation,motion_blur,moderate,none,0.5800000429153442,clean
PaDiM,MVTec-AD,transistor,123,degradation,motion_blur,severe,none,0.4804166853427887,clean
PaDiM,MVTec-AD,transistor,123,rescue,motion_blur,severe,Wiener (Motion PSF),0.6158333420753479,clean
PaDiM,MVTec-AD,transistor,123,degradation,sensor_noise,mild,none,0.8458333015441895,clean
PaDiM,MVTec-AD,transistor,123,degradation,sensor_noise,moderate,none,0.8004167079925537,clean
PaDiM,MVTec-AD,transistor,123,degradation,sensor_noise,severe,none,0.6500000357627869,clean
PaDiM,MVTec-AD,transistor,123,rescue,sensor_noise,severe,NLM Denoise,0.7124999761581421,clean
PaDiM,MVTec-AD,transistor,123,degradation,fog_haze,mild,none,0.6337499618530273,clean
PaDiM,MVTec-AD,transistor,123,degradation,fog_haze,moderate,none,0.481249988079071,clean
PaDiM,MVTec-AD,transistor,123,degradation,fog_haze,severe,none,0.5333333015441895,clean
PaDiM,MVTec-AD,transistor,123,rescue,fog_haze,severe,Dehaze (Dark Channel),0.50020831823349,clean
PaDiM,MVTec-AD,transistor,456,baseline,clean,none,none,0.9325000047683716,clean
PaDiM,MVTec-AD,transistor,456,degradation,low_light,mild,none,0.912916660308838,clean
PaDiM,MVTec-AD,transistor,456,degradation,low_light,moderate,none,0.840833306312561,clean
PaDiM,MVTec-AD,transistor,456,degradation,low_light,severe,none,0.7595833539962769,clean
PaDiM,MVTec-AD,transistor,456,rescue,low_light,severe,CLAHE,0.8212499618530273,clean
PaDiM,MVTec-AD,transistor,456,rescue,low_light,severe,Retinex,0.6200000047683716,clean
PaDiM,MVTec-AD,transistor,456,degradation,gaussian_blur,mild,none,0.746666669845581,clean
PaDiM,MVTec-AD,transistor,456,degradation,gaussian_blur,moderate,none,0.5275000333786011,clean
PaDiM,MVTec-AD,transistor,456,degradation,gaussian_blur,severe,none,0.3637499809265136,clean
PaDiM,MVTec-AD,transistor,456,rescue,gaussian_blur,severe,Wiener,0.4702083170413971,clean
PaDiM,MVTec-AD,transistor,456,degradation,motion_blur,mild,none,0.7041666507720947,clean
PaDiM,MVTec-AD,transistor,456,degradation,motion_blur,moderate,none,0.59312504529953,clean
PaDiM,MVTec-AD,transistor,456,degradation,motion_blur,severe,none,0.5145833492279053,clean
PaDiM,MVTec-AD,transistor,456,rescue,motion_blur,severe,Wiener (Motion PSF),0.5454166531562805,clean
PaDiM,MVTec-AD,transistor,456,degradation,sensor_noise,mild,none,0.8658332824707031,clean
PaDiM,MVTec-AD,transistor,456,degradation,sensor_noise,moderate,none,0.56208336353302,clean
PaDiM,MVTec-AD,transistor,456,degradation,sensor_noise,severe,none,0.5104166269302368,clean
PaDiM,MVTec-AD,transistor,456,rescue,sensor_noise,severe,NLM Denoise,0.67208331823349,clean
PaDiM,MVTec-AD,transistor,456,degradation,fog_haze,mild,none,0.6033333539962769,clean
PaDiM,MVTec-AD,transistor,456,degradation,fog_haze,moderate,none,0.5633333325386047,clean
PaDiM,MVTec-AD,transistor,456,degradation,fog_haze,severe,none,0.4787500202655792,clean
PaDiM,MVTec-AD,transistor,456,rescue,fog_haze,severe,Dehaze (Dark Channel),0.4941666722297668,clean
PaDiM,MVTec-AD,wood,42,baseline,clean,none,none,0.9666666388511658,clean
PaDiM,MVTec-AD,wood,42,degradation,low_light,mild,none,0.9526315927505492,clean
PaDiM,MVTec-AD,wood,42,degradation,low_light,moderate,none,0.953508734703064,clean
PaDiM,MVTec-AD,wood,42,degradation,low_light,severe,none,0.9035087823867798,clean
PaDiM,MVTec-AD,wood,42,rescue,low_light,severe,CLAHE,0.8868421316146851,clean
PaDiM,MVTec-AD,wood,42,rescue,low_light,severe,Retinex,0.928947389125824,clean
PaDiM,MVTec-AD,wood,42,degradation,gaussian_blur,mild,none,0.6622806787490845,clean
PaDiM,MVTec-AD,wood,42,degradation,gaussian_blur,moderate,none,0.6394736766815186,clean
PaDiM,MVTec-AD,wood,42,degradation,gaussian_blur,severe,none,0.6570175290107727,clean
PaDiM,MVTec-AD,wood,42,rescue,gaussian_blur,severe,Wiener,0.5096490979194641,clean
PaDiM,MVTec-AD,wood,42,degradation,motion_blur,mild,none,0.7017543315887451,clean
PaDiM,MVTec-AD,wood,42,degradation,motion_blur,moderate,none,0.4767543971538543,clean
PaDiM,MVTec-AD,wood,42,degradation,motion_blur,severe,none,0.4916666746139526,clean
PaDiM,MVTec-AD,wood,42,rescue,motion_blur,severe,Wiener (Motion PSF),0.8614034652709961,clean
PaDiM,MVTec-AD,wood,42,degradation,sensor_noise,mild,none,0.6464911699295044,clean
PaDiM,MVTec-AD,wood,42,degradation,sensor_noise,moderate,none,0.5745614171028137,clean
PaDiM,MVTec-AD,wood,42,degradation,sensor_noise,severe,none,0.6486842632293701,clean
PaDiM,MVTec-AD,wood,42,rescue,sensor_noise,severe,NLM Denoise,0.2745614051818847,clean
PaDiM,MVTec-AD,wood,42,degradation,fog_haze,mild,none,0.4543859660625458,clean
PaDiM,MVTec-AD,wood,42,degradation,fog_haze,moderate,none,0.4350877106189728,clean
PaDiM,MVTec-AD,wood,42,degradation,fog_haze,severe,none,0.5486842393875122,clean
PaDiM,MVTec-AD,wood,42,rescue,fog_haze,severe,Dehaze (Dark Channel),0.4929824471473694,clean
PaDiM,MVTec-AD,wood,123,baseline,clean,none,none,0.9894737005233764,clean
PaDiM,MVTec-AD,wood,123,degradation,low_light,mild,none,0.9780701994895936,clean
PaDiM,MVTec-AD,wood,123,degradation,low_light,moderate,none,0.977192997932434,clean
PaDiM,MVTec-AD,wood,123,degradation,low_light,severe,none,0.9421052932739258,clean
PaDiM,MVTec-AD,wood,123,rescue,low_light,severe,CLAHE,0.949999988079071,clean
PaDiM,MVTec-AD,wood,123,rescue,low_light,severe,Retinex,0.969298243522644,clean
PaDiM,MVTec-AD,wood,123,degradation,gaussian_blur,mild,none,0.9500000476837158,clean
PaDiM,MVTec-AD,wood,123,degradation,gaussian_blur,moderate,none,0.7342105507850647,clean
PaDiM,MVTec-AD,wood,123,degradation,gaussian_blur,severe,none,0.7719298601150513,clean
PaDiM,MVTec-AD,wood,123,rescue,gaussian_blur,severe,Wiener,0.6741228103637695,clean
PaDiM,MVTec-AD,wood,123,degradation,motion_blur,mild,none,0.9543859958648682,clean
PaDiM,MVTec-AD,wood,123,degradation,motion_blur,moderate,none,0.9166666269302368,clean
PaDiM,MVTec-AD,wood,123,degradation,motion_blur,severe,none,0.8508771657943726,clean
PaDiM,MVTec-AD,wood,123,rescue,motion_blur,severe,Wiener (Motion PSF),0.8438596725463867,clean
PaDiM,MVTec-AD,wood,123,degradation,sensor_noise,mild,none,0.938596487045288,clean
PaDiM,MVTec-AD,wood,123,degradation,sensor_noise,moderate,none,0.719298243522644,clean
PaDiM,MVTec-AD,wood,123,degradation,sensor_noise,severe,none,0.5780701637268066,clean
PaDiM,MVTec-AD,wood,123,rescue,sensor_noise,severe,NLM Denoise,0.4780701696872711,clean
PaDiM,MVTec-AD,wood,123,degradation,fog_haze,mild,none,0.8736841678619385,clean
PaDiM,MVTec-AD,wood,123,degradation,fog_haze,moderate,none,0.8236842155456543,clean
PaDiM,MVTec-AD,wood,123,degradation,fog_haze,severe,none,0.586403489112854,clean
PaDiM,MVTec-AD,wood,123,rescue,fog_haze,severe,Dehaze (Dark Channel),0.5684210658073425,clean
PaDiM,MVTec-AD,wood,456,baseline,clean,none,none,0.9491227865219116,clean
PaDiM,MVTec-AD,wood,456,degradation,low_light,mild,none,0.922806978225708,clean
PaDiM,MVTec-AD,wood,456,degradation,low_light,moderate,none,0.9184210300445556,clean
PaDiM,MVTec-AD,wood,456,degradation,low_light,severe,none,0.8482456207275391,clean
PaDiM,MVTec-AD,wood,456,rescue,low_light,severe,CLAHE,0.7903509140014648,clean
PaDiM,MVTec-AD,wood,456,rescue,low_light,severe,Retinex,0.9622807502746582,clean
PaDiM,MVTec-AD,wood,456,degradation,gaussian_blur,mild,none,0.5526316165924072,clean
PaDiM,MVTec-AD,wood,456,degradation,gaussian_blur,moderate,none,0.6640350818634033,clean
PaDiM,MVTec-AD,wood,456,degradation,gaussian_blur,severe,none,0.6035087704658508,clean
PaDiM,MVTec-AD,wood,456,rescue,gaussian_blur,severe,Wiener,0.4548245668411255,clean
PaDiM,MVTec-AD,wood,456,degradation,motion_blur,mild,none,0.6263157725334167,clean
PaDiM,MVTec-AD,wood,456,degradation,motion_blur,moderate,none,0.8482456207275391,clean
PaDiM,MVTec-AD,wood,456,degradation,motion_blur,severe,none,0.8807017803192139,clean
PaDiM,MVTec-AD,wood,456,rescue,motion_blur,severe,Wiener (Motion PSF),0.5100877285003662,clean
PaDiM,MVTec-AD,wood,456,degradation,sensor_noise,mild,none,0.8552631735801697,clean
PaDiM,MVTec-AD,wood,456,degradation,sensor_noise,moderate,none,0.7236841917037964,clean
PaDiM,MVTec-AD,wood,456,degradation,sensor_noise,severe,none,0.711403489112854,clean
PaDiM,MVTec-AD,wood,456,rescue,sensor_noise,severe,NLM Denoise,0.5245614051818848,clean
PaDiM,MVTec-AD,wood,456,degradation,fog_haze,mild,none,0.469298243522644,clean
PaDiM,MVTec-AD,wood,456,degradation,fog_haze,moderate,none,0.4728070199489593,clean
PaDiM,MVTec-AD,wood,456,degradation,fog_haze,severe,none,0.4833333492279053,clean
PaDiM,MVTec-AD,wood,456,rescue,fog_haze,severe,Dehaze (Dark Channel),0.5381578803062439,clean
PaDiM,MVTec-AD,zipper,42,baseline,clean,none,none,0.9146533012390136,clean
PaDiM,MVTec-AD,zipper,42,degradation,low_light,mild,none,0.5,clean
PaDiM,MVTec-AD,zipper,42,degradation,low_light,moderate,none,0.5,clean
PaDiM,MVTec-AD,zipper,42,degradation,low_light,severe,none,0.5,clean
PaDiM,MVTec-AD,zipper,42,rescue,low_light,severe,CLAHE,0.5,clean
PaDiM,MVTec-AD,zipper,42,rescue,low_light,severe,Retinex,0.5,clean
PaDiM,MVTec-AD,zipper,42,degradation,gaussian_blur,mild,none,0.9283088445663452,clean
PaDiM,MVTec-AD,zipper,42,degradation,gaussian_blur,moderate,none,0.7946428060531616,clean
PaDiM,MVTec-AD,zipper,42,degradation,gaussian_blur,severe,none,0.633797287940979,clean
PaDiM,MVTec-AD,zipper,42,rescue,gaussian_blur,severe,Wiener,0.501838207244873,clean
PaDiM,MVTec-AD,zipper,42,degradation,motion_blur,mild,none,0.7455357313156128,clean
PaDiM,MVTec-AD,zipper,42,degradation,motion_blur,moderate,none,0.6053045988082886,clean
PaDiM,MVTec-AD,zipper,42,degradation,motion_blur,severe,none,0.4537815153598785,clean
PaDiM,MVTec-AD,zipper,42,rescue,motion_blur,severe,Wiener (Motion PSF),0.6095063090324402,clean
PaDiM,MVTec-AD,zipper,42,degradation,sensor_noise,mild,none,0.5,clean
PaDiM,MVTec-AD,zipper,42,degradation,sensor_noise,moderate,none,0.5,clean
PaDiM,MVTec-AD,zipper,42,degradation,sensor_noise,severe,none,0.5,clean
PaDiM,MVTec-AD,zipper,42,rescue,sensor_noise,severe,NLM Denoise,0.5,clean
PaDiM,MVTec-AD,zipper,42,degradation,fog_haze,mild,none,0.5837709903717041,clean
PaDiM,MVTec-AD,zipper,42,degradation,fog_haze,moderate,none,0.5974264740943909,clean
PaDiM,MVTec-AD,zipper,42,degradation,fog_haze,severe,none,0.5047268867492676,clean
PaDiM,MVTec-AD,zipper,42,rescue,fog_haze,severe,Dehaze (Dark Channel),0.6536239385604858,clean
PaDiM,MVTec-AD,zipper,123,baseline,clean,none,none,0.9346113204956056,clean
PaDiM,MVTec-AD,zipper,123,degradation,low_light,mild,none,0.5107668042182922,clean
PaDiM,MVTec-AD,zipper,123,degradation,low_light,moderate,none,0.5074842572212219,clean
PaDiM,MVTec-AD,zipper,123,degradation,low_light,severe,none,0.4915966391563415,clean
PaDiM,MVTec-AD,zipper,123,rescue,low_light,severe,CLAHE,0.5,clean
PaDiM,MVTec-AD,zipper,123,rescue,low_light,severe,Retinex,0.5258666276931763,clean
PaDiM,MVTec-AD,zipper,123,degradation,gaussian_blur,mild,none,0.6859243512153625,clean
PaDiM,MVTec-AD,zipper,123,degradation,gaussian_blur,moderate,none,0.694459080696106,clean
PaDiM,MVTec-AD,zipper,123,degradation,gaussian_blur,severe,none,0.4910714328289032,clean
PaDiM,MVTec-AD,zipper,123,rescue,gaussian_blur,severe,Wiener,0.5661764144897461,clean
PaDiM,MVTec-AD,zipper,123,degradation,motion_blur,mild,none,0.7423844337463379,clean
PaDiM,MVTec-AD,zipper,123,degradation,motion_blur,moderate,none,0.5547531843185425,clean
PaDiM,MVTec-AD,zipper,123,degradation,motion_blur,severe,none,0.462184876203537,clean
PaDiM,MVTec-AD,zipper,123,rescue,motion_blur,severe,Wiener (Motion PSF),0.5669642686843872,clean
PaDiM,MVTec-AD,zipper,123,degradation,sensor_noise,mild,none,0.5,clean
PaDiM,MVTec-AD,zipper,123,degradation,sensor_noise,moderate,none,0.5,clean
PaDiM,MVTec-AD,zipper,123,degradation,sensor_noise,severe,none,0.5,clean
PaDiM,MVTec-AD,zipper,123,rescue,sensor_noise,severe,NLM Denoise,0.5,clean
PaDiM,MVTec-AD,zipper,123,degradation,fog_haze,mild,none,0.6276260614395142,clean
PaDiM,MVTec-AD,zipper,123,degradation,fog_haze,moderate,none,0.5990021228790283,clean
PaDiM,MVTec-AD,zipper,123,degradation,fog_haze,severe,none,0.5422794222831726,clean
PaDiM,MVTec-AD,zipper,123,rescue,fog_haze,severe,Dehaze (Dark Channel),0.5853466987609863,clean
PaDiM,MVTec-AD,zipper,456,baseline,clean,none,none,0.9632352590560912,clean
PaDiM,MVTec-AD,zipper,456,degradation,low_light,mild,none,0.705094575881958,clean
PaDiM,MVTec-AD,zipper,456,degradation,low_light,moderate,none,0.7657563090324402,clean
PaDiM,MVTec-AD,zipper,456,degradation,low_light,severe,none,0.7371323108673096,clean
PaDiM,MVTec-AD,zipper,456,rescue,low_light,severe,CLAHE,0.5267857313156128,clean
PaDiM,MVTec-AD,zipper,456,rescue,low_light,severe,Retinex,0.6730567216873169,clean
PaDiM,MVTec-AD,zipper,456,degradation,gaussian_blur,mild,none,0.8345588445663452,clean
PaDiM,MVTec-AD,zipper,456,degradation,gaussian_blur,moderate,none,0.7041754126548767,clean
PaDiM,MVTec-AD,zipper,456,degradation,gaussian_blur,severe,none,0.8203781843185425,clean
PaDiM,MVTec-AD,zipper,456,rescue,gaussian_blur,severe,Wiener,0.4957983195781708,clean
PaDiM,MVTec-AD,zipper,456,degradation,motion_blur,mild,none,0.8067227005958557,clean
PaDiM,MVTec-AD,zipper,456,degradation,motion_blur,moderate,none,0.7019432783126831,clean
PaDiM,MVTec-AD,zipper,456,degradation,motion_blur,severe,none,0.703125,clean
PaDiM,MVTec-AD,zipper,456,rescue,motion_blur,severe,Wiener (Motion PSF),0.5189075469970703,clean
PaDiM,MVTec-AD,zipper,456,degradation,sensor_noise,mild,none,0.5705094933509827,clean
PaDiM,MVTec-AD,zipper,456,degradation,sensor_noise,moderate,none,0.4820115566253662,clean
PaDiM,MVTec-AD,zipper,456,degradation,sensor_noise,severe,none,0.4797794222831726,clean
PaDiM,MVTec-AD,zipper,456,rescue,sensor_noise,severe,NLM Denoise,0.5186449885368347,clean
PaDiM,MVTec-AD,zipper,456,degradation,fog_haze,mild,none,0.511817216873169,clean
PaDiM,MVTec-AD,zipper,456,degradation,fog_haze,moderate,none,0.5,clean
PaDiM,MVTec-AD,zipper,456,degradation,fog_haze,severe,none,0.5,clean
PaDiM,MVTec-AD,zipper,456,rescue,fog_haze,severe,Dehaze (Dark Channel),0.6221113204956055,clean
PaDiM,MVTec-AD,bottle,42,rescue,low_light,mild,CLAHE,0.5,clean
PaDiM,MVTec-AD,bottle,42,rescue,low_light,mild,Retinex,0.5,clean
PaDiM,MVTec-AD,bottle,42,rescue,low_light,moderate,CLAHE,0.5,clean
PaDiM,MVTec-AD,bottle,42,rescue,low_light,moderate,Retinex,0.5,clean
PaDiM,MVTec-AD,bottle,42,rescue,gaussian_blur,mild,Wiener,0.9714285731315612,clean
PaDiM,MVTec-AD,bottle,42,rescue,gaussian_blur,moderate,Wiener,0.5555555820465088,clean
PaDiM,MVTec-AD,bottle,42,rescue,motion_blur,mild,Wiener (Motion PSF),0.3992063403129577,clean
PaDiM,MVTec-AD,bottle,42,rescue,motion_blur,moderate,Wiener (Motion PSF),0.3968254029750824,clean
PaDiM,MVTec-AD,bottle,42,rescue,sensor_noise,mild,NLM Denoise,0.4888889193534851,clean
PaDiM,MVTec-AD,bottle,42,rescue,sensor_noise,moderate,NLM Denoise,0.5,clean
PaDiM,MVTec-AD,bottle,42,rescue,fog_haze,mild,Dehaze (Dark Channel),0.5968254208564758,clean
PaDiM,MVTec-AD,bottle,42,rescue,fog_haze,moderate,Dehaze (Dark Channel),0.4519841074943542,clean
PaDiM,MVTec-AD,bottle,123,rescue,low_light,mild,CLAHE,0.5,clean
PaDiM,MVTec-AD,bottle,123,rescue,low_light,mild,Retinex,0.5,clean
PaDiM,MVTec-AD,bottle,123,rescue,low_light,moderate,CLAHE,0.5,clean
PaDiM,MVTec-AD,bottle,123,rescue,low_light,moderate,Retinex,0.5,clean
PaDiM,MVTec-AD,bottle,123,rescue,gaussian_blur,mild,Wiener,0.9888888597488404,clean
PaDiM,MVTec-AD,bottle,123,rescue,gaussian_blur,moderate,Wiener,0.5,clean
PaDiM,MVTec-AD,bottle,123,rescue,motion_blur,mild,Wiener (Motion PSF),0.4277777969837188,clean
PaDiM,MVTec-AD,bottle,123,rescue,motion_blur,moderate,Wiener (Motion PSF),0.5,clean
PaDiM,MVTec-AD,bottle,123,rescue,sensor_noise,mild,NLM Denoise,0.5,clean
PaDiM,MVTec-AD,bottle,123,rescue,sensor_noise,moderate,NLM Denoise,0.5,clean
PaDiM,MVTec-AD,bottle,123,rescue,fog_haze,mild,Dehaze (Dark Channel),0.8111110925674438,clean
PaDiM,MVTec-AD,bottle,123,rescue,fog_haze,moderate,Dehaze (Dark Channel),0.5103174448013306,clean
PaDiM,MVTec-AD,bottle,456,rescue,low_light,mild,CLAHE,0.5166666507720947,clean
PaDiM,MVTec-AD,bottle,456,rescue,low_light,mild,Retinex,0.6388888955116272,clean
PaDiM,MVTec-AD,bottle,456,rescue,low_light,moderate,CLAHE,0.6301587224006653,clean
PaDiM,MVTec-AD,bottle,456,rescue,low_light,moderate,Retinex,0.6690475940704346,clean
PaDiM,MVTec-AD,bottle,456,rescue,gaussian_blur,mild,Wiener,1.0,clean
PaDiM,MVTec-AD,bottle,456,rescue,gaussian_blur,moderate,Wiener,0.5841270089149475,clean
PaDiM,MVTec-AD,bottle,456,rescue,motion_blur,mild,Wiener (Motion PSF),0.6317460536956787,clean
PaDiM,MVTec-AD,bottle,456,rescue,motion_blur,moderate,Wiener (Motion PSF),0.5,clean
PaDiM,MVTec-AD,bottle,456,rescue,sensor_noise,mild,NLM Denoise,0.5047619342803955,clean
PaDiM,MVTec-AD,bottle,456,rescue,sensor_noise,moderate,NLM Denoise,0.576984167098999,clean
PaDiM,MVTec-AD,bottle,456,rescue,fog_haze,mild,Dehaze (Dark Channel),0.3801587224006653,clean
PaDiM,MVTec-AD,bottle,456,rescue,fog_haze,moderate,Dehaze (Dark Channel),0.3984127044677734,clean
PaDiM,MVTec-AD,cable,42,rescue,low_light,mild,CLAHE,0.7666791677474976,clean
PaDiM,MVTec-AD,cable,42,rescue,low_light,mild,Retinex,0.5586581826210022,clean
PaDiM,MVTec-AD,cable,42,rescue,low_light,moderate,CLAHE,0.8142803907394409,clean
PaDiM,MVTec-AD,cable,42,rescue,low_light,moderate,Retinex,0.5672788619995117,clean
PaDiM,MVTec-AD,cable,42,rescue,gaussian_blur,mild,Wiener,0.6473013162612915,clean
PaDiM,MVTec-AD,cable,42,rescue,gaussian_blur,moderate,Wiener,0.5114318132400513,clean
PaDiM,MVTec-AD,cable,42,rescue,motion_blur,mild,Wiener (Motion PSF),0.5127436518669128,clean
PaDiM,MVTec-AD,cable,42,rescue,motion_blur,moderate,Wiener (Motion PSF),0.5483508110046387,clean
PaDiM,MVTec-AD,cable,42,rescue,sensor_noise,mild,NLM Denoise,0.6688530445098877,clean
PaDiM,MVTec-AD,cable,42,rescue,sensor_noise,moderate,NLM Denoise,0.5470389723777771,clean
PaDiM,MVTec-AD,cable,42,rescue,fog_haze,mild,Dehaze (Dark Channel),0.6750375032424927,clean
PaDiM,MVTec-AD,cable,42,rescue,fog_haze,moderate,Dehaze (Dark Channel),0.6525487303733826,clean
PaDiM,MVTec-AD,cable,123,rescue,low_light,mild,CLAHE,0.7232009172439575,clean
PaDiM,MVTec-AD,cable,123,rescue,low_light,mild,Retinex,0.7150487303733826,clean
PaDiM,MVTec-AD,cable,123,rescue,low_light,moderate,CLAHE,0.6868441104888916,clean
PaDiM,MVTec-AD,cable,123,rescue,low_light,moderate,Retinex,0.5638118386268616,clean
PaDiM,MVTec-AD,cable,123,rescue,gaussian_blur,mild,Wiener,0.7373501062393188,clean
PaDiM,MVTec-AD,cable,123,rescue,gaussian_blur,moderate,Wiener,0.5,clean
PaDiM,MVTec-AD,cable,123,rescue,motion_blur,mild,Wiener (Motion PSF),0.4434033036231994,clean
PaDiM,MVTec-AD,cable,123,rescue,motion_blur,moderate,Wiener (Motion PSF),0.5539730191230774,clean
PaDiM,MVTec-AD,cable,123,rescue,sensor_noise,mild,NLM Denoise,0.6390554904937744,clean
PaDiM,MVTec-AD,cable,123,rescue,sensor_noise,moderate,NLM Denoise,0.5642803907394409,clean
PaDiM,MVTec-AD,cable,123,rescue,fog_haze,mild,Dehaze (Dark Channel),0.52173912525177,clean
PaDiM,MVTec-AD,cable,123,rescue,fog_haze,moderate,Dehaze (Dark Channel),0.5246438980102539,clean
PaDiM,MVTec-AD,cable,456,rescue,low_light,mild,CLAHE,0.7151424288749695,clean
PaDiM,MVTec-AD,cable,456,rescue,low_light,mild,Retinex,0.7451274394989014,clean
PaDiM,MVTec-AD,cable,456,rescue,low_light,moderate,CLAHE,0.6986506581306458,clean
PaDiM,MVTec-AD,cable,456,rescue,low_light,moderate,Retinex,0.7812968492507935,clean
PaDiM,MVTec-AD,cable,456,rescue,gaussian_blur,mild,Wiener,0.4954085350036621,clean
PaDiM,MVTec-AD,cable,456,rescue,gaussian_blur,moderate,Wiener,0.5030921697616577,clean
PaDiM,MVTec-AD,cable,456,rescue,motion_blur,mild,Wiener (Motion PSF),0.3931784033775329,clean
PaDiM,MVTec-AD,cable,456,rescue,motion_blur,moderate,Wiener (Motion PSF),0.5029047727584839,clean
PaDiM,MVTec-AD,cable,456,rescue,sensor_noise,mild,NLM Denoise,0.7464392781257629,clean
PaDiM,MVTec-AD,cable,456,rescue,sensor_noise,moderate,NLM Denoise,0.5446026921272278,clean
PaDiM,MVTec-AD,cable,456,rescue,fog_haze,mild,Dehaze (Dark Channel),0.6459894776344299,clean
PaDiM,MVTec-AD,cable,456,rescue,fog_haze,moderate,Dehaze (Dark Channel),0.5879872441291809,clean
PaDiM,MVTec-AD,capsule,42,rescue,low_light,mild,CLAHE,0.7048264741897583,clean
PaDiM,MVTec-AD,capsule,42,rescue,low_light,mild,Retinex,0.4866374135017395,clean
PaDiM,MVTec-AD,capsule,42,rescue,low_light,moderate,CLAHE,0.5494614839553833,clean
PaDiM,MVTec-AD,capsule,42,rescue,low_light,moderate,Retinex,0.5,clean
PaDiM,MVTec-AD,capsule,42,rescue,gaussian_blur,mild,Wiener,0.5325089693069458,clean
PaDiM,MVTec-AD,capsule,42,rescue,gaussian_blur,moderate,Wiener,0.5,clean
PaDiM,MVTec-AD,capsule,42,rescue,motion_blur,mild,Wiener (Motion PSF),0.5512564778327942,clean
PaDiM,MVTec-AD,capsule,42,rescue,motion_blur,moderate,Wiener (Motion PSF),0.5,clean
PaDiM,MVTec-AD,capsule,42,rescue,sensor_noise,mild,NLM Denoise,0.7857997417449951,clean
PaDiM,MVTec-AD,capsule,42,rescue,sensor_noise,moderate,NLM Denoise,0.6713203191757202,clean
PaDiM,MVTec-AD,capsule,42,rescue,fog_haze,mild,Dehaze (Dark Channel),0.5404866337776184,clean
PaDiM,MVTec-AD,capsule,42,rescue,fog_haze,moderate,Dehaze (Dark Channel),0.5,clean
PaDiM,MVTec-AD,capsule,123,rescue,low_light,mild,CLAHE,0.6374152302742004,clean
PaDiM,MVTec-AD,capsule,123,rescue,low_light,mild,Retinex,0.5073793530464172,clean
PaDiM,MVTec-AD,capsule,123,rescue,low_light,moderate,CLAHE,0.7335460782051086,clean
PaDiM,MVTec-AD,capsule,123,rescue,low_light,moderate,Retinex,0.5,clean
PaDiM,MVTec-AD,capsule,123,rescue,gaussian_blur,mild,Wiener,0.6633426547050476,clean
PaDiM,MVTec-AD,capsule,123,rescue,gaussian_blur,moderate,Wiener,0.5,clean
PaDiM,MVTec-AD,capsule,123,rescue,motion_blur,mild,Wiener (Motion PSF),0.5548464059829712,clean
PaDiM,MVTec-AD,capsule,123,rescue,motion_blur,moderate,Wiener (Motion PSF),0.5047866106033325,clean
PaDiM,MVTec-AD,capsule,123,rescue,sensor_noise,mild,NLM Denoise,0.5468687415122986,clean
PaDiM,MVTec-AD,capsule,123,rescue,sensor_noise,moderate,NLM Denoise,0.4958117008209228,clean
PaDiM,MVTec-AD,capsule,123,rescue,fog_haze,mild,Dehaze (Dark Channel),0.5901476144790649,clean
PaDiM,MVTec-AD,capsule,123,rescue,fog_haze,moderate,Dehaze (Dark Channel),0.4954128563404083,clean
PaDiM,MVTec-AD,capsule,456,rescue,low_light,mild,CLAHE,0.6569605469703674,clean
PaDiM,MVTec-AD,capsule,456,rescue,low_light,mild,Retinex,0.6330275535583496,clean
PaDiM,MVTec-AD,capsule,456,rescue,low_light,moderate,CLAHE,0.5089748501777649,clean
PaDiM,MVTec-AD,capsule,456,rescue,low_light,moderate,Retinex,0.5215396881103516,clean
PaDiM,MVTec-AD,capsule,456,rescue,gaussian_blur,mild,Wiener,0.6350219249725342,clean
PaDiM,MVTec-AD,capsule,456,rescue,gaussian_blur,moderate,Wiener,0.5,clean
PaDiM,MVTec-AD,capsule,456,rescue,motion_blur,mild,Wiener (Motion PSF),0.6106900572776794,clean
PaDiM,MVTec-AD,capsule,456,rescue,motion_blur,moderate,Wiener (Motion PSF),0.6545671820640564,clean
PaDiM,MVTec-AD,capsule,456,rescue,sensor_noise,mild,NLM Denoise,0.6457918286323547,clean
PaDiM,MVTec-AD,capsule,456,rescue,sensor_noise,moderate,NLM Denoise,0.6270443201065063,clean
PaDiM,MVTec-AD,capsule,456,rescue,fog_haze,mild,Dehaze (Dark Channel),0.4497407376766205,clean
PaDiM,MVTec-AD,capsule,456,rescue,fog_haze,moderate,Dehaze (Dark Channel),0.5604307651519775,clean
PaDiM,MVTec-AD,carpet,42,rescue,low_light,mild,CLAHE,0.9626805782318116,clean
PaDiM,MVTec-AD,carpet,42,rescue,low_light,mild,Retinex,0.9169342517852784,clean
PaDiM,MVTec-AD,carpet,42,rescue,low_light,moderate,CLAHE,0.966292142868042,clean
PaDiM,MVTec-AD,carpet,42,rescue,low_light,moderate,Retinex,0.9574638605117798,clean
PaDiM,MVTec-AD,carpet,42,rescue,gaussian_blur,mild,Wiener,0.8418940901756287,clean
PaDiM,MVTec-AD,carpet,42,rescue,gaussian_blur,moderate,Wiener,0.5104333758354187,clean
PaDiM,MVTec-AD,carpet,42,rescue,motion_blur,mild,Wiener (Motion PSF),0.8051765561103821,clean
PaDiM,MVTec-AD,carpet,42,rescue,motion_blur,moderate,Wiener (Motion PSF),0.6280096769332886,clean
PaDiM,MVTec-AD,carpet,42,rescue,sensor_noise,mild,NLM Denoise,0.7949438095092773,clean
PaDiM,MVTec-AD,carpet,42,rescue,sensor_noise,moderate,NLM Denoise,0.6713483333587646,clean
PaDiM,MVTec-AD,carpet,42,rescue,fog_haze,mild,Dehaze (Dark Channel),0.7351524829864502,clean
PaDiM,MVTec-AD,carpet,42,rescue,fog_haze,moderate,Dehaze (Dark Channel),0.7375602126121521,clean
PaDiM,MVTec-AD,carpet,123,rescue,low_light,mild,CLAHE,0.9931781888008118,clean
PaDiM,MVTec-AD,carpet,123,rescue,low_light,mild,Retinex,0.9674959182739258,clean
PaDiM,MVTec-AD,carpet,123,rescue,low_light,moderate,CLAHE,0.9847511649131776,clean
PaDiM,MVTec-AD,carpet,123,rescue,low_light,moderate,Retinex,0.9847512245178224,clean
PaDiM,MVTec-AD,carpet,123,rescue,gaussian_blur,mild,Wiener,0.949438214302063,clean
PaDiM,MVTec-AD,carpet,123,rescue,gaussian_blur,moderate,Wiener,0.5232744812965393,clean
PaDiM,MVTec-AD,carpet,123,rescue,motion_blur,mild,Wiener (Motion PSF),0.9550561904907228,clean
PaDiM,MVTec-AD,carpet,123,rescue,motion_blur,moderate,Wiener (Motion PSF),0.5991171598434448,clean
PaDiM,MVTec-AD,carpet,123,rescue,sensor_noise,mild,NLM Denoise,0.8057785034179688,clean
PaDiM,MVTec-AD,carpet,123,rescue,sensor_noise,moderate,NLM Denoise,0.7271268367767334,clean
PaDiM,MVTec-AD,carpet,123,rescue,fog_haze,mild,Dehaze (Dark Channel),0.8166131973266602,clean
PaDiM,MVTec-AD,carpet,123,rescue,fog_haze,moderate,Dehaze (Dark Channel),0.4757222831249237,clean
PaDiM,MVTec-AD,carpet,456,rescue,low_light,mild,CLAHE,0.9851524829864502,clean
PaDiM,MVTec-AD,carpet,456,rescue,low_light,mild,Retinex,0.9032905101776124,clean
PaDiM,MVTec-AD,carpet,456,rescue,low_light,moderate,CLAHE,0.955858826637268,clean
PaDiM,MVTec-AD,carpet,456,rescue,low_light,moderate,Retinex,0.9369984269142152,clean
PaDiM,MVTec-AD,carpet,456,rescue,gaussian_blur,mild,Wiener,0.8912519812583923,clean
PaDiM,MVTec-AD,carpet,456,rescue,gaussian_blur,moderate,Wiener,0.5361155867576599,clean
PaDiM,MVTec-AD,carpet,456,rescue,motion_blur,mild,Wiener (Motion PSF),0.8571428656578064,clean
PaDiM,MVTec-AD,carpet,456,rescue,motion_blur,moderate,Wiener (Motion PSF),0.4060995280742645,clean
PaDiM,MVTec-AD,carpet,456,rescue,sensor_noise,mild,NLM Denoise,0.7752808928489685,clean
PaDiM,MVTec-AD,carpet,456,rescue,sensor_noise,moderate,NLM Denoise,0.7251203656196594,clean
PaDiM,MVTec-AD,carpet,456,rescue,fog_haze,mild,Dehaze (Dark Channel),0.9173354506492616,clean
PaDiM,MVTec-AD,carpet,456,rescue,fog_haze,moderate,Dehaze (Dark Channel),0.7347512245178223,clean
PaDiM,MVTec-AD,grid,42,rescue,low_light,mild,CLAHE,0.7460317611694336,clean
PaDiM,MVTec-AD,grid,42,rescue,low_light,mild,Retinex,0.7351712584495544,clean
PaDiM,MVTec-AD,grid,42,rescue,low_light,moderate,CLAHE,0.7710944414138794,clean
PaDiM,MVTec-AD,grid,42,rescue,low_light,moderate,Retinex,0.7092731595039368,clean
PaDiM,MVTec-AD,grid,42,rescue,gaussian_blur,mild,Wiener,0.4728487730026245,clean
PaDiM,MVTec-AD,grid,42,rescue,gaussian_blur,moderate,Wiener,0.4277360141277313,clean
PaDiM,MVTec-AD,grid,42,rescue,motion_blur,mild,Wiener (Motion PSF),0.5898078083992004,clean
PaDiM,MVTec-AD,grid,42,rescue,motion_blur,moderate,Wiener (Motion PSF),0.5747702121734619,clean
PaDiM,MVTec-AD,grid,42,rescue,sensor_noise,mild,NLM Denoise,0.8571429252624512,clean
PaDiM,MVTec-AD,grid,42,rescue,sensor_noise,moderate,NLM Denoise,0.7468671798706055,clean
PaDiM,MVTec-AD,grid,42,rescue,fog_haze,mild,Dehaze (Dark Channel),0.6491228342056274,clean
PaDiM,MVTec-AD,grid,42,rescue,fog_haze,moderate,Dehaze (Dark Channel),0.4289891421794891,clean
PaDiM,MVTec-AD,grid,123,rescue,low_light,mild,CLAHE,0.7335004210472107,clean
PaDiM,MVTec-AD,grid,123,rescue,low_light,mild,Retinex,0.5196324586868286,clean
PaDiM,MVTec-AD,grid,123,rescue,low_light,moderate,CLAHE,0.7777777910232544,clean
PaDiM,MVTec-AD,grid,123,rescue,low_light,moderate,Retinex,0.6140350699424744,clean
PaDiM,MVTec-AD,grid,123,rescue,gaussian_blur,mild,Wiener,0.6370092034339905,clean
PaDiM,MVTec-AD,grid,123,rescue,gaussian_blur,moderate,Wiener,0.5,clean
PaDiM,MVTec-AD,grid,123,rescue,motion_blur,mild,Wiener (Motion PSF),0.5622389316558838,clean
PaDiM,MVTec-AD,grid,123,rescue,motion_blur,moderate,Wiener (Motion PSF),0.5480367541313171,clean
PaDiM,MVTec-AD,grid,123,rescue,sensor_noise,mild,NLM Denoise,0.6315789222717285,clean
PaDiM,MVTec-AD,grid,123,rescue,sensor_noise,moderate,NLM Denoise,0.5146198868751526,clean
PaDiM,MVTec-AD,grid,123,rescue,fog_haze,mild,Dehaze (Dark Channel),0.8145363330841064,clean
PaDiM,MVTec-AD,grid,123,rescue,fog_haze,moderate,Dehaze (Dark Channel),0.4218880534172058,clean
PaDiM,MVTec-AD,grid,456,rescue,low_light,mild,CLAHE,0.768588125705719,clean
PaDiM,MVTec-AD,grid,456,rescue,low_light,mild,Retinex,0.878028392791748,clean
PaDiM,MVTec-AD,grid,456,rescue,low_light,moderate,CLAHE,0.7343358397483826,clean
PaDiM,MVTec-AD,grid,456,rescue,low_light,moderate,Retinex,0.8980785608291626,clean
PaDiM,MVTec-AD,grid,456,rescue,gaussian_blur,mild,Wiener,0.5104427933692932,clean
PaDiM,MVTec-AD,grid,456,rescue,gaussian_blur,moderate,Wiener,0.523809552192688,clean
PaDiM,MVTec-AD,grid,456,rescue,motion_blur,mild,Wiener (Motion PSF),0.5973266363143921,clean
PaDiM,MVTec-AD,grid,456,rescue,motion_blur,moderate,Wiener (Motion PSF),0.5822890996932983,clean
PaDiM,MVTec-AD,grid,456,rescue,sensor_noise,mild,NLM Denoise,0.5781119465827942,clean
PaDiM,MVTec-AD,grid,456,rescue,sensor_noise,moderate,NLM Denoise,0.5534670352935791,clean
PaDiM,MVTec-AD,grid,456,rescue,fog_haze,mild,Dehaze (Dark Channel),0.7209690809249878,clean
PaDiM,MVTec-AD,grid,456,rescue,fog_haze,moderate,Dehaze (Dark Channel),0.4970760345458984,clean
PaDiM,MVTec-AD,hazelnut,42,rescue,low_light,mild,CLAHE,0.8160714507102966,clean
PaDiM,MVTec-AD,hazelnut,42,rescue,low_light,mild,Retinex,0.51624995470047,clean
PaDiM,MVTec-AD,hazelnut,42,rescue,low_light,moderate,CLAHE,0.7766071557998657,clean
PaDiM,MVTec-AD,hazelnut,42,rescue,low_light,moderate,Retinex,0.5412499904632568,clean
PaDiM,MVTec-AD,hazelnut,42,rescue,gaussian_blur,mild,Wiener,0.4850000143051147,clean
PaDiM,MVTec-AD,hazelnut,42,rescue,gaussian_blur,moderate,Wiener,0.5464285612106323,clean
PaDiM,MVTec-AD,hazelnut,42,rescue,motion_blur,mild,Wiener (Motion PSF),0.4666071236133575,clean
PaDiM,MVTec-AD,hazelnut,42,rescue,motion_blur,moderate,Wiener (Motion PSF),0.3149999976158142,clean
PaDiM,MVTec-AD,hazelnut,42,rescue,sensor_noise,mild,NLM Denoise,0.5321428775787354,clean
PaDiM,MVTec-AD,hazelnut,42,rescue,sensor_noise,moderate,NLM Denoise,0.5603570938110352,clean
PaDiM,MVTec-AD,hazelnut,42,rescue,fog_haze,mild,Dehaze (Dark Channel),0.5230357646942139,clean
PaDiM,MVTec-AD,hazelnut,42,rescue,fog_haze,moderate,Dehaze (Dark Channel),0.5,clean
PaDiM,MVTec-AD,hazelnut,123,rescue,low_light,mild,CLAHE,0.787857174873352,clean
PaDiM,MVTec-AD,hazelnut,123,rescue,low_light,mild,Retinex,0.6967856884002686,clean
PaDiM,MVTec-AD,hazelnut,123,rescue,low_light,moderate,CLAHE,0.7814285755157471,clean
PaDiM,MVTec-AD,hazelnut,123,rescue,low_light,moderate,Retinex,0.6414285898208618,clean
PaDiM,MVTec-AD,hazelnut,123,rescue,gaussian_blur,mild,Wiener,0.5003571510314941,clean
PaDiM,MVTec-AD,hazelnut,123,rescue,gaussian_blur,moderate,Wiener,0.4449999928474426,clean
PaDiM,MVTec-AD,hazelnut,123,rescue,motion_blur,mild,Wiener (Motion PSF),0.5346428751945496,clean
PaDiM,MVTec-AD,hazelnut,123,rescue,motion_blur,moderate,Wiener (Motion PSF),0.4957142770290375,clean
PaDiM,MVTec-AD,hazelnut,123,rescue,sensor_noise,mild,NLM Denoise,0.467857152223587,clean
PaDiM,MVTec-AD,hazelnut,123,rescue,sensor_noise,moderate,NLM Denoise,0.4417857229709625,clean
PaDiM,MVTec-AD,hazelnut,123,rescue,fog_haze,mild,Dehaze (Dark Channel),0.4658928513526916,clean
PaDiM,MVTec-AD,hazelnut,123,rescue,fog_haze,moderate,Dehaze (Dark Channel),0.4637500345706939,clean
PaDiM,MVTec-AD,hazelnut,456,rescue,low_light,mild,CLAHE,0.7391071319580078,clean
PaDiM,MVTec-AD,hazelnut,456,rescue,low_light,mild,Retinex,0.4421428442001343,clean
PaDiM,MVTec-AD,hazelnut,456,rescue,low_light,moderate,CLAHE,0.6421428918838501,clean
PaDiM,MVTec-AD,hazelnut,456,rescue,low_light,moderate,Retinex,0.691428542137146,clean
PaDiM,MVTec-AD,hazelnut,456,rescue,gaussian_blur,mild,Wiener,0.5039286017417908,clean
PaDiM,MVTec-AD,hazelnut,456,rescue,gaussian_blur,moderate,Wiener,0.5,clean
PaDiM,MVTec-AD,hazelnut,456,rescue,motion_blur,mild,Wiener (Motion PSF),0.5071429014205933,clean
PaDiM,MVTec-AD,hazelnut,456,rescue,motion_blur,moderate,Wiener (Motion PSF),0.4928571283817291,clean
PaDiM,MVTec-AD,hazelnut,456,rescue,sensor_noise,mild,NLM Denoise,0.568928599357605,clean
PaDiM,MVTec-AD,hazelnut,456,rescue,sensor_noise,moderate,NLM Denoise,0.5117857456207275,clean
PaDiM,MVTec-AD,hazelnut,456,rescue,fog_haze,mild,Dehaze (Dark Channel),0.5051785707473755,clean
PaDiM,MVTec-AD,hazelnut,456,rescue,fog_haze,moderate,Dehaze (Dark Channel),0.5,clean
PaDiM,MVTec-AD,leather,42,rescue,low_light,mild,CLAHE,0.9605978727340698,clean
PaDiM,MVTec-AD,leather,42,rescue,low_light,mild,Retinex,0.96501362323761,clean
PaDiM,MVTec-AD,leather,42,rescue,low_light,moderate,CLAHE,0.9031928777694702,clean
PaDiM,MVTec-AD,leather,42,rescue,low_light,moderate,Retinex,0.9568614363670348,clean
PaDiM,MVTec-AD,leather,42,rescue,gaussian_blur,mild,Wiener,0.90013587474823,clean
PaDiM,MVTec-AD,leather,42,rescue,gaussian_blur,moderate,Wiener,0.4959239363670349,clean
PaDiM,MVTec-AD,leather,42,rescue,motion_blur,mild,Wiener (Motion PSF),0.8899456262588501,clean
PaDiM,MVTec-AD,leather,42,rescue,motion_blur,moderate,Wiener (Motion PSF),0.7965353727340698,clean
PaDiM,MVTec-AD,leather,42,rescue,sensor_noise,mild,NLM Denoise,0.7941576242446899,clean
PaDiM,MVTec-AD,leather,42,rescue,sensor_noise,moderate,NLM Denoise,0.6664402484893799,clean
PaDiM,MVTec-AD,leather,42,rescue,fog_haze,mild,Dehaze (Dark Channel),0.5978261232376099,clean
PaDiM,MVTec-AD,leather,42,rescue,fog_haze,moderate,Dehaze (Dark Channel),0.54517662525177,clean
PaDiM,MVTec-AD,leather,123,rescue,low_light,mild,CLAHE,0.93919837474823,clean
PaDiM,MVTec-AD,leather,123,rescue,low_light,mild,Retinex,0.9680706858634948,clean
PaDiM,MVTec-AD,leather,123,rescue,low_light,moderate,CLAHE,0.94089674949646,clean
PaDiM,MVTec-AD,leather,123,rescue,low_light,moderate,Retinex,0.94463312625885,clean
PaDiM,MVTec-AD,leather,123,rescue,gaussian_blur,mild,Wiener,0.990828812122345,clean
PaDiM,MVTec-AD,leather,123,rescue,gaussian_blur,moderate,Wiener,0.5662363767623901,clean
PaDiM,MVTec-AD,leather,123,rescue,motion_blur,mild,Wiener (Motion PSF),0.9656928777694702,clean
PaDiM,MVTec-AD,leather,123,rescue,motion_blur,moderate,Wiener (Motion PSF),0.7958559989929199,clean
PaDiM,MVTec-AD,leather,123,rescue,sensor_noise,mild,NLM Denoise,0.90013587474823,clean
PaDiM,MVTec-AD,leather,123,rescue,sensor_noise,moderate,NLM Denoise,0.7218071222305298,clean
PaDiM,MVTec-AD,leather,123,rescue,fog_haze,mild,Dehaze (Dark Channel),0.7367527484893799,clean
PaDiM,MVTec-AD,leather,123,rescue,fog_haze,moderate,Dehaze (Dark Channel),0.6141304969787598,clean
PaDiM,MVTec-AD,leather,456,rescue,low_light,mild,CLAHE,0.9745244383811952,clean
PaDiM,MVTec-AD,leather,456,rescue,low_light,mild,Retinex,0.9979619979858398,clean
PaDiM,MVTec-AD,leather,456,rescue,low_light,moderate,CLAHE,0.92085599899292,clean
PaDiM,MVTec-AD,leather,456,rescue,low_light,moderate,Retinex,0.9568614363670348,clean
PaDiM,MVTec-AD,leather,456,rescue,gaussian_blur,mild,Wiener,0.95652174949646,clean
PaDiM,MVTec-AD,leather,456,rescue,gaussian_blur,moderate,Wiener,0.5,clean
PaDiM,MVTec-AD,leather,456,rescue,motion_blur,mild,Wiener (Motion PSF),0.8828125,clean
PaDiM,MVTec-AD,leather,456,rescue,motion_blur,moderate,Wiener (Motion PSF),0.7800611257553101,clean
PaDiM,MVTec-AD,leather,456,rescue,sensor_noise,mild,NLM Denoise,0.86888587474823,clean
PaDiM,MVTec-AD,leather,456,rescue,sensor_noise,moderate,NLM Denoise,0.840692937374115,clean
PaDiM,MVTec-AD,leather,456,rescue,fog_haze,mild,Dehaze (Dark Channel),0.663722813129425,clean
PaDiM,MVTec-AD,leather,456,rescue,fog_haze,moderate,Dehaze (Dark Channel),0.5185121893882751,clean
PaDiM,MVTec-AD,metal_nut,42,rescue,low_light,mild,CLAHE,0.8108504414558411,clean
PaDiM,MVTec-AD,metal_nut,42,rescue,low_light,mild,Retinex,0.4838709533214569,clean
PaDiM,MVTec-AD,metal_nut,42,rescue,low_light,moderate,CLAHE,0.759530782699585,clean
PaDiM,MVTec-AD,metal_nut,42,rescue,low_light,moderate,Retinex,0.473607063293457,clean
PaDiM,MVTec-AD,metal_nut,42,rescue,gaussian_blur,mild,Wiener,0.6671554446220398,clean
PaDiM,MVTec-AD,metal_nut,42,rescue,gaussian_blur,moderate,Wiener,0.4833822250366211,clean
PaDiM,MVTec-AD,metal_nut,42,rescue,motion_blur,mild,Wiener (Motion PSF),0.565493643283844,clean
PaDiM,MVTec-AD,metal_nut,42,rescue,motion_blur,moderate,Wiener (Motion PSF),0.4301075339317322,clean
PaDiM,MVTec-AD,metal_nut,42,rescue,sensor_noise,mild,NLM Denoise,0.6397849321365356,clean
PaDiM,MVTec-AD,metal_nut,42,rescue,sensor_noise,moderate,NLM Denoise,0.5161290168762207,clean
PaDiM,MVTec-AD,metal_nut,42,rescue,fog_haze,mild,Dehaze (Dark Channel),0.4892473220825195,clean
PaDiM,MVTec-AD,metal_nut,42,rescue,fog_haze,moderate,Dehaze (Dark Channel),0.5,clean
PaDiM,MVTec-AD,metal_nut,123,rescue,low_light,mild,CLAHE,0.905180811882019,clean
PaDiM,MVTec-AD,metal_nut,123,rescue,low_light,mild,Retinex,0.4997556209564209,clean
PaDiM,MVTec-AD,metal_nut,123,rescue,low_light,moderate,CLAHE,0.7602639198303223,clean
PaDiM,MVTec-AD,metal_nut,123,rescue,low_light,moderate,Retinex,0.6390517950057983,clean
PaDiM,MVTec-AD,metal_nut,123,rescue,gaussian_blur,mild,Wiener,0.6124144792556763,clean
PaDiM,MVTec-AD,metal_nut,123,rescue,gaussian_blur,moderate,Wiener,0.5171065330505371,clean
PaDiM,MVTec-AD,metal_nut,123,rescue,motion_blur,mild,Wiener (Motion PSF),0.6495600938796997,clean
PaDiM,MVTec-AD,metal_nut,123,rescue,motion_blur,moderate,Wiener (Motion PSF),0.597262978553772,clean
PaDiM,MVTec-AD,metal_nut,123,rescue,sensor_noise,mild,NLM Denoise,0.609481930732727,clean
PaDiM,MVTec-AD,metal_nut,123,rescue,sensor_noise,moderate,NLM Denoise,0.5034213066101074,clean
PaDiM,MVTec-AD,metal_nut,123,rescue,fog_haze,mild,Dehaze (Dark Channel),0.4491690993309021,clean
PaDiM,MVTec-AD,metal_nut,123,rescue,fog_haze,moderate,Dehaze (Dark Channel),0.5114858150482178,clean
PaDiM,MVTec-AD,metal_nut,456,rescue,low_light,mild,CLAHE,0.8734115362167358,clean
PaDiM,MVTec-AD,metal_nut,456,rescue,low_light,mild,Retinex,0.5322580337524414,clean
PaDiM,MVTec-AD,metal_nut,456,rescue,low_light,moderate,CLAHE,0.8475073575973511,clean
PaDiM,MVTec-AD,metal_nut,456,rescue,low_light,moderate,Retinex,0.67253178358078,clean
PaDiM,MVTec-AD,metal_nut,456,rescue,gaussian_blur,mild,Wiener,0.7324046492576599,clean
PaDiM,MVTec-AD,metal_nut,456,rescue,gaussian_blur,moderate,Wiener,0.5,clean
PaDiM,MVTec-AD,metal_nut,456,rescue,motion_blur,mild,Wiener (Motion PSF),0.6422287225723267,clean
PaDiM,MVTec-AD,metal_nut,456,rescue,motion_blur,moderate,Wiener (Motion PSF),0.511974573135376,clean
PaDiM,MVTec-AD,metal_nut,456,rescue,sensor_noise,mild,NLM Denoise,0.6080156564712524,clean
PaDiM,MVTec-AD,metal_nut,456,rescue,sensor_noise,moderate,NLM Denoise,0.5131964683532715,clean
PaDiM,MVTec-AD,metal_nut,456,rescue,fog_haze,mild,Dehaze (Dark Channel),0.5461876392364502,clean
PaDiM,MVTec-AD,metal_nut,456,rescue,fog_haze,moderate,Dehaze (Dark Channel),0.5,clean
PaDiM,MVTec-AD,pill,42,rescue,low_light,mild,CLAHE,0.5174577236175537,clean
PaDiM,MVTec-AD,pill,42,rescue,low_light,mild,Retinex,0.5654664635658264,clean
PaDiM,MVTec-AD,pill,42,rescue,low_light,moderate,CLAHE,0.3385161161422729,clean
PaDiM,MVTec-AD,pill,42,rescue,low_light,moderate,Retinex,0.4331696629524231,clean
PaDiM,MVTec-AD,pill,42,rescue,gaussian_blur,mild,Wiener,0.6050190925598145,clean
PaDiM,MVTec-AD,pill,42,rescue,gaussian_blur,moderate,Wiener,0.5602836608886719,clean
PaDiM,MVTec-AD,pill,42,rescue,motion_blur,mild,Wiener (Motion PSF),0.3747954368591308,clean
PaDiM,MVTec-AD,pill,42,rescue,motion_blur,moderate,Wiener (Motion PSF),0.4026186466217041,clean
PaDiM,MVTec-AD,pill,42,rescue,sensor_noise,mild,NLM Denoise,0.5581014752388,clean
PaDiM,MVTec-AD,pill,42,rescue,sensor_noise,moderate,NLM Denoise,0.5485543012619019,clean
PaDiM,MVTec-AD,pill,42,rescue,fog_haze,mild,Dehaze (Dark Channel),0.5676486492156982,clean
PaDiM,MVTec-AD,pill,42,rescue,fog_haze,moderate,Dehaze (Dark Channel),0.4893617033958435,clean
PaDiM,MVTec-AD,pill,123,rescue,low_light,mild,CLAHE,0.5855154991149902,clean
PaDiM,MVTec-AD,pill,123,rescue,low_light,mild,Retinex,0.5,clean
PaDiM,MVTec-AD,pill,123,rescue,low_light,moderate,CLAHE,0.4968631267547607,clean
PaDiM,MVTec-AD,pill,123,rescue,low_light,moderate,Retinex,0.51241135597229,clean
PaDiM,MVTec-AD,pill,123,rescue,gaussian_blur,mild,Wiener,0.5624659061431885,clean
PaDiM,MVTec-AD,pill,123,rescue,gaussian_blur,moderate,Wiener,0.5,clean
PaDiM,MVTec-AD,pill,123,rescue,motion_blur,mild,Wiener (Motion PSF),0.5,clean
PaDiM,MVTec-AD,pill,123,rescue,motion_blur,moderate,Wiener (Motion PSF),0.5,clean
PaDiM,MVTec-AD,pill,123,rescue,sensor_noise,mild,NLM Denoise,0.5,clean
PaDiM,MVTec-AD,pill,123,rescue,sensor_noise,moderate,NLM Denoise,0.5,clean
PaDiM,MVTec-AD,pill,123,rescue,fog_haze,mild,Dehaze (Dark Channel),0.4680851101875305,clean
PaDiM,MVTec-AD,pill,123,rescue,fog_haze,moderate,Dehaze (Dark Channel),0.5,clean
PaDiM,MVTec-AD,pill,456,rescue,low_light,mild,CLAHE,0.7326786518096924,clean
PaDiM,MVTec-AD,pill,456,rescue,low_light,mild,Retinex,0.6134751439094543,clean
PaDiM,MVTec-AD,pill,456,rescue,low_light,moderate,CLAHE,0.4498090445995331,clean
PaDiM,MVTec-AD,pill,456,rescue,low_light,moderate,Retinex,0.5424168109893799,clean
PaDiM,MVTec-AD,pill,456,rescue,gaussian_blur,mild,Wiener,0.689170777797699,clean
PaDiM,MVTec-AD,pill,456,rescue,gaussian_blur,moderate,Wiener,0.5120022296905518,clean
PaDiM,MVTec-AD,pill,456,rescue,motion_blur,mild,Wiener (Motion PSF),0.4401254653930664,clean
PaDiM,MVTec-AD,pill,456,rescue,motion_blur,moderate,Wiener (Motion PSF),0.5050464272499084,clean
PaDiM,MVTec-AD,pill,456,rescue,sensor_noise,mild,NLM Denoise,0.5496454238891602,clean
PaDiM,MVTec-AD,pill,456,rescue,sensor_noise,moderate,NLM Denoise,0.5999727249145508,clean
PaDiM,MVTec-AD,pill,456,rescue,fog_haze,mild,Dehaze (Dark Channel),0.5,clean
PaDiM,MVTec-AD,pill,456,rescue,fog_haze,moderate,Dehaze (Dark Channel),0.5,clean
PaDiM,MVTec-AD,screw,42,rescue,low_light,mild,CLAHE,0.5,clean
PaDiM,MVTec-AD,screw,42,rescue,low_light,mild,Retinex,0.4982578456401825,clean
PaDiM,MVTec-AD,screw,42,rescue,low_light,moderate,CLAHE,0.5,clean
PaDiM,MVTec-AD,screw,42,rescue,low_light,moderate,Retinex,0.4115597605705261,clean
PaDiM,MVTec-AD,screw,42,rescue,gaussian_blur,mild,Wiener,0.6519778966903687,clean
PaDiM,MVTec-AD,screw,42,rescue,gaussian_blur,moderate,Wiener,0.5,clean
PaDiM,MVTec-AD,screw,42,rescue,motion_blur,mild,Wiener (Motion PSF),0.587210476398468,clean
PaDiM,MVTec-AD,screw,42,rescue,motion_blur,moderate,Wiener (Motion PSF),0.5487804412841797,clean
PaDiM,MVTec-AD,screw,42,rescue,sensor_noise,mild,NLM Denoise,0.5339208841323853,clean
PaDiM,MVTec-AD,screw,42,rescue,sensor_noise,moderate,NLM Denoise,0.4303135871887207,clean
PaDiM,MVTec-AD,screw,42,rescue,fog_haze,mild,Dehaze (Dark Channel),0.4396392703056335,clean
PaDiM,MVTec-AD,screw,42,rescue,fog_haze,moderate,Dehaze (Dark Channel),0.4957983195781708,clean
PaDiM,MVTec-AD,screw,123,rescue,low_light,mild,CLAHE,0.5,clean
PaDiM,MVTec-AD,screw,123,rescue,low_light,mild,Retinex,0.536380410194397,clean
PaDiM,MVTec-AD,screw,123,rescue,low_light,moderate,CLAHE,0.5,clean
PaDiM,MVTec-AD,screw,123,rescue,low_light,moderate,Retinex,0.5113753080368042,clean
PaDiM,MVTec-AD,screw,123,rescue,gaussian_blur,mild,Wiener,0.55656898021698,clean
PaDiM,MVTec-AD,screw,123,rescue,gaussian_blur,moderate,Wiener,0.5,clean
PaDiM,MVTec-AD,screw,123,rescue,motion_blur,mild,Wiener (Motion PSF),0.630559504032135,clean
PaDiM,MVTec-AD,screw,123,rescue,motion_blur,moderate,Wiener (Motion PSF),0.6242058277130127,clean
PaDiM,MVTec-AD,screw,123,rescue,sensor_noise,mild,NLM Denoise,0.5,clean
PaDiM,MVTec-AD,screw,123,rescue,sensor_noise,moderate,NLM Denoise,0.5,clean
PaDiM,MVTec-AD,screw,123,rescue,fog_haze,mild,Dehaze (Dark Channel),0.4188358187675476,clean
PaDiM,MVTec-AD,screw,123,rescue,fog_haze,moderate,Dehaze (Dark Channel),0.462184876203537,clean
PaDiM,MVTec-AD,screw,456,rescue,low_light,mild,CLAHE,0.4705882370471954,clean
PaDiM,MVTec-AD,screw,456,rescue,low_light,mild,Retinex,0.5494979023933411,clean
PaDiM,MVTec-AD,screw,456,rescue,low_light,moderate,CLAHE,0.4957983195781708,clean
PaDiM,MVTec-AD,screw,456,rescue,low_light,moderate,Retinex,0.5629227757453918,clean
PaDiM,MVTec-AD,screw,456,rescue,gaussian_blur,mild,Wiener,0.5691739916801453,clean
PaDiM,MVTec-AD,screw,456,rescue,gaussian_blur,moderate,Wiener,0.5,clean
PaDiM,MVTec-AD,screw,456,rescue,motion_blur,mild,Wiener (Motion PSF),0.5900799036026001,clean
PaDiM,MVTec-AD,screw,456,rescue,motion_blur,moderate,Wiener (Motion PSF),0.5243902206420898,clean
PaDiM,MVTec-AD,screw,456,rescue,sensor_noise,mild,NLM Denoise,0.501127302646637,clean
PaDiM,MVTec-AD,screw,456,rescue,sensor_noise,moderate,NLM Denoise,0.4957983195781708,clean
PaDiM,MVTec-AD,screw,456,rescue,fog_haze,mild,Dehaze (Dark Channel),0.5,clean
PaDiM,MVTec-AD,screw,456,rescue,fog_haze,moderate,Dehaze (Dark Channel),0.5,clean
PaDiM,MVTec-AD,tile,42,rescue,low_light,mild,CLAHE,0.9664502143859864,clean
PaDiM,MVTec-AD,tile,42,rescue,low_light,mild,Retinex,0.8030303120613098,clean
PaDiM,MVTec-AD,tile,42,rescue,low_light,moderate,CLAHE,0.9585137367248536,clean
PaDiM,MVTec-AD,tile,42,rescue,low_light,moderate,Retinex,0.7940115928649902,clean
PaDiM,MVTec-AD,tile,42,rescue,gaussian_blur,mild,Wiener,0.7171717286109924,clean
PaDiM,MVTec-AD,tile,42,rescue,gaussian_blur,moderate,Wiener,0.5638527870178223,clean
PaDiM,MVTec-AD,tile,42,rescue,motion_blur,mild,Wiener (Motion PSF),0.8427128195762634,clean
PaDiM,MVTec-AD,tile,42,rescue,motion_blur,moderate,Wiener (Motion PSF),0.6958874464035034,clean
PaDiM,MVTec-AD,tile,42,rescue,sensor_noise,mild,NLM Denoise,0.8632756471633911,clean
PaDiM,MVTec-AD,tile,42,rescue,sensor_noise,moderate,NLM Denoise,0.764430046081543,clean
PaDiM,MVTec-AD,tile,42,rescue,fog_haze,mild,Dehaze (Dark Channel),0.8492063283920288,clean
PaDiM,MVTec-AD,tile,42,rescue,fog_haze,moderate,Dehaze (Dark Channel),0.8481241464614868,clean
PaDiM,MVTec-AD,tile,123,rescue,low_light,mild,CLAHE,0.9621212482452391,clean
PaDiM,MVTec-AD,tile,123,rescue,low_light,mild,Retinex,0.941919207572937,clean
PaDiM,MVTec-AD,tile,123,rescue,low_light,moderate,CLAHE,0.9653679728507996,clean
PaDiM,MVTec-AD,tile,123,rescue,low_light,moderate,Retinex,0.9267677068710328,clean
PaDiM,MVTec-AD,tile,123,rescue,gaussian_blur,mild,Wiener,0.6796536445617676,clean
PaDiM,MVTec-AD,tile,123,rescue,gaussian_blur,moderate,Wiener,0.5057719945907593,clean
PaDiM,MVTec-AD,tile,123,rescue,motion_blur,mild,Wiener (Motion PSF),0.744949460029602,clean
PaDiM,MVTec-AD,tile,123,rescue,motion_blur,moderate,Wiener (Motion PSF),0.6168831586837769,clean
PaDiM,MVTec-AD,tile,123,rescue,sensor_noise,mild,NLM Denoise,0.869408369064331,clean
PaDiM,MVTec-AD,tile,123,rescue,sensor_noise,moderate,NLM Denoise,0.8726551532745361,clean
PaDiM,MVTec-AD,tile,123,rescue,fog_haze,mild,Dehaze (Dark Channel),0.7775973677635193,clean
PaDiM,MVTec-AD,tile,123,rescue,fog_haze,moderate,Dehaze (Dark Channel),0.7294372320175171,clean
PaDiM,MVTec-AD,tile,456,rescue,low_light,mild,CLAHE,0.9743866920471193,clean
PaDiM,MVTec-AD,tile,456,rescue,low_light,mild,Retinex,0.963925004005432,clean
PaDiM,MVTec-AD,tile,456,rescue,low_light,moderate,CLAHE,0.9758297204971312,clean
PaDiM,MVTec-AD,tile,456,rescue,low_light,moderate,Retinex,0.94372296333313,clean
PaDiM,MVTec-AD,tile,456,rescue,gaussian_blur,mild,Wiener,0.6805555820465088,clean
PaDiM,MVTec-AD,tile,456,rescue,gaussian_blur,moderate,Wiener,0.5247113704681396,clean
PaDiM,MVTec-AD,tile,456,rescue,motion_blur,mild,Wiener (Motion PSF),0.6801947355270386,clean
PaDiM,MVTec-AD,tile,456,rescue,motion_blur,moderate,Wiener (Motion PSF),0.6020923256874084,clean
PaDiM,MVTec-AD,tile,456,rescue,sensor_noise,mild,NLM Denoise,0.7463924884796143,clean
PaDiM,MVTec-AD,tile,456,rescue,sensor_noise,moderate,NLM Denoise,0.6172438263893127,clean
PaDiM,MVTec-AD,tile,456,rescue,fog_haze,mild,Dehaze (Dark Channel),0.9379509687423706,clean
PaDiM,MVTec-AD,tile,456,rescue,fog_haze,moderate,Dehaze (Dark Channel),0.8733766674995422,clean
PaDiM,MVTec-AD,toothbrush,42,rescue,low_light,mild,CLAHE,0.961111068725586,clean
PaDiM,MVTec-AD,toothbrush,42,rescue,low_light,mild,Retinex,0.7333333492279053,clean
PaDiM,MVTec-AD,toothbrush,42,rescue,low_light,moderate,CLAHE,0.7416666746139526,clean
PaDiM,MVTec-AD,toothbrush,42,rescue,low_light,moderate,Retinex,0.8638888597488403,clean
PaDiM,MVTec-AD,toothbrush,42,rescue,gaussian_blur,mild,Wiener,0.5,clean
PaDiM,MVTec-AD,toothbrush,42,rescue,gaussian_blur,moderate,Wiener,0.5,clean
PaDiM,MVTec-AD,toothbrush,42,rescue,motion_blur,mild,Wiener (Motion PSF),0.7444443702697754,clean
PaDiM,MVTec-AD,toothbrush,42,rescue,motion_blur,moderate,Wiener (Motion PSF),0.6638889312744141,clean
PaDiM,MVTec-AD,toothbrush,42,rescue,sensor_noise,mild,NLM Denoise,0.855555534362793,clean
PaDiM,MVTec-AD,toothbrush,42,rescue,sensor_noise,moderate,NLM Denoise,0.7888889312744141,clean
PaDiM,MVTec-AD,toothbrush,42,rescue,fog_haze,mild,Dehaze (Dark Channel),0.5416666269302368,clean
PaDiM,MVTec-AD,toothbrush,42,rescue,fog_haze,moderate,Dehaze (Dark Channel),0.4833333194255829,clean
PaDiM,MVTec-AD,toothbrush,123,rescue,low_light,mild,CLAHE,0.8777778148651123,clean
PaDiM,MVTec-AD,toothbrush,123,rescue,low_light,mild,Retinex,0.7972222566604614,clean
PaDiM,MVTec-AD,toothbrush,123,rescue,low_light,moderate,CLAHE,0.6541666984558105,clean
PaDiM,MVTec-AD,toothbrush,123,rescue,low_light,moderate,Retinex,0.7944444417953491,clean
PaDiM,MVTec-AD,toothbrush,123,rescue,gaussian_blur,mild,Wiener,0.6694444417953491,clean
PaDiM,MVTec-AD,toothbrush,123,rescue,gaussian_blur,moderate,Wiener,0.5,clean
PaDiM,MVTec-AD,toothbrush,123,rescue,motion_blur,mild,Wiener (Motion PSF),0.4416666626930237,clean
PaDiM,MVTec-AD,toothbrush,123,rescue,motion_blur,moderate,Wiener (Motion PSF),0.6138888597488403,clean
PaDiM,MVTec-AD,toothbrush,123,rescue,sensor_noise,mild,NLM Denoise,0.7666666507720947,clean
PaDiM,MVTec-AD,toothbrush,123,rescue,sensor_noise,moderate,NLM Denoise,0.4972221851348877,clean
PaDiM,MVTec-AD,toothbrush,123,rescue,fog_haze,mild,Dehaze (Dark Channel),0.5666666626930237,clean
PaDiM,MVTec-AD,toothbrush,123,rescue,fog_haze,moderate,Dehaze (Dark Channel),0.5138888955116272,clean
PaDiM,MVTec-AD,toothbrush,456,rescue,low_light,mild,CLAHE,0.7472221851348877,clean
PaDiM,MVTec-AD,toothbrush,456,rescue,low_light,mild,Retinex,0.7263888716697693,clean
PaDiM,MVTec-AD,toothbrush,456,rescue,low_light,moderate,CLAHE,0.6583333015441895,clean
PaDiM,MVTec-AD,toothbrush,456,rescue,low_light,moderate,Retinex,0.7666666507720947,clean
PaDiM,MVTec-AD,toothbrush,456,rescue,gaussian_blur,mild,Wiener,0.5,clean
PaDiM,MVTec-AD,toothbrush,456,rescue,gaussian_blur,moderate,Wiener,0.5,clean
PaDiM,MVTec-AD,toothbrush,456,rescue,motion_blur,mild,Wiener (Motion PSF),0.7194443941116333,clean
PaDiM,MVTec-AD,toothbrush,456,rescue,motion_blur,moderate,Wiener (Motion PSF),0.5499999523162842,clean
PaDiM,MVTec-AD,toothbrush,456,rescue,sensor_noise,mild,NLM Denoise,0.5388888716697693,clean
PaDiM,MVTec-AD,toothbrush,456,rescue,sensor_noise,moderate,NLM Denoise,0.5888888835906982,clean
PaDiM,MVTec-AD,toothbrush,456,rescue,fog_haze,mild,Dehaze (Dark Channel),0.4874999821186065,clean
PaDiM,MVTec-AD,toothbrush,456,rescue,fog_haze,moderate,Dehaze (Dark Channel),0.5,clean
PaDiM,MVTec-AD,transistor,42,rescue,low_light,mild,CLAHE,0.8199999928474426,clean
PaDiM,MVTec-AD,transistor,42,rescue,low_light,mild,Retinex,0.8462499380111694,clean
PaDiM,MVTec-AD,transistor,42,rescue,low_light,moderate,CLAHE,0.8608332872390747,clean
PaDiM,MVTec-AD,transistor,42,rescue,low_light,moderate,Retinex,0.7999999523162842,clean
PaDiM,MVTec-AD,transistor,42,rescue,gaussian_blur,mild,Wiener,0.6891666650772095,clean
PaDiM,MVTec-AD,transistor,42,rescue,gaussian_blur,moderate,Wiener,0.5037499666213989,clean
PaDiM,MVTec-AD,transistor,42,rescue,motion_blur,mild,Wiener (Motion PSF),0.7649999856948853,clean
PaDiM,MVTec-AD,transistor,42,rescue,motion_blur,moderate,Wiener (Motion PSF),0.5527083873748779,clean
PaDiM,MVTec-AD,transistor,42,rescue,sensor_noise,mild,NLM Denoise,0.8125,clean
PaDiM,MVTec-AD,transistor,42,rescue,sensor_noise,moderate,NLM Denoise,0.7283332943916321,clean
PaDiM,MVTec-AD,transistor,42,rescue,fog_haze,mild,Dehaze (Dark Channel),0.78125,clean
PaDiM,MVTec-AD,transistor,42,rescue,fog_haze,moderate,Dehaze (Dark Channel),0.5572916269302368,clean
PaDiM,MVTec-AD,transistor,123,rescue,low_light,mild,CLAHE,0.8829166889190674,clean
PaDiM,MVTec-AD,transistor,123,rescue,low_light,mild,Retinex,0.8799999952316284,clean
PaDiM,MVTec-AD,transistor,123,rescue,low_light,moderate,CLAHE,0.846666693687439,clean
PaDiM,MVTec-AD,transistor,123,rescue,low_light,moderate,Retinex,0.7406249642372131,clean
PaDiM,MVTec-AD,transistor,123,rescue,gaussian_blur,mild,Wiener,0.7124999761581421,clean
PaDiM,MVTec-AD,transistor,123,rescue,gaussian_blur,moderate,Wiener,0.64041668176651,clean
PaDiM,MVTec-AD,transistor,123,rescue,motion_blur,mild,Wiener (Motion PSF),0.7737500071525574,clean
PaDiM,MVTec-AD,transistor,123,rescue,motion_blur,moderate,Wiener (Motion PSF),0.6520833373069763,clean
PaDiM,MVTec-AD,transistor,123,rescue,sensor_noise,mild,NLM Denoise,0.7620833516120911,clean
PaDiM,MVTec-AD,transistor,123,rescue,sensor_noise,moderate,NLM Denoise,0.7233333587646484,clean
PaDiM,MVTec-AD,transistor,123,rescue,fog_haze,mild,Dehaze (Dark Channel),0.6445833444595337,clean
PaDiM,MVTec-AD,transistor,123,rescue,fog_haze,moderate,Dehaze (Dark Channel),0.6043749451637268,clean
PaDiM,MVTec-AD,transistor,456,rescue,low_light,mild,CLAHE,0.8674999475479126,clean
PaDiM,MVTec-AD,transistor,456,rescue,low_light,mild,Retinex,0.6977083683013916,clean
PaDiM,MVTec-AD,transistor,456,rescue,low_light,moderate,CLAHE,0.8833333253860474,clean
PaDiM,MVTec-AD,transistor,456,rescue,low_light,moderate,Retinex,0.6970833539962769,clean
PaDiM,MVTec-AD,transistor,456,rescue,gaussian_blur,mild,Wiener,0.6499999761581421,clean
PaDiM,MVTec-AD,transistor,456,rescue,gaussian_blur,moderate,Wiener,0.5639583468437195,clean
PaDiM,MVTec-AD,transistor,456,rescue,motion_blur,mild,Wiener (Motion PSF),0.7806249856948853,clean
PaDiM,MVTec-AD,transistor,456,rescue,motion_blur,moderate,Wiener (Motion PSF),0.652916669845581,clean
PaDiM,MVTec-AD,transistor,456,rescue,sensor_noise,mild,NLM Denoise,0.7829166650772095,clean
PaDiM,MVTec-AD,transistor,456,rescue,sensor_noise,moderate,NLM Denoise,0.7316666841506958,clean
PaDiM,MVTec-AD,transistor,456,rescue,fog_haze,mild,Dehaze (Dark Channel),0.7408333420753479,clean
PaDiM,MVTec-AD,transistor,456,rescue,fog_haze,moderate,Dehaze (Dark Channel),0.5370833277702332,clean
PaDiM,MVTec-AD,wood,42,rescue,low_light,mild,CLAHE,0.9552631378173828,clean
PaDiM,MVTec-AD,wood,42,rescue,low_light,mild,Retinex,0.8745614290237427,clean
PaDiM,MVTec-AD,wood,42,rescue,low_light,moderate,CLAHE,0.8956140279769897,clean
PaDiM,MVTec-AD,wood,42,rescue,low_light,moderate,Retinex,0.8078947067260742,clean
PaDiM,MVTec-AD,wood,42,rescue,gaussian_blur,mild,Wiener,0.7254385948181152,clean
PaDiM,MVTec-AD,wood,42,rescue,gaussian_blur,moderate,Wiener,0.5929824709892273,clean
PaDiM,MVTec-AD,wood,42,rescue,motion_blur,mild,Wiener (Motion PSF),0.8798245787620544,clean
PaDiM,MVTec-AD,wood,42,rescue,motion_blur,moderate,Wiener (Motion PSF),0.9333333373069764,clean
PaDiM,MVTec-AD,wood,42,rescue,sensor_noise,mild,NLM Denoise,0.3842105269432068,clean
PaDiM,MVTec-AD,wood,42,rescue,sensor_noise,moderate,NLM Denoise,0.2921052575111389,clean
PaDiM,MVTec-AD,wood,42,rescue,fog_haze,mild,Dehaze (Dark Channel),0.6789473295211792,clean
PaDiM,MVTec-AD,wood,42,rescue,fog_haze,moderate,Dehaze (Dark Channel),0.634210467338562,clean
PaDiM,MVTec-AD,wood,123,rescue,low_light,mild,CLAHE,0.9561402797698976,clean
PaDiM,MVTec-AD,wood,123,rescue,low_light,mild,Retinex,0.8500000238418579,clean
PaDiM,MVTec-AD,wood,123,rescue,low_light,moderate,CLAHE,0.925438642501831,clean
PaDiM,MVTec-AD,wood,123,rescue,low_light,moderate,Retinex,0.9429824352264404,clean
PaDiM,MVTec-AD,wood,123,rescue,gaussian_blur,mild,Wiener,0.8973684310913086,clean
PaDiM,MVTec-AD,wood,123,rescue,gaussian_blur,moderate,Wiener,0.5605263710021973,clean
PaDiM,MVTec-AD,wood,123,rescue,motion_blur,mild,Wiener (Motion PSF),0.9561402797698976,clean
PaDiM,MVTec-AD,wood,123,rescue,motion_blur,moderate,Wiener (Motion PSF),0.8201754093170166,clean
PaDiM,MVTec-AD,wood,123,rescue,sensor_noise,mild,NLM Denoise,0.8289474248886108,clean
PaDiM,MVTec-AD,wood,123,rescue,sensor_noise,moderate,NLM Denoise,0.5245614051818848,clean
PaDiM,MVTec-AD,wood,123,rescue,fog_haze,mild,Dehaze (Dark Channel),0.7070175409317017,clean
PaDiM,MVTec-AD,wood,123,rescue,fog_haze,moderate,Dehaze (Dark Channel),0.5662280917167664,clean
PaDiM,MVTec-AD,wood,456,rescue,low_light,mild,CLAHE,0.8464912176132202,clean
PaDiM,MVTec-AD,wood,456,rescue,low_light,mild,Retinex,0.909649133682251,clean
PaDiM,MVTec-AD,wood,456,rescue,low_light,moderate,CLAHE,0.8368421196937561,clean
PaDiM,MVTec-AD,wood,456,rescue,low_light,moderate,Retinex,0.97631573677063,clean
PaDiM,MVTec-AD,wood,456,rescue,gaussian_blur,mild,Wiener,0.6429824829101562,clean
PaDiM,MVTec-AD,wood,456,rescue,gaussian_blur,moderate,Wiener,0.5210525989532471,clean
PaDiM,MVTec-AD,wood,456,rescue,motion_blur,mild,Wiener (Motion PSF),0.8833333253860474,clean
PaDiM,MVTec-AD,wood,456,rescue,motion_blur,moderate,Wiener (Motion PSF),0.6157894134521484,clean
PaDiM,MVTec-AD,wood,456,rescue,sensor_noise,mild,NLM Denoise,0.4771929979324341,clean
PaDiM,MVTec-AD,wood,456,rescue,sensor_noise,moderate,NLM Denoise,0.4745613932609558,clean
PaDiM,MVTec-AD,wood,456,rescue,fog_haze,mild,Dehaze (Dark Channel),0.6324561238288879,clean
PaDiM,MVTec-AD,wood,456,rescue,fog_haze,moderate,Dehaze (Dark Channel),0.6043859720230103,clean
PaDiM,MVTec-AD,zipper,42,rescue,low_light,mild,CLAHE,0.5,clean
PaDiM,MVTec-AD,zipper,42,rescue,low_light,mild,Retinex,0.5,clean
PaDiM,MVTec-AD,zipper,42,rescue,low_light,moderate,CLAHE,0.5,clean
PaDiM,MVTec-AD,zipper,42,rescue,low_light,moderate,Retinex,0.5,clean
PaDiM,MVTec-AD,zipper,42,rescue,gaussian_blur,mild,Wiener,0.6801470518112183,clean
PaDiM,MVTec-AD,zipper,42,rescue,gaussian_blur,moderate,Wiener,0.5211397409439087,clean
PaDiM,MVTec-AD,zipper,42,rescue,motion_blur,mild,Wiener (Motion PSF),0.6536239385604858,clean
PaDiM,MVTec-AD,zipper,42,rescue,motion_blur,moderate,Wiener (Motion PSF),0.5821954011917114,clean
PaDiM,MVTec-AD,zipper,42,rescue,sensor_noise,mild,NLM Denoise,0.5126050710678101,clean
PaDiM,MVTec-AD,zipper,42,rescue,sensor_noise,moderate,NLM Denoise,0.5,clean
PaDiM,MVTec-AD,zipper,42,rescue,fog_haze,mild,Dehaze (Dark Channel),0.692489504814148,clean
PaDiM,MVTec-AD,zipper,42,rescue,fog_haze,moderate,Dehaze (Dark Channel),0.6819852590560913,clean
PaDiM,MVTec-AD,zipper,123,rescue,low_light,mild,CLAHE,0.5,clean
PaDiM,MVTec-AD,zipper,123,rescue,low_light,mild,Retinex,0.5267857313156128,clean
PaDiM,MVTec-AD,zipper,123,rescue,low_light,moderate,CLAHE,0.5,clean
PaDiM,MVTec-AD,zipper,123,rescue,low_light,moderate,Retinex,0.5737919807434082,clean
PaDiM,MVTec-AD,zipper,123,rescue,gaussian_blur,mild,Wiener,0.7132352590560913,clean
PaDiM,MVTec-AD,zipper,123,rescue,gaussian_blur,moderate,Wiener,0.6294642686843872,clean
PaDiM,MVTec-AD,zipper,123,rescue,motion_blur,mild,Wiener (Motion PSF),0.7531512975692749,clean
PaDiM,MVTec-AD,zipper,123,rescue,motion_blur,moderate,Wiener (Motion PSF),0.5548844337463379,clean
PaDiM,MVTec-AD,zipper,123,rescue,sensor_noise,mild,NLM Denoise,0.5,clean
PaDiM,MVTec-AD,zipper,123,rescue,sensor_noise,moderate,NLM Denoise,0.5,clean
PaDiM,MVTec-AD,zipper,123,rescue,fog_haze,mild,Dehaze (Dark Channel),0.5748424530029297,clean
PaDiM,MVTec-AD,zipper,123,rescue,fog_haze,moderate,Dehaze (Dark Channel),0.5735294222831726,clean
PaDiM,MVTec-AD,zipper,456,rescue,low_light,mild,CLAHE,0.5429359674453735,clean
PaDiM,MVTec-AD,zipper,456,rescue,low_light,mild,Retinex,0.7686449289321899,clean
PaDiM,MVTec-AD,zipper,456,rescue,low_light,moderate,CLAHE,0.588760495185852,clean
PaDiM,MVTec-AD,zipper,456,rescue,low_light,moderate,Retinex,0.6641281843185425,clean
PaDiM,MVTec-AD,zipper,456,rescue,gaussian_blur,mild,Wiener,0.7573529481887817,clean
PaDiM,MVTec-AD,zipper,456,rescue,gaussian_blur,moderate,Wiener,0.4789915978908539,clean
PaDiM,MVTec-AD,zipper,456,rescue,motion_blur,mild,Wiener (Motion PSF),0.7452731132507324,clean
PaDiM,MVTec-AD,zipper,456,rescue,motion_blur,moderate,Wiener (Motion PSF),0.561974823474884,clean
PaDiM,MVTec-AD,zipper,456,rescue,sensor_noise,mild,NLM Denoise,0.501969575881958,clean
PaDiM,MVTec-AD,zipper,456,rescue,sensor_noise,moderate,NLM Denoise,0.6215860843658447,clean
PaDiM,MVTec-AD,zipper,456,rescue,fog_haze,mild,Dehaze (Dark Channel),0.6790966987609863,clean
PaDiM,MVTec-AD,zipper,456,rescue,fog_haze,moderate,Dehaze (Dark Channel),0.7089022994041443,clean
PatchCore,MVTec-AD,bottle,42,baseline,clean,none,none,1.0,clean
PatchCore,MVTec-AD,bottle,42,degradation,low_light,mild,none,0.9365079402923584,clean
PatchCore,MVTec-AD,bottle,42,degradation,low_light,moderate,none,0.9674603343009948,clean
PatchCore,MVTec-AD,bottle,42,degradation,low_light,severe,none,0.961904764175415,clean
PatchCore,MVTec-AD,bottle,42,rescue,low_light,severe,CLAHE,0.8777778148651123,clean
PatchCore,MVTec-AD,bottle,42,rescue,low_light,severe,Retinex,0.949999988079071,clean
PatchCore,MVTec-AD,bottle,42,degradation,gaussian_blur,mild,none,1.0,clean
PatchCore,MVTec-AD,bottle,42,degradation,gaussian_blur,moderate,none,0.8888888955116272,clean
PatchCore,MVTec-AD,bottle,42,degradation,gaussian_blur,severe,none,0.5722222328186035,clean
PatchCore,MVTec-AD,bottle,42,rescue,gaussian_blur,severe,Wiener,0.7273809909820557,clean
PatchCore,MVTec-AD,bottle,42,degradation,motion_blur,mild,none,1.0,clean
PatchCore,MVTec-AD,bottle,42,degradation,motion_blur,moderate,none,0.8976190686225891,clean
PatchCore,MVTec-AD,bottle,42,degradation,motion_blur,severe,none,0.730158805847168,clean
PatchCore,MVTec-AD,bottle,42,rescue,motion_blur,severe,Wiener (Motion PSF),0.5623016357421875,clean
PatchCore,MVTec-AD,bottle,42,degradation,sensor_noise,mild,none,0.8603174686431885,clean
PatchCore,MVTec-AD,bottle,42,degradation,sensor_noise,moderate,none,0.8134920597076416,clean
PatchCore,MVTec-AD,bottle,42,degradation,sensor_noise,severe,none,0.7507936954498291,clean
PatchCore,MVTec-AD,bottle,42,rescue,sensor_noise,severe,NLM Denoise,0.8761904835700989,clean
PatchCore,MVTec-AD,bottle,42,degradation,fog_haze,mild,none,0.4904761910438537,clean
PatchCore,MVTec-AD,bottle,42,degradation,fog_haze,moderate,none,0.7968254089355469,clean
PatchCore,MVTec-AD,bottle,42,degradation,fog_haze,severe,none,0.7150794267654419,clean
PatchCore,MVTec-AD,bottle,42,rescue,fog_haze,severe,Dehaze (Dark Channel),0.8158730268478394,clean
PatchCore,MVTec-AD,bottle,123,baseline,clean,none,none,1.0,clean
PatchCore,MVTec-AD,bottle,123,degradation,low_light,mild,none,0.9341269731521606,clean
PatchCore,MVTec-AD,bottle,123,degradation,low_light,moderate,none,0.9611111283302308,clean
PatchCore,MVTec-AD,bottle,123,degradation,low_light,severe,none,0.9603174328804016,clean
PatchCore,MVTec-AD,bottle,123,rescue,low_light,severe,CLAHE,0.8928571939468384,clean
PatchCore,MVTec-AD,bottle,123,rescue,low_light,severe,Retinex,0.9547619223594666,clean
PatchCore,MVTec-AD,bottle,123,degradation,gaussian_blur,mild,none,1.0,clean
PatchCore,MVTec-AD,bottle,123,degradation,gaussian_blur,moderate,none,0.8976190686225891,clean
PatchCore,MVTec-AD,bottle,123,degradation,gaussian_blur,severe,none,0.565079391002655,clean
PatchCore,MVTec-AD,bottle,123,rescue,gaussian_blur,severe,Wiener,0.7230159044265747,clean
PatchCore,MVTec-AD,bottle,123,degradation,motion_blur,mild,none,0.9992063641548156,clean
PatchCore,MVTec-AD,bottle,123,degradation,motion_blur,moderate,none,0.9023810029029846,clean
PatchCore,MVTec-AD,bottle,123,degradation,motion_blur,severe,none,0.5980159044265747,clean
PatchCore,MVTec-AD,bottle,123,rescue,motion_blur,severe,Wiener (Motion PSF),0.5484127402305603,clean
PatchCore,MVTec-AD,bottle,123,degradation,sensor_noise,mild,none,0.8658729791641235,clean
PatchCore,MVTec-AD,bottle,123,degradation,sensor_noise,moderate,none,0.8071428537368774,clean
PatchCore,MVTec-AD,bottle,123,degradation,sensor_noise,severe,none,0.7484127283096313,clean
PatchCore,MVTec-AD,bottle,123,rescue,sensor_noise,severe,NLM Denoise,0.8777777552604675,clean
PatchCore,MVTec-AD,bottle,123,degradation,fog_haze,mild,none,0.4706349372863769,clean
PatchCore,MVTec-AD,bottle,123,degradation,fog_haze,moderate,none,0.841269850730896,clean
PatchCore,MVTec-AD,bottle,123,degradation,fog_haze,severe,none,0.6063492298126221,clean
PatchCore,MVTec-AD,bottle,123,rescue,fog_haze,severe,Dehaze (Dark Channel),0.8595238327980042,clean
PatchCore,MVTec-AD,bottle,456,baseline,clean,none,none,1.0,clean
PatchCore,MVTec-AD,bottle,456,degradation,low_light,mild,none,0.9373015761375428,clean
PatchCore,MVTec-AD,bottle,456,degradation,low_light,moderate,none,0.962698459625244,clean
PatchCore,MVTec-AD,bottle,456,degradation,low_light,severe,none,0.9595237970352172,clean
PatchCore,MVTec-AD,bottle,456,rescue,low_light,severe,CLAHE,0.8896825313568115,clean
PatchCore,MVTec-AD,bottle,456,rescue,low_light,severe,Retinex,0.9658730030059814,clean
PatchCore,MVTec-AD,bottle,456,degradation,gaussian_blur,mild,none,1.0,clean
PatchCore,MVTec-AD,bottle,456,degradation,gaussian_blur,moderate,none,0.899206280708313,clean
PatchCore,MVTec-AD,bottle,456,degradation,gaussian_blur,severe,none,0.5492063760757446,clean
PatchCore,MVTec-AD,bottle,456,rescue,gaussian_blur,severe,Wiener,0.7555555701255798,clean
PatchCore,MVTec-AD,bottle,456,degradation,motion_blur,mild,none,1.0,clean
PatchCore,MVTec-AD,bottle,456,degradation,motion_blur,moderate,none,0.9039682149887084,clean
PatchCore,MVTec-AD,bottle,456,degradation,motion_blur,severe,none,0.7658730745315552,clean
PatchCore,MVTec-AD,bottle,456,rescue,motion_blur,severe,Wiener (Motion PSF),0.5873016119003296,clean
PatchCore,MVTec-AD,bottle,456,degradation,sensor_noise,mild,none,0.8634920716285706,clean
PatchCore,MVTec-AD,bottle,456,degradation,sensor_noise,moderate,none,0.8198412656784058,clean
PatchCore,MVTec-AD,bottle,456,degradation,sensor_noise,severe,none,0.7253968715667725,clean
PatchCore,MVTec-AD,bottle,456,rescue,sensor_noise,severe,NLM Denoise,0.8738095164299011,clean
PatchCore,MVTec-AD,bottle,456,degradation,fog_haze,mild,none,0.3968254029750824,clean
PatchCore,MVTec-AD,bottle,456,degradation,fog_haze,moderate,none,0.7698413133621216,clean
PatchCore,MVTec-AD,bottle,456,degradation,fog_haze,severe,none,0.6472222208976746,clean
PatchCore,MVTec-AD,bottle,456,rescue,fog_haze,severe,Dehaze (Dark Channel),0.8452380895614624,clean
PatchCore,MVTec-AD,cable,42,baseline,clean,none,none,0.9902548789978028,clean
PatchCore,MVTec-AD,cable,42,degradation,low_light,mild,none,0.9696402549743652,clean
PatchCore,MVTec-AD,cable,42,degradation,low_light,moderate,none,0.922976016998291,clean
PatchCore,MVTec-AD,cable,42,degradation,low_light,severe,none,0.8268365859985352,clean
PatchCore,MVTec-AD,cable,42,rescue,low_light,severe,CLAHE,0.8538230657577515,clean
PatchCore,MVTec-AD,cable,42,rescue,low_light,severe,Retinex,0.8097826242446899,clean
PatchCore,MVTec-AD,cable,42,degradation,gaussian_blur,mild,none,0.9177286624908448,clean
PatchCore,MVTec-AD,cable,42,degradation,gaussian_blur,moderate,none,0.532421350479126,clean
PatchCore,MVTec-AD,cable,42,degradation,gaussian_blur,severe,none,0.5,clean
PatchCore,MVTec-AD,cable,42,rescue,gaussian_blur,severe,Wiener,0.5,clean
PatchCore,MVTec-AD,cable,42,degradation,motion_blur,mild,none,0.7889804840087891,clean
PatchCore,MVTec-AD,cable,42,degradation,motion_blur,moderate,none,0.5,clean
PatchCore,MVTec-AD,cable,42,degradation,motion_blur,severe,none,0.5,clean
PatchCore,MVTec-AD,cable,42,rescue,motion_blur,severe,Wiener (Motion PSF),0.6116941571235657,clean
PatchCore,MVTec-AD,cable,42,degradation,sensor_noise,mild,none,0.9724512696266174,clean
PatchCore,MVTec-AD,cable,42,degradation,sensor_noise,moderate,none,0.9390929341316224,clean
PatchCore,MVTec-AD,cable,42,degradation,sensor_noise,severe,none,0.8948650360107422,clean
PatchCore,MVTec-AD,cable,42,rescue,sensor_noise,severe,NLM Denoise,0.7634932398796082,clean
PatchCore,MVTec-AD,cable,42,degradation,fog_haze,mild,none,0.8455771803855896,clean
PatchCore,MVTec-AD,cable,42,degradation,fog_haze,moderate,none,0.808845579624176,clean
PatchCore,MVTec-AD,cable,42,degradation,fog_haze,severe,none,0.6758807897567749,clean
PatchCore,MVTec-AD,cable,42,rescue,fog_haze,severe,Dehaze (Dark Channel),0.7743628025054932,clean
PatchCore,MVTec-AD,cable,123,baseline,clean,none,none,0.9900674819946288,clean
PatchCore,MVTec-AD,cable,123,degradation,low_light,mild,none,0.9713268280029296,clean
PatchCore,MVTec-AD,cable,123,degradation,low_light,moderate,none,0.9269115328788756,clean
PatchCore,MVTec-AD,cable,123,degradation,low_light,severe,none,0.8095951676368713,clean
PatchCore,MVTec-AD,cable,123,rescue,low_light,severe,CLAHE,0.8600075244903564,clean
PatchCore,MVTec-AD,cable,123,rescue,low_light,severe,Retinex,0.8332083821296692,clean
PatchCore,MVTec-AD,cable,123,degradation,gaussian_blur,mild,none,0.914730191230774,clean
PatchCore,MVTec-AD,cable,123,degradation,gaussian_blur,moderate,none,0.5123688578605652,clean
PatchCore,MVTec-AD,cable,123,degradation,gaussian_blur,severe,none,0.5,clean
PatchCore,MVTec-AD,cable,123,rescue,gaussian_blur,severe,Wiener,0.5,clean
PatchCore,MVTec-AD,cable,123,degradation,motion_blur,mild,none,0.7822338938713074,clean
PatchCore,MVTec-AD,cable,123,degradation,motion_blur,moderate,none,0.5375750064849854,clean
PatchCore,MVTec-AD,cable,123,degradation,motion_blur,severe,none,0.5,clean
PatchCore,MVTec-AD,cable,123,rescue,motion_blur,severe,Wiener (Motion PSF),0.6173163056373596,clean
PatchCore,MVTec-AD,cable,123,degradation,sensor_noise,mild,none,0.9597076773643494,clean
PatchCore,MVTec-AD,cable,123,degradation,sensor_noise,moderate,none,0.9269115328788756,clean
PatchCore,MVTec-AD,cable,123,degradation,sensor_noise,severe,none,0.890367329120636,clean
PatchCore,MVTec-AD,cable,123,rescue,sensor_noise,severe,NLM Denoise,0.7631184458732605,clean
PatchCore,MVTec-AD,cable,123,degradation,fog_haze,mild,none,0.8708771467208862,clean
PatchCore,MVTec-AD,cable,123,degradation,fog_haze,moderate,none,0.7897301316261292,clean
PatchCore,MVTec-AD,cable,123,degradation,fog_haze,severe,none,0.6472076177597046,clean
PatchCore,MVTec-AD,cable,123,rescue,fog_haze,severe,Dehaze (Dark Channel),0.7974137663841248,clean
PatchCore,MVTec-AD,cable,456,baseline,clean,none,none,0.9872563481330872,clean
PatchCore,MVTec-AD,cable,456,degradation,low_light,mild,none,0.9767615795135498,clean
PatchCore,MVTec-AD,cable,456,degradation,low_light,moderate,none,0.9315966367721558,clean
PatchCore,MVTec-AD,cable,456,degradation,low_light,severe,none,0.8184033036231995,clean
PatchCore,MVTec-AD,cable,456,rescue,low_light,severe,CLAHE,0.8656296730041504,clean
PatchCore,MVTec-AD,cable,456,rescue,low_light,severe,Retinex,0.8290854692459106,clean
PatchCore,MVTec-AD,cable,456,degradation,gaussian_blur,mild,none,0.9263492822647096,clean
PatchCore,MVTec-AD,cable,456,degradation,gaussian_blur,moderate,none,0.5296102166175842,clean
PatchCore,MVTec-AD,cable,456,degradation,gaussian_blur,severe,none,0.5,clean
PatchCore,MVTec-AD,cable,456,rescue,gaussian_blur,severe,Wiener,0.5,clean
PatchCore,MVTec-AD,cable,456,degradation,motion_blur,mild,none,0.7805472612380981,clean
PatchCore,MVTec-AD,cable,456,degradation,motion_blur,moderate,none,0.517241358757019,clean
PatchCore,MVTec-AD,cable,456,degradation,motion_blur,severe,none,0.5,clean
PatchCore,MVTec-AD,cable,456,rescue,motion_blur,severe,Wiener (Motion PSF),0.6236881613731384,clean
PatchCore,MVTec-AD,cable,456,degradation,sensor_noise,mild,none,0.970014989376068,clean
PatchCore,MVTec-AD,cable,456,degradation,sensor_noise,moderate,none,0.9390929937362672,clean
PatchCore,MVTec-AD,cable,456,degradation,sensor_noise,severe,none,0.8976762294769287,clean
PatchCore,MVTec-AD,cable,456,rescue,sensor_noise,severe,NLM Denoise,0.7541229724884033,clean
PatchCore,MVTec-AD,cable,456,degradation,fog_haze,mild,none,0.8755621910095215,clean
PatchCore,MVTec-AD,cable,456,degradation,fog_haze,moderate,none,0.7792353630065918,clean
PatchCore,MVTec-AD,cable,456,degradation,fog_haze,severe,none,0.6870314478874207,clean
PatchCore,MVTec-AD,cable,456,rescue,fog_haze,severe,Dehaze (Dark Channel),0.8165292739868164,clean
PatchCore,MVTec-AD,capsule,42,baseline,clean,none,none,0.9932190179824828,clean
PatchCore,MVTec-AD,capsule,42,degradation,low_light,mild,none,0.9473474025726318,clean
PatchCore,MVTec-AD,capsule,42,degradation,low_light,moderate,none,0.5496609210968018,clean
PatchCore,MVTec-AD,capsule,42,degradation,low_light,severe,none,0.5169525146484375,clean
PatchCore,MVTec-AD,capsule,42,rescue,low_light,severe,CLAHE,0.4954128563404083,clean
PatchCore,MVTec-AD,capsule,42,rescue,low_light,severe,Retinex,0.5,clean
PatchCore,MVTec-AD,capsule,42,degradation,gaussian_blur,mild,none,0.8548065423965454,clean
PatchCore,MVTec-AD,capsule,42,degradation,gaussian_blur,moderate,none,0.5,clean
PatchCore,MVTec-AD,capsule,42,degradation,gaussian_blur,severe,none,0.5,clean
PatchCore,MVTec-AD,capsule,42,rescue,gaussian_blur,severe,Wiener,0.5,clean
PatchCore,MVTec-AD,capsule,42,degradation,motion_blur,mild,none,0.5482648611068726,clean
PatchCore,MVTec-AD,capsule,42,degradation,motion_blur,moderate,none,0.5,clean
PatchCore,MVTec-AD,capsule,42,degradation,motion_blur,severe,none,0.5,clean
PatchCore,MVTec-AD,capsule,42,rescue,motion_blur,severe,Wiener (Motion PSF),0.5,clean
PatchCore,MVTec-AD,capsule,42,degradation,sensor_noise,mild,none,0.5193458199501038,clean
PatchCore,MVTec-AD,capsule,42,degradation,sensor_noise,moderate,none,0.5,clean
PatchCore,MVTec-AD,capsule,42,degradation,sensor_noise,severe,none,0.5,clean
PatchCore,MVTec-AD,capsule,42,rescue,sensor_noise,severe,NLM Denoise,0.5,clean
PatchCore,MVTec-AD,capsule,42,degradation,fog_haze,mild,none,0.5041882991790771,clean
PatchCore,MVTec-AD,capsule,42,degradation,fog_haze,moderate,none,0.5,clean
PatchCore,MVTec-AD,capsule,42,degradation,fog_haze,severe,none,0.5,clean
PatchCore,MVTec-AD,capsule,42,rescue,fog_haze,severe,Dehaze (Dark Channel),0.5,clean
PatchCore,MVTec-AD,capsule,123,baseline,clean,none,none,0.993218958377838,clean
PatchCore,MVTec-AD,capsule,123,degradation,low_light,mild,none,0.9497407674789428,clean
PatchCore,MVTec-AD,capsule,123,degradation,low_light,moderate,none,0.5422816276550293,clean
PatchCore,MVTec-AD,capsule,123,degradation,low_light,severe,none,0.512165904045105,clean
PatchCore,MVTec-AD,capsule,123,rescue,low_light,severe,CLAHE,0.4954128563404083,clean
PatchCore,MVTec-AD,capsule,123,rescue,low_light,severe,Retinex,0.5,clean
PatchCore,MVTec-AD,capsule,123,degradation,gaussian_blur,mild,none,0.8528121709823608,clean
PatchCore,MVTec-AD,capsule,123,degradation,gaussian_blur,moderate,none,0.5,clean
PatchCore,MVTec-AD,capsule,123,degradation,gaussian_blur,severe,none,0.5,clean
PatchCore,MVTec-AD,capsule,123,rescue,gaussian_blur,severe,Wiener,0.5,clean
PatchCore,MVTec-AD,capsule,123,degradation,motion_blur,mild,none,0.5578380823135376,clean
PatchCore,MVTec-AD,capsule,123,degradation,motion_blur,moderate,none,0.5,clean
PatchCore,MVTec-AD,capsule,123,degradation,motion_blur,severe,none,0.5,clean
PatchCore,MVTec-AD,capsule,123,rescue,motion_blur,severe,Wiener (Motion PSF),0.5,clean
PatchCore,MVTec-AD,capsule,123,degradation,sensor_noise,mild,none,0.5201435685157776,clean
PatchCore,MVTec-AD,capsule,123,degradation,sensor_noise,moderate,none,0.5,clean
PatchCore,MVTec-AD,capsule,123,degradation,sensor_noise,severe,none,0.5,clean
PatchCore,MVTec-AD,capsule,123,rescue,sensor_noise,severe,NLM Denoise,0.5,clean
PatchCore,MVTec-AD,capsule,123,degradation,fog_haze,mild,none,0.5037893652915955,clean
PatchCore,MVTec-AD,capsule,123,degradation,fog_haze,moderate,none,0.5,clean
PatchCore,MVTec-AD,capsule,123,degradation,fog_haze,severe,none,0.5,clean
PatchCore,MVTec-AD,capsule,123,rescue,fog_haze,severe,Dehaze (Dark Channel),0.5,clean
PatchCore,MVTec-AD,capsule,456,baseline,clean,none,none,0.990426778793335,clean
PatchCore,MVTec-AD,capsule,456,degradation,low_light,mild,none,0.9457519054412842,clean
PatchCore,MVTec-AD,capsule,456,degradation,low_light,moderate,none,0.548464298248291,clean
PatchCore,MVTec-AD,capsule,456,degradation,low_light,severe,none,0.5081771016120911,clean
PatchCore,MVTec-AD,capsule,456,rescue,low_light,severe,CLAHE,0.5384922027587891,clean
PatchCore,MVTec-AD,capsule,456,rescue,low_light,severe,Retinex,0.5,clean
PatchCore,MVTec-AD,capsule,456,degradation,gaussian_blur,mild,none,0.8536098599433899,clean
PatchCore,MVTec-AD,capsule,456,degradation,gaussian_blur,moderate,none,0.5,clean
PatchCore,MVTec-AD,capsule,456,degradation,gaussian_blur,severe,none,0.5,clean
PatchCore,MVTec-AD,capsule,456,rescue,gaussian_blur,severe,Wiener,0.5,clean
PatchCore,MVTec-AD,capsule,456,degradation,motion_blur,mild,none,0.5610291361808777,clean
PatchCore,MVTec-AD,capsule,456,degradation,motion_blur,moderate,none,0.5,clean
PatchCore,MVTec-AD,capsule,456,degradation,motion_blur,severe,none,0.5,clean
PatchCore,MVTec-AD,capsule,456,rescue,motion_blur,severe,Wiener (Motion PSF),0.5,clean
PatchCore,MVTec-AD,capsule,456,degradation,sensor_noise,mild,none,0.5863581895828247,clean
PatchCore,MVTec-AD,capsule,456,degradation,sensor_noise,moderate,none,0.5,clean
PatchCore,MVTec-AD,capsule,456,degradation,sensor_noise,severe,none,0.5,clean
PatchCore,MVTec-AD,capsule,456,rescue,sensor_noise,severe,NLM Denoise,0.5,clean
PatchCore,MVTec-AD,capsule,456,degradation,fog_haze,mild,none,0.512165904045105,clean
PatchCore,MVTec-AD,capsule,456,degradation,fog_haze,moderate,none,0.5,clean
PatchCore,MVTec-AD,capsule,456,degradation,fog_haze,severe,none,0.5,clean
PatchCore,MVTec-AD,capsule,456,rescue,fog_haze,severe,Dehaze (Dark Channel),0.5,clean
PatchCore,MVTec-AD,carpet,42,baseline,clean,none,none,0.986757516860962,clean
PatchCore,MVTec-AD,carpet,42,degradation,low_light,mild,none,0.9819422364234924,clean
PatchCore,MVTec-AD,carpet,42,degradation,low_light,moderate,none,0.9670947194099426,clean
PatchCore,MVTec-AD,carpet,42,degradation,low_light,severe,none,0.8691813945770264,clean
PatchCore,MVTec-AD,carpet,42,rescue,low_light,severe,CLAHE,0.893659770488739,clean
PatchCore,MVTec-AD,carpet,42,rescue,low_light,severe,Retinex,0.9434189796447754,clean
PatchCore,MVTec-AD,carpet,42,degradation,gaussian_blur,mild,none,0.9911717176437378,clean
PatchCore,MVTec-AD,carpet,42,degradation,gaussian_blur,moderate,none,0.6284109354019165,clean
PatchCore,MVTec-AD,carpet,42,degradation,gaussian_blur,severe,none,0.5,clean
PatchCore,MVTec-AD,carpet,42,rescue,gaussian_blur,severe,Wiener,0.5,clean
PatchCore,MVTec-AD,carpet,42,degradation,motion_blur,mild,none,0.9283708333969116,clean
PatchCore,MVTec-AD,carpet,42,degradation,motion_blur,moderate,none,0.8218299150466919,clean
PatchCore,MVTec-AD,carpet,42,degradation,motion_blur,severe,none,0.5814606547355652,clean
PatchCore,MVTec-AD,carpet,42,rescue,motion_blur,severe,Wiener (Motion PSF),0.4913723468780517,clean
PatchCore,MVTec-AD,carpet,42,degradation,sensor_noise,mild,none,0.9771267771720886,clean
PatchCore,MVTec-AD,carpet,42,degradation,sensor_noise,moderate,none,0.9510433673858644,clean
PatchCore,MVTec-AD,carpet,42,degradation,sensor_noise,severe,none,0.875200629234314,clean
PatchCore,MVTec-AD,carpet,42,rescue,sensor_noise,severe,NLM Denoise,0.7925360798835754,clean
PatchCore,MVTec-AD,carpet,42,degradation,fog_haze,mild,none,0.932584285736084,clean
PatchCore,MVTec-AD,carpet,42,degradation,fog_haze,moderate,none,0.6057384014129639,clean
PatchCore,MVTec-AD,carpet,42,degradation,fog_haze,severe,none,0.5,clean
PatchCore,MVTec-AD,carpet,42,rescue,fog_haze,severe,Dehaze (Dark Channel),0.4943820238113403,clean
PatchCore,MVTec-AD,carpet,123,baseline,clean,none,none,0.985954999923706,clean
PatchCore,MVTec-AD,carpet,123,degradation,low_light,mild,none,0.9835473299026488,clean
PatchCore,MVTec-AD,carpet,123,degradation,low_light,moderate,none,0.9707062840461732,clean
PatchCore,MVTec-AD,carpet,123,degradation,low_light,severe,none,0.8603531718254089,clean
PatchCore,MVTec-AD,carpet,123,rescue,low_light,severe,CLAHE,0.9060995578765868,clean
PatchCore,MVTec-AD,carpet,123,rescue,low_light,severe,Retinex,0.9522472620010376,clean
PatchCore,MVTec-AD,carpet,123,degradation,gaussian_blur,mild,none,0.9915730357170104,clean
PatchCore,MVTec-AD,carpet,123,degradation,gaussian_blur,moderate,none,0.6863964796066284,clean
PatchCore,MVTec-AD,carpet,123,degradation,gaussian_blur,severe,none,0.5,clean
PatchCore,MVTec-AD,carpet,123,rescue,gaussian_blur,severe,Wiener,0.5,clean
PatchCore,MVTec-AD,carpet,123,degradation,motion_blur,mild,none,0.9173354506492616,clean
PatchCore,MVTec-AD,carpet,123,degradation,motion_blur,moderate,none,0.8101925849914551,clean
PatchCore,MVTec-AD,carpet,123,degradation,motion_blur,severe,none,0.6203852295875549,clean
PatchCore,MVTec-AD,carpet,123,rescue,motion_blur,severe,Wiener (Motion PSF),0.4975922703742981,clean
PatchCore,MVTec-AD,carpet,123,degradation,sensor_noise,mild,none,0.9803370237350464,clean
PatchCore,MVTec-AD,carpet,123,degradation,sensor_noise,moderate,none,0.9562600255012512,clean
PatchCore,MVTec-AD,carpet,123,degradation,sensor_noise,severe,none,0.8804173469543457,clean
PatchCore,MVTec-AD,carpet,123,rescue,sensor_noise,severe,NLM Denoise,0.7993579506874084,clean
PatchCore,MVTec-AD,carpet,123,degradation,fog_haze,mild,none,0.9285714030265808,clean
PatchCore,MVTec-AD,carpet,123,degradation,fog_haze,moderate,none,0.6125601530075073,clean
PatchCore,MVTec-AD,carpet,123,degradation,fog_haze,severe,none,0.5,clean
PatchCore,MVTec-AD,carpet,123,rescue,fog_haze,severe,Dehaze (Dark Channel),0.5,clean
PatchCore,MVTec-AD,carpet,456,baseline,clean,none,none,0.9871588945388794,clean
PatchCore,MVTec-AD,carpet,456,degradation,low_light,mild,none,0.985954999923706,clean
PatchCore,MVTec-AD,carpet,456,degradation,low_light,moderate,none,0.965890884399414,clean
PatchCore,MVTec-AD,carpet,456,degradation,low_light,severe,none,0.8659710884094238,clean
PatchCore,MVTec-AD,carpet,456,rescue,low_light,severe,CLAHE,0.8996790051460266,clean
PatchCore,MVTec-AD,carpet,456,rescue,low_light,severe,Retinex,0.9462279081344604,clean
PatchCore,MVTec-AD,carpet,456,degradation,gaussian_blur,mild,none,0.9915730357170104,clean
PatchCore,MVTec-AD,carpet,456,degradation,gaussian_blur,moderate,none,0.6717495918273926,clean
PatchCore,MVTec-AD,carpet,456,degradation,gaussian_blur,severe,none,0.5,clean
PatchCore,MVTec-AD,carpet,456,rescue,gaussian_blur,severe,Wiener,0.5,clean
PatchCore,MVTec-AD,carpet,456,degradation,motion_blur,mild,none,0.9215489029884338,clean
PatchCore,MVTec-AD,carpet,456,degradation,motion_blur,moderate,none,0.8198234438896179,clean
PatchCore,MVTec-AD,carpet,456,degradation,motion_blur,severe,none,0.6071428656578064,clean
PatchCore,MVTec-AD,carpet,456,rescue,motion_blur,severe,Wiener (Motion PSF),0.4955858886241913,clean
PatchCore,MVTec-AD,carpet,456,degradation,sensor_noise,mild,none,0.976324200630188,clean
PatchCore,MVTec-AD,carpet,456,degradation,sensor_noise,moderate,none,0.954253613948822,clean
PatchCore,MVTec-AD,carpet,456,degradation,sensor_noise,severe,none,0.8840289115905762,clean
PatchCore,MVTec-AD,carpet,456,rescue,sensor_noise,severe,NLM Denoise,0.7833065390586853,clean
PatchCore,MVTec-AD,carpet,456,degradation,fog_haze,mild,none,0.9442214965820312,clean
PatchCore,MVTec-AD,carpet,456,degradation,fog_haze,moderate,none,0.5860754251480103,clean
PatchCore,MVTec-AD,carpet,456,degradation,fog_haze,severe,none,0.5,clean
PatchCore,MVTec-AD,carpet,456,rescue,fog_haze,severe,Dehaze (Dark Channel),0.5178571343421936,clean
PatchCore,MVTec-AD,grid,42,baseline,clean,none,none,0.9908103942871094,clean
PatchCore,MVTec-AD,grid,42,degradation,low_light,mild,none,0.9657477140426636,clean
PatchCore,MVTec-AD,grid,42,degradation,low_light,moderate,none,0.9047619104385376,clean
PatchCore,MVTec-AD,grid,42,degradation,low_light,severe,none,0.5459482073783875,clean
PatchCore,MVTec-AD,grid,42,rescue,low_light,severe,CLAHE,0.6524645090103149,clean
PatchCore,MVTec-AD,grid,42,rescue,low_light,severe,Retinex,0.7882205843925476,clean
PatchCore,MVTec-AD,grid,42,degradation,gaussian_blur,mild,none,0.9110275506973268,clean
PatchCore,MVTec-AD,grid,42,degradation,gaussian_blur,moderate,none,0.5,clean
PatchCore,MVTec-AD,grid,42,degradation,gaussian_blur,severe,none,0.5,clean
PatchCore,MVTec-AD,grid,42,rescue,gaussian_blur,severe,Wiener,0.5,clean
PatchCore,MVTec-AD,grid,42,degradation,motion_blur,mild,none,0.5973266363143921,clean
PatchCore,MVTec-AD,grid,42,degradation,motion_blur,moderate,none,0.5,clean
PatchCore,MVTec-AD,grid,42,degradation,motion_blur,severe,none,0.5,clean
PatchCore,MVTec-AD,grid,42,rescue,motion_blur,severe,Wiener (Motion PSF),0.523809552192688,clean
PatchCore,MVTec-AD,grid,42,degradation,sensor_noise,mild,none,0.7280701994895935,clean
PatchCore,MVTec-AD,grid,42,degradation,sensor_noise,moderate,none,0.4736842215061188,clean
PatchCore,MVTec-AD,grid,42,degradation,sensor_noise,severe,none,0.5,clean
PatchCore,MVTec-AD,grid,42,rescue,sensor_noise,severe,NLM Denoise,0.5,clean
PatchCore,MVTec-AD,grid,42,degradation,fog_haze,mild,none,0.7543859481811523,clean
PatchCore,MVTec-AD,grid,42,degradation,fog_haze,moderate,none,0.4193817973136902,clean
PatchCore,MVTec-AD,grid,42,degradation,fog_haze,severe,none,0.4912280738353729,clean
PatchCore,MVTec-AD,grid,42,rescue,fog_haze,severe,Dehaze (Dark Channel),0.5071010589599609,clean
PatchCore,MVTec-AD,grid,123,baseline,clean,none,none,0.9874686598777772,clean
PatchCore,MVTec-AD,grid,123,degradation,low_light,mild,none,0.9640769362449646,clean
PatchCore,MVTec-AD,grid,123,degradation,low_light,moderate,none,0.8989139795303345,clean
PatchCore,MVTec-AD,grid,123,degradation,low_light,severe,none,0.5463658571243286,clean
PatchCore,MVTec-AD,grid,123,rescue,low_light,severe,CLAHE,0.6532999277114868,clean
PatchCore,MVTec-AD,grid,123,rescue,low_light,severe,Retinex,0.7836257219314575,clean
PatchCore,MVTec-AD,grid,123,degradation,gaussian_blur,mild,none,0.9097744226455688,clean
PatchCore,MVTec-AD,grid,123,degradation,gaussian_blur,moderate,none,0.5,clean
PatchCore,MVTec-AD,grid,123,degradation,gaussian_blur,severe,none,0.5,clean
PatchCore,MVTec-AD,grid,123,rescue,gaussian_blur,severe,Wiener,0.5,clean
PatchCore,MVTec-AD,grid,123,degradation,motion_blur,mild,none,0.5760233998298645,clean
PatchCore,MVTec-AD,grid,123,degradation,motion_blur,moderate,none,0.5,clean
PatchCore,MVTec-AD,grid,123,degradation,motion_blur,severe,none,0.5,clean
PatchCore,MVTec-AD,grid,123,rescue,motion_blur,severe,Wiener (Motion PSF),0.5,clean
PatchCore,MVTec-AD,grid,123,degradation,sensor_noise,mild,none,0.7284879088401794,clean
PatchCore,MVTec-AD,grid,123,degradation,sensor_noise,moderate,none,0.4824561476707458,clean
PatchCore,MVTec-AD,grid,123,degradation,sensor_noise,severe,none,0.5,clean
PatchCore,MVTec-AD,grid,123,rescue,sensor_noise,severe,NLM Denoise,0.5,clean
PatchCore,MVTec-AD,grid,123,degradation,fog_haze,mild,none,0.7385129332542419,clean
PatchCore,MVTec-AD,grid,123,degradation,fog_haze,moderate,none,0.6065162420272827,clean
PatchCore,MVTec-AD,grid,123,degradation,fog_haze,severe,none,0.5,clean
PatchCore,MVTec-AD,grid,123,rescue,fog_haze,severe,Dehaze (Dark Channel),0.4912280738353729,clean
PatchCore,MVTec-AD,grid,456,baseline,clean,none,none,0.9857978224754332,clean
PatchCore,MVTec-AD,grid,456,degradation,low_light,mild,none,0.958228886127472,clean
PatchCore,MVTec-AD,grid,456,degradation,low_light,moderate,none,0.915622353553772,clean
PatchCore,MVTec-AD,grid,456,degradation,low_light,severe,none,0.574352502822876,clean
PatchCore,MVTec-AD,grid,456,rescue,low_light,severe,CLAHE,0.6524645090103149,clean
PatchCore,MVTec-AD,grid,456,rescue,low_light,severe,Retinex,0.7698412537574768,clean
PatchCore,MVTec-AD,grid,456,degradation,gaussian_blur,mild,none,0.9223057627677916,clean
PatchCore,MVTec-AD,grid,456,degradation,gaussian_blur,moderate,none,0.5,clean
PatchCore,MVTec-AD,grid,456,degradation,gaussian_blur,severe,none,0.5,clean
PatchCore,MVTec-AD,grid,456,rescue,gaussian_blur,severe,Wiener,0.5,clean
PatchCore,MVTec-AD,grid,456,degradation,motion_blur,mild,none,0.6081871390342712,clean
PatchCore,MVTec-AD,grid,456,degradation,motion_blur,moderate,none,0.5,clean
PatchCore,MVTec-AD,grid,456,degradation,motion_blur,severe,none,0.5,clean
PatchCore,MVTec-AD,grid,456,rescue,motion_blur,severe,Wiener (Motion PSF),0.523809552192688,clean
PatchCore,MVTec-AD,grid,456,degradation,sensor_noise,mild,none,0.6942355632781982,clean
PatchCore,MVTec-AD,grid,456,degradation,sensor_noise,moderate,none,0.4799498319625854,clean
PatchCore,MVTec-AD,grid,456,degradation,sensor_noise,severe,none,0.4736842215061188,clean
PatchCore,MVTec-AD,grid,456,rescue,sensor_noise,severe,NLM Denoise,0.5,clean
PatchCore,MVTec-AD,grid,456,degradation,fog_haze,mild,none,0.7602339386940002,clean
PatchCore,MVTec-AD,grid,456,degradation,fog_haze,moderate,none,0.5827067494392395,clean
PatchCore,MVTec-AD,grid,456,degradation,fog_haze,severe,none,0.4736842215061188,clean
PatchCore,MVTec-AD,grid,456,rescue,fog_haze,severe,Dehaze (Dark Channel),0.4824561476707458,clean
PatchCore,MVTec-AD,hazelnut,42,baseline,clean,none,none,1.0,clean
PatchCore,MVTec-AD,hazelnut,42,degradation,low_light,mild,none,1.0,clean
PatchCore,MVTec-AD,hazelnut,42,degradation,low_light,moderate,none,1.0,clean
PatchCore,MVTec-AD,hazelnut,42,degradation,low_light,severe,none,0.9717856645584106,clean
PatchCore,MVTec-AD,hazelnut,42,rescue,low_light,severe,CLAHE,0.9721428751945496,clean
PatchCore,MVTec-AD,hazelnut,42,rescue,low_light,severe,Retinex,0.9939285516738892,clean
PatchCore,MVTec-AD,hazelnut,42,degradation,gaussian_blur,mild,none,0.9992856979370116,clean
PatchCore,MVTec-AD,hazelnut,42,degradation,gaussian_blur,moderate,none,0.878928542137146,clean
PatchCore,MVTec-AD,hazelnut,42,degradation,gaussian_blur,severe,none,0.7567857503890991,clean
PatchCore,MVTec-AD,hazelnut,42,rescue,gaussian_blur,severe,Wiener,0.5,clean
PatchCore,MVTec-AD,hazelnut,42,degradation,motion_blur,mild,none,0.9803571701049804,clean
PatchCore,MVTec-AD,hazelnut,42,degradation,motion_blur,moderate,none,0.8782142400741577,clean
PatchCore,MVTec-AD,hazelnut,42,degradation,motion_blur,severe,none,0.8128570914268494,clean
PatchCore,MVTec-AD,hazelnut,42,rescue,motion_blur,severe,Wiener (Motion PSF),0.6371428370475769,clean
PatchCore,MVTec-AD,hazelnut,42,degradation,sensor_noise,mild,none,0.991428554058075,clean
PatchCore,MVTec-AD,hazelnut,42,degradation,sensor_noise,moderate,none,0.966785728931427,clean
PatchCore,MVTec-AD,hazelnut,42,degradation,sensor_noise,severe,none,0.9160714149475098,clean
PatchCore,MVTec-AD,hazelnut,42,rescue,sensor_noise,severe,NLM Denoise,0.8828572034835815,clean
PatchCore,MVTec-AD,hazelnut,42,degradation,fog_haze,mild,none,0.9399999976158142,clean
PatchCore,MVTec-AD,hazelnut,42,degradation,fog_haze,moderate,none,0.5625,clean
PatchCore,MVTec-AD,hazelnut,42,degradation,fog_haze,severe,none,0.614642858505249,clean
PatchCore,MVTec-AD,hazelnut,42,rescue,fog_haze,severe,Dehaze (Dark Channel),0.65625,clean
PatchCore,MVTec-AD,hazelnut,123,baseline,clean,none,none,1.0,clean
PatchCore,MVTec-AD,hazelnut,123,degradation,low_light,mild,none,1.0,clean
PatchCore,MVTec-AD,hazelnut,123,degradation,low_light,moderate,none,1.0,clean
PatchCore,MVTec-AD,hazelnut,123,degradation,low_light,severe,none,0.9728571176528932,clean
PatchCore,MVTec-AD,hazelnut,123,rescue,low_light,severe,CLAHE,0.9742857217788696,clean
PatchCore,MVTec-AD,hazelnut,123,rescue,low_light,severe,Retinex,0.9942857027053832,clean
PatchCore,MVTec-AD,hazelnut,123,degradation,gaussian_blur,mild,none,0.9985713958740234,clean
PatchCore,MVTec-AD,hazelnut,123,degradation,gaussian_blur,moderate,none,0.8828571438789368,clean
PatchCore,MVTec-AD,hazelnut,123,degradation,gaussian_blur,severe,none,0.7771428227424622,clean
PatchCore,MVTec-AD,hazelnut,123,rescue,gaussian_blur,severe,Wiener,0.5,clean
PatchCore,MVTec-AD,hazelnut,123,degradation,motion_blur,mild,none,0.98285710811615,clean
PatchCore,MVTec-AD,hazelnut,123,degradation,motion_blur,moderate,none,0.8725000023841858,clean
PatchCore,MVTec-AD,hazelnut,123,degradation,motion_blur,severe,none,0.8246428370475769,clean
PatchCore,MVTec-AD,hazelnut,123,rescue,motion_blur,severe,Wiener (Motion PSF),0.645714282989502,clean
PatchCore,MVTec-AD,hazelnut,123,degradation,sensor_noise,mild,none,0.9925000071525574,clean
PatchCore,MVTec-AD,hazelnut,123,degradation,sensor_noise,moderate,none,0.9689285755157472,clean
PatchCore,MVTec-AD,hazelnut,123,degradation,sensor_noise,severe,none,0.9364285469055176,clean
PatchCore,MVTec-AD,hazelnut,123,rescue,sensor_noise,severe,NLM Denoise,0.881428599357605,clean
PatchCore,MVTec-AD,hazelnut,123,degradation,fog_haze,mild,none,0.9567856788635254,clean
PatchCore,MVTec-AD,hazelnut,123,degradation,fog_haze,moderate,none,0.6767857074737549,clean
PatchCore,MVTec-AD,hazelnut,123,degradation,fog_haze,severe,none,0.5049999952316284,clean
PatchCore,MVTec-AD,hazelnut,123,rescue,fog_haze,severe,Dehaze (Dark Channel),0.6303571462631226,clean
PatchCore,MVTec-AD,hazelnut,456,baseline,clean,none,none,1.0,clean
PatchCore,MVTec-AD,hazelnut,456,degradation,low_light,mild,none,1.0,clean
PatchCore,MVTec-AD,hazelnut,456,degradation,low_light,moderate,none,1.0,clean
PatchCore,MVTec-AD,hazelnut,456,degradation,low_light,severe,none,0.9746428728103638,clean
PatchCore,MVTec-AD,hazelnut,456,rescue,low_light,severe,CLAHE,0.9742857217788696,clean
PatchCore,MVTec-AD,hazelnut,456,rescue,low_light,severe,Retinex,0.9946428537368774,clean
PatchCore,MVTec-AD,hazelnut,456,degradation,gaussian_blur,mild,none,0.9992856979370116,clean
PatchCore,MVTec-AD,hazelnut,456,degradation,gaussian_blur,moderate,none,0.8764285445213318,clean
PatchCore,MVTec-AD,hazelnut,456,degradation,gaussian_blur,severe,none,0.7662500143051147,clean
PatchCore,MVTec-AD,hazelnut,456,rescue,gaussian_blur,severe,Wiener,0.5,clean
PatchCore,MVTec-AD,hazelnut,456,degradation,motion_blur,mild,none,0.9842857122421264,clean
PatchCore,MVTec-AD,hazelnut,456,degradation,motion_blur,moderate,none,0.8774999976158142,clean
PatchCore,MVTec-AD,hazelnut,456,degradation,motion_blur,severe,none,0.8182142972946167,clean
PatchCore,MVTec-AD,hazelnut,456,rescue,motion_blur,severe,Wiener (Motion PSF),0.6621428728103638,clean
PatchCore,MVTec-AD,hazelnut,456,degradation,sensor_noise,mild,none,0.9900000095367432,clean
PatchCore,MVTec-AD,hazelnut,456,degradation,sensor_noise,moderate,none,0.9671428203582764,clean
PatchCore,MVTec-AD,hazelnut,456,degradation,sensor_noise,severe,none,0.923214316368103,clean
PatchCore,MVTec-AD,hazelnut,456,rescue,sensor_noise,severe,NLM Denoise,0.8964285850524902,clean
PatchCore,MVTec-AD,hazelnut,456,degradation,fog_haze,mild,none,0.9232142567634584,clean
PatchCore,MVTec-AD,hazelnut,456,degradation,fog_haze,moderate,none,0.5092857480049133,clean
PatchCore,MVTec-AD,hazelnut,456,degradation,fog_haze,severe,none,0.4942857027053833,clean
PatchCore,MVTec-AD,hazelnut,456,rescue,fog_haze,severe,Dehaze (Dark Channel),0.5442857146263123,clean
PatchCore,MVTec-AD,leather,42,baseline,clean,none,none,1.0,clean
PatchCore,MVTec-AD,leather,42,degradation,low_light,mild,none,0.9752038717269896,clean
PatchCore,MVTec-AD,leather,42,degradation,low_light,moderate,none,0.93308424949646,clean
PatchCore,MVTec-AD,leather,42,degradation,low_light,severe,none,0.94938862323761,clean
PatchCore,MVTec-AD,leather,42,rescue,low_light,severe,CLAHE,0.93240487575531,clean
PatchCore,MVTec-AD,leather,42,rescue,low_light,severe,Retinex,0.8848505020141602,clean
PatchCore,MVTec-AD,leather,42,degradation,gaussian_blur,mild,none,1.0,clean
PatchCore,MVTec-AD,leather,42,degradation,gaussian_blur,moderate,none,1.0,clean
PatchCore,MVTec-AD,leather,42,degradation,gaussian_blur,severe,none,0.99932062625885,clean
PatchCore,MVTec-AD,leather,42,rescue,gaussian_blur,severe,Wiener,0.5,clean
PatchCore,MVTec-AD,leather,42,degradation,motion_blur,mild,none,1.0,clean
PatchCore,MVTec-AD,leather,42,degradation,motion_blur,moderate,none,0.9904891848564148,clean
PatchCore,MVTec-AD,leather,42,degradation,motion_blur,severe,none,0.9375,clean
PatchCore,MVTec-AD,leather,42,rescue,motion_blur,severe,Wiener (Motion PSF),0.81691575050354,clean
PatchCore,MVTec-AD,leather,42,degradation,sensor_noise,mild,none,0.9921875,clean
PatchCore,MVTec-AD,leather,42,degradation,sensor_noise,moderate,none,0.9398776888847352,clean
PatchCore,MVTec-AD,leather,42,degradation,sensor_noise,severe,none,0.8991168141365051,clean
PatchCore,MVTec-AD,leather,42,rescue,sensor_noise,severe,NLM Denoise,0.912703812122345,clean
PatchCore,MVTec-AD,leather,42,degradation,fog_haze,mild,none,0.9266304969787598,clean
PatchCore,MVTec-AD,leather,42,degradation,fog_haze,moderate,none,0.6776494383811951,clean
PatchCore,MVTec-AD,leather,42,degradation,fog_haze,severe,none,0.548233687877655,clean
PatchCore,MVTec-AD,leather,42,rescue,fog_haze,severe,Dehaze (Dark Channel),0.52955162525177,clean
PatchCore,MVTec-AD,leather,123,baseline,clean,none,none,1.0,clean
PatchCore,MVTec-AD,leather,123,degradation,low_light,mild,none,0.97486412525177,clean
PatchCore,MVTec-AD,leather,123,degradation,low_light,moderate,none,0.9381793141365052,clean
PatchCore,MVTec-AD,leather,123,degradation,low_light,severe,none,0.94123637676239,clean
PatchCore,MVTec-AD,leather,123,rescue,low_light,severe,CLAHE,0.93342387676239,clean
PatchCore,MVTec-AD,leather,123,rescue,low_light,severe,Retinex,0.8800950646400452,clean
PatchCore,MVTec-AD,leather,123,degradation,gaussian_blur,mild,none,1.0,clean
PatchCore,MVTec-AD,leather,123,degradation,gaussian_blur,moderate,none,1.0,clean
PatchCore,MVTec-AD,leather,123,degradation,gaussian_blur,severe,none,0.999660313129425,clean
PatchCore,MVTec-AD,leather,123,rescue,gaussian_blur,severe,Wiener,0.5,clean
PatchCore,MVTec-AD,leather,123,degradation,motion_blur,mild,none,1.0,clean
PatchCore,MVTec-AD,leather,123,degradation,motion_blur,moderate,none,0.9874321222305298,clean
PatchCore,MVTec-AD,leather,123,degradation,motion_blur,severe,none,0.93308424949646,clean
PatchCore,MVTec-AD,leather,123,rescue,motion_blur,severe,Wiener (Motion PSF),0.8114809989929199,clean
PatchCore,MVTec-AD,leather,123,degradation,sensor_noise,mild,none,0.9925272464752196,clean
PatchCore,MVTec-AD,leather,123,degradation,sensor_noise,moderate,none,0.93240487575531,clean
PatchCore,MVTec-AD,leather,123,degradation,sensor_noise,severe,none,0.8682065010070801,clean
PatchCore,MVTec-AD,leather,123,rescue,sensor_noise,severe,NLM Denoise,0.90794837474823,clean
PatchCore,MVTec-AD,leather,123,degradation,fog_haze,mild,none,0.91915762424469,clean
PatchCore,MVTec-AD,leather,123,degradation,fog_haze,moderate,none,0.6983696222305298,clean
PatchCore,MVTec-AD,leather,123,degradation,fog_haze,severe,none,0.639266312122345,clean
PatchCore,MVTec-AD,leather,123,rescue,fog_haze,severe,Dehaze (Dark Channel),0.5648777484893799,clean
PatchCore,MVTec-AD,leather,456,baseline,clean,none,none,1.0,clean
PatchCore,MVTec-AD,leather,456,degradation,low_light,mild,none,0.9796195030212402,clean
PatchCore,MVTec-AD,leather,456,degradation,low_light,moderate,none,0.929347813129425,clean
PatchCore,MVTec-AD,leather,456,degradation,low_light,severe,none,0.9432744383811952,clean
PatchCore,MVTec-AD,leather,456,rescue,low_light,severe,CLAHE,0.93580162525177,clean
PatchCore,MVTec-AD,leather,456,rescue,low_light,severe,Retinex,0.884171187877655,clean
PatchCore,MVTec-AD,leather,456,degradation,gaussian_blur,mild,none,1.0,clean
PatchCore,MVTec-AD,leather,456,degradation,gaussian_blur,moderate,none,1.0,clean
PatchCore,MVTec-AD,leather,456,degradation,gaussian_blur,severe,none,0.999660313129425,clean
PatchCore,MVTec-AD,leather,456,rescue,gaussian_blur,severe,Wiener,0.5,clean
PatchCore,MVTec-AD,leather,456,degradation,motion_blur,mild,none,1.0,clean
PatchCore,MVTec-AD,leather,456,degradation,motion_blur,moderate,none,0.99116849899292,clean
PatchCore,MVTec-AD,leather,456,degradation,motion_blur,severe,none,0.93987774848938,clean
PatchCore,MVTec-AD,leather,456,rescue,motion_blur,severe,Wiener (Motion PSF),0.8023097515106201,clean
PatchCore,MVTec-AD,leather,456,degradation,sensor_noise,mild,none,0.9918478727340698,clean
PatchCore,MVTec-AD,leather,456,degradation,sensor_noise,moderate,none,0.9310462474822998,clean
PatchCore,MVTec-AD,leather,456,degradation,sensor_noise,severe,none,0.8855298757553101,clean
PatchCore,MVTec-AD,leather,456,rescue,sensor_noise,severe,NLM Denoise,0.9093071222305298,clean
PatchCore,MVTec-AD,leather,456,degradation,fog_haze,mild,none,0.8885869383811951,clean
PatchCore,MVTec-AD,leather,456,degradation,fog_haze,moderate,none,0.7900815010070801,clean
PatchCore,MVTec-AD,leather,456,degradation,fog_haze,severe,none,0.618546187877655,clean
PatchCore,MVTec-AD,leather,456,rescue,fog_haze,severe,Dehaze (Dark Channel),0.4463315010070801,clean
PatchCore,MVTec-AD,metal_nut,42,baseline,clean,none,none,0.997556209564209,clean
PatchCore,MVTec-AD,metal_nut,42,degradation,low_light,mild,none,0.9868035316467284,clean
PatchCore,MVTec-AD,metal_nut,42,degradation,low_light,moderate,none,0.9545454978942872,clean
PatchCore,MVTec-AD,metal_nut,42,degradation,low_light,severe,none,0.8333333134651184,clean
PatchCore,MVTec-AD,metal_nut,42,rescue,low_light,severe,CLAHE,0.8993157148361206,clean
PatchCore,MVTec-AD,metal_nut,42,rescue,low_light,severe,Retinex,0.5,clean
PatchCore,MVTec-AD,metal_nut,42,degradation,gaussian_blur,mild,none,0.952101707458496,clean
PatchCore,MVTec-AD,metal_nut,42,degradation,gaussian_blur,moderate,none,0.5,clean
PatchCore,MVTec-AD,metal_nut,42,degradation,gaussian_blur,severe,none,0.5,clean
PatchCore,MVTec-AD,metal_nut,42,rescue,gaussian_blur,severe,Wiener,0.5,clean
PatchCore,MVTec-AD,metal_nut,42,degradation,motion_blur,mild,none,0.8484848737716675,clean
PatchCore,MVTec-AD,metal_nut,42,degradation,motion_blur,moderate,none,0.5,clean
PatchCore,MVTec-AD,metal_nut,42,degradation,motion_blur,severe,none,0.5,clean
PatchCore,MVTec-AD,metal_nut,42,rescue,motion_blur,severe,Wiener (Motion PSF),0.5,clean
PatchCore,MVTec-AD,metal_nut,42,degradation,sensor_noise,mild,none,0.9384164810180664,clean
PatchCore,MVTec-AD,metal_nut,42,degradation,sensor_noise,moderate,none,0.8367546200752258,clean
PatchCore,MVTec-AD,metal_nut,42,degradation,sensor_noise,severe,none,0.669599175453186,clean
PatchCore,MVTec-AD,metal_nut,42,rescue,sensor_noise,severe,NLM Denoise,0.55840665102005,clean
PatchCore,MVTec-AD,metal_nut,42,degradation,fog_haze,mild,none,0.5537634491920471,clean
PatchCore,MVTec-AD,metal_nut,42,degradation,fog_haze,moderate,none,0.5,clean
PatchCore,MVTec-AD,metal_nut,42,degradation,fog_haze,severe,none,0.5,clean
PatchCore,MVTec-AD,metal_nut,42,rescue,fog_haze,severe,Dehaze (Dark Channel),0.5,clean
PatchCore,MVTec-AD,metal_nut,123,baseline,clean,none,none,0.9965786933898926,clean
PatchCore,MVTec-AD,metal_nut,123,degradation,low_light,mild,none,0.9882698059082032,clean
PatchCore,MVTec-AD,metal_nut,123,degradation,low_light,moderate,none,0.9589442610740662,clean
PatchCore,MVTec-AD,metal_nut,123,degradation,low_light,severe,none,0.8499511480331421,clean
PatchCore,MVTec-AD,metal_nut,123,rescue,low_light,severe,CLAHE,0.8851417303085327,clean
PatchCore,MVTec-AD,metal_nut,123,rescue,low_light,severe,Retinex,0.5,clean
PatchCore,MVTec-AD,metal_nut,123,degradation,gaussian_blur,mild,none,0.9545454978942872,clean
PatchCore,MVTec-AD,metal_nut,123,degradation,gaussian_blur,moderate,none,0.5,clean
PatchCore,MVTec-AD,metal_nut,123,degradation,gaussian_blur,severe,none,0.5,clean
PatchCore,MVTec-AD,metal_nut,123,rescue,gaussian_blur,severe,Wiener,0.5,clean
PatchCore,MVTec-AD,metal_nut,123,degradation,motion_blur,mild,none,0.8435972929000854,clean
PatchCore,MVTec-AD,metal_nut,123,degradation,motion_blur,moderate,none,0.5,clean
PatchCore,MVTec-AD,metal_nut,123,degradation,motion_blur,severe,none,0.5,clean
PatchCore,MVTec-AD,metal_nut,123,rescue,motion_blur,severe,Wiener (Motion PSF),0.5,clean
PatchCore,MVTec-AD,metal_nut,123,degradation,sensor_noise,mild,none,0.9359726309776306,clean
PatchCore,MVTec-AD,metal_nut,123,degradation,sensor_noise,moderate,none,0.842619776725769,clean
PatchCore,MVTec-AD,metal_nut,123,degradation,sensor_noise,severe,none,0.7184751033782959,clean
PatchCore,MVTec-AD,metal_nut,123,rescue,sensor_noise,severe,NLM Denoise,0.5522971749305725,clean
PatchCore,MVTec-AD,metal_nut,123,degradation,fog_haze,mild,none,0.6857282519340515,clean
PatchCore,MVTec-AD,metal_nut,123,degradation,fog_haze,moderate,none,0.5,clean
PatchCore,MVTec-AD,metal_nut,123,degradation,fog_haze,severe,none,0.5,clean
PatchCore,MVTec-AD,metal_nut,123,rescue,fog_haze,severe,Dehaze (Dark Channel),0.5,clean
PatchCore,MVTec-AD,metal_nut,456,baseline,clean,none,none,0.997556209564209,clean
PatchCore,MVTec-AD,metal_nut,456,degradation,low_light,mild,none,0.9892473220825196,clean
PatchCore,MVTec-AD,metal_nut,456,degradation,low_light,moderate,none,0.9560117721557616,clean
PatchCore,MVTec-AD,metal_nut,456,degradation,low_light,severe,none,0.8567937612533569,clean
PatchCore,MVTec-AD,metal_nut,456,rescue,low_light,severe,CLAHE,0.9100683927536012,clean
PatchCore,MVTec-AD,metal_nut,456,rescue,low_light,severe,Retinex,0.5,clean
PatchCore,MVTec-AD,metal_nut,456,degradation,gaussian_blur,mild,none,0.9525904655456544,clean
PatchCore,MVTec-AD,metal_nut,456,degradation,gaussian_blur,moderate,none,0.5,clean
PatchCore,MVTec-AD,metal_nut,456,degradation,gaussian_blur,severe,none,0.5,clean
PatchCore,MVTec-AD,metal_nut,456,rescue,gaussian_blur,severe,Wiener,0.5,clean
PatchCore,MVTec-AD,metal_nut,456,degradation,motion_blur,mild,none,0.8555718064308167,clean
PatchCore,MVTec-AD,metal_nut,456,degradation,motion_blur,moderate,none,0.5,clean
PatchCore,MVTec-AD,metal_nut,456,degradation,motion_blur,severe,none,0.5,clean
PatchCore,MVTec-AD,metal_nut,456,rescue,motion_blur,severe,Wiener (Motion PSF),0.5,clean
PatchCore,MVTec-AD,metal_nut,456,degradation,sensor_noise,mild,none,0.929129958152771,clean
PatchCore,MVTec-AD,metal_nut,456,degradation,sensor_noise,moderate,none,0.8123167157173157,clean
PatchCore,MVTec-AD,metal_nut,456,degradation,sensor_noise,severe,none,0.6735092997550964,clean
PatchCore,MVTec-AD,metal_nut,456,rescue,sensor_noise,severe,NLM Denoise,0.6466276049613953,clean
PatchCore,MVTec-AD,metal_nut,456,degradation,fog_haze,mild,none,0.6947702765464783,clean
PatchCore,MVTec-AD,metal_nut,456,degradation,fog_haze,moderate,none,0.5,clean
PatchCore,MVTec-AD,metal_nut,456,degradation,fog_haze,severe,none,0.5,clean
PatchCore,MVTec-AD,metal_nut,456,rescue,fog_haze,severe,Dehaze (Dark Channel),0.5,clean
PatchCore,MVTec-AD,pill,42,baseline,clean,none,none,0.9470812678337096,clean
PatchCore,MVTec-AD,pill,42,degradation,low_light,mild,none,0.8232406377792358,clean
PatchCore,MVTec-AD,pill,42,degradation,low_light,moderate,none,0.6576650142669678,clean
PatchCore,MVTec-AD,pill,42,degradation,low_light,severe,none,0.6819421648979187,clean
PatchCore,MVTec-AD,pill,42,rescue,low_light,severe,CLAHE,0.7474086284637451,clean
PatchCore,MVTec-AD,pill,42,rescue,low_light,severe,Retinex,0.5,clean
PatchCore,MVTec-AD,pill,42,degradation,gaussian_blur,mild,none,0.8840698003768921,clean
PatchCore,MVTec-AD,pill,42,degradation,gaussian_blur,moderate,none,0.4964539110660553,clean
PatchCore,MVTec-AD,pill,42,degradation,gaussian_blur,severe,none,0.5,clean
PatchCore,MVTec-AD,pill,42,rescue,gaussian_blur,severe,Wiener,0.5,clean
PatchCore,MVTec-AD,pill,42,degradation,motion_blur,mild,none,0.6282051205635071,clean
PatchCore,MVTec-AD,pill,42,degradation,motion_blur,moderate,none,0.5,clean
PatchCore,MVTec-AD,pill,42,degradation,motion_blur,severe,none,0.5,clean
PatchCore,MVTec-AD,pill,42,rescue,motion_blur,severe,Wiener (Motion PSF),0.5,clean
PatchCore,MVTec-AD,pill,42,degradation,sensor_noise,mild,none,0.6257501244544983,clean
PatchCore,MVTec-AD,pill,42,degradation,sensor_noise,moderate,none,0.5204582214355469,clean
PatchCore,MVTec-AD,pill,42,degradation,sensor_noise,severe,none,0.5,clean
PatchCore,MVTec-AD,pill,42,rescue,sensor_noise,severe,NLM Denoise,0.5,clean
PatchCore,MVTec-AD,pill,42,degradation,fog_haze,mild,none,0.5575559139251709,clean
PatchCore,MVTec-AD,pill,42,degradation,fog_haze,moderate,none,0.5,clean
PatchCore,MVTec-AD,pill,42,degradation,fog_haze,severe,none,0.5,clean
PatchCore,MVTec-AD,pill,42,rescue,fog_haze,severe,Dehaze (Dark Channel),0.5,clean
PatchCore,MVTec-AD,pill,123,baseline,clean,none,none,0.936443030834198,clean
PatchCore,MVTec-AD,pill,123,degradation,low_light,mild,none,0.8330605626106262,clean
PatchCore,MVTec-AD,pill,123,degradation,low_light,moderate,none,0.6451172828674316,clean
PatchCore,MVTec-AD,pill,123,degradation,low_light,severe,none,0.6786688566207886,clean
PatchCore,MVTec-AD,pill,123,rescue,low_light,severe,CLAHE,0.7363611459732056,clean
PatchCore,MVTec-AD,pill,123,rescue,low_light,severe,Retinex,0.5,clean
PatchCore,MVTec-AD,pill,123,degradation,gaussian_blur,mild,none,0.8747954368591309,clean
PatchCore,MVTec-AD,pill,123,degradation,gaussian_blur,moderate,none,0.4929077923297882,clean
PatchCore,MVTec-AD,pill,123,degradation,gaussian_blur,severe,none,0.5,clean
PatchCore,MVTec-AD,pill,123,rescue,gaussian_blur,severe,Wiener,0.5,clean
PatchCore,MVTec-AD,pill,123,degradation,motion_blur,mild,none,0.6257501244544983,clean
PatchCore,MVTec-AD,pill,123,degradation,motion_blur,moderate,none,0.5,clean
PatchCore,MVTec-AD,pill,123,degradation,motion_blur,severe,none,0.5,clean
PatchCore,MVTec-AD,pill,123,rescue,motion_blur,severe,Wiener (Motion PSF),0.5,clean
PatchCore,MVTec-AD,pill,123,degradation,sensor_noise,mild,none,0.6224768161773682,clean
PatchCore,MVTec-AD,pill,123,degradation,sensor_noise,moderate,none,0.5055919289588928,clean
PatchCore,MVTec-AD,pill,123,degradation,sensor_noise,severe,none,0.5,clean
PatchCore,MVTec-AD,pill,123,rescue,sensor_noise,severe,NLM Denoise,0.5121386051177979,clean
PatchCore,MVTec-AD,pill,123,degradation,fog_haze,mild,none,0.4866338968276977,clean
PatchCore,MVTec-AD,pill,123,degradation,fog_haze,moderate,none,0.5,clean
PatchCore,MVTec-AD,pill,123,degradation,fog_haze,severe,none,0.5,clean
PatchCore,MVTec-AD,pill,123,rescue,fog_haze,severe,Dehaze (Dark Channel),0.5,clean
PatchCore,MVTec-AD,pill,456,baseline,clean,none,none,0.9399890899658204,clean
PatchCore,MVTec-AD,pill,456,degradation,low_light,mild,none,0.8281505703926086,clean
PatchCore,MVTec-AD,pill,456,degradation,low_light,moderate,none,0.6565738916397095,clean
PatchCore,MVTec-AD,pill,456,degradation,low_light,severe,none,0.7142662405967712,clean
PatchCore,MVTec-AD,pill,456,rescue,low_light,severe,CLAHE,0.719721794128418,clean
PatchCore,MVTec-AD,pill,456,rescue,low_light,severe,Retinex,0.5,clean
PatchCore,MVTec-AD,pill,456,degradation,gaussian_blur,mild,none,0.871522068977356,clean
PatchCore,MVTec-AD,pill,456,degradation,gaussian_blur,moderate,none,0.5,clean
PatchCore,MVTec-AD,pill,456,degradation,gaussian_blur,severe,none,0.5,clean
PatchCore,MVTec-AD,pill,456,rescue,gaussian_blur,severe,Wiener,0.5,clean
PatchCore,MVTec-AD,pill,456,degradation,motion_blur,mild,none,0.6050190925598145,clean
PatchCore,MVTec-AD,pill,456,degradation,motion_blur,moderate,none,0.5,clean
PatchCore,MVTec-AD,pill,456,degradation,motion_blur,severe,none,0.5,clean
PatchCore,MVTec-AD,pill,456,rescue,motion_blur,severe,Wiener (Motion PSF),0.5,clean
PatchCore,MVTec-AD,pill,456,degradation,sensor_noise,mild,none,0.6288871169090271,clean
PatchCore,MVTec-AD,pill,456,degradation,sensor_noise,moderate,none,0.4929077923297882,clean
PatchCore,MVTec-AD,pill,456,degradation,sensor_noise,severe,none,0.5,clean
PatchCore,MVTec-AD,pill,456,rescue,sensor_noise,severe,NLM Denoise,0.5,clean
PatchCore,MVTec-AD,pill,456,degradation,fog_haze,mild,none,0.4811784029006958,clean
PatchCore,MVTec-AD,pill,456,degradation,fog_haze,moderate,none,0.5,clean
PatchCore,MVTec-AD,pill,456,degradation,fog_haze,severe,none,0.5,clean
PatchCore,MVTec-AD,pill,456,rescue,fog_haze,severe,Dehaze (Dark Channel),0.5,clean
PatchCore,MVTec-AD,screw,42,baseline,clean,none,none,0.966591477394104,clean
PatchCore,MVTec-AD,screw,42,degradation,low_light,mild,none,0.9399467706680298,clean
PatchCore,MVTec-AD,screw,42,degradation,low_light,moderate,none,0.904693603515625,clean
PatchCore,MVTec-AD,screw,42,degradation,low_light,severe,none,0.5035867691040039,clean
PatchCore,MVTec-AD,screw,42,rescue,low_light,severe,CLAHE,0.7224841117858887,clean
PatchCore,MVTec-AD,screw,42,rescue,low_light,severe,Retinex,0.5,clean
PatchCore,MVTec-AD,screw,42,degradation,gaussian_blur,mild,none,0.5,clean
PatchCore,MVTec-AD,screw,42,degradation,gaussian_blur,moderate,none,0.5,clean
PatchCore,MVTec-AD,screw,42,degradation,gaussian_blur,severe,none,0.5,clean
PatchCore,MVTec-AD,screw,42,rescue,gaussian_blur,severe,Wiener,0.5,clean
PatchCore,MVTec-AD,screw,42,degradation,motion_blur,mild,none,0.5,clean
PatchCore,MVTec-AD,screw,42,degradation,motion_blur,moderate,none,0.5,clean
PatchCore,MVTec-AD,screw,42,degradation,motion_blur,severe,none,0.5,clean
PatchCore,MVTec-AD,screw,42,rescue,motion_blur,severe,Wiener (Motion PSF),0.5,clean
PatchCore,MVTec-AD,screw,42,degradation,sensor_noise,mild,none,0.5,clean
PatchCore,MVTec-AD,screw,42,degradation,sensor_noise,moderate,none,0.5,clean
PatchCore,MVTec-AD,screw,42,degradation,sensor_noise,severe,none,0.5,clean
PatchCore,MVTec-AD,screw,42,rescue,sensor_noise,severe,NLM Denoise,0.5,clean
PatchCore,MVTec-AD,screw,42,degradation,fog_haze,mild,none,0.5,clean
PatchCore,MVTec-AD,screw,42,degradation,fog_haze,moderate,none,0.5,clean
PatchCore,MVTec-AD,screw,42,degradation,fog_haze,severe,none,0.5,clean
PatchCore,MVTec-AD,screw,42,rescue,fog_haze,severe,Dehaze (Dark Channel),0.5,clean
PatchCore,MVTec-AD,screw,123,baseline,clean,none,none,0.9635170698165894,clean
PatchCore,MVTec-AD,screw,123,degradation,low_light,mild,none,0.9352325797080994,clean
PatchCore,MVTec-AD,screw,123,degradation,low_light,moderate,none,0.8964952230453491,clean
PatchCore,MVTec-AD,screw,123,degradation,low_light,severe,none,0.4992826282978058,clean
PatchCore,MVTec-AD,screw,123,rescue,low_light,severe,CLAHE,0.7464644908905029,clean
PatchCore,MVTec-AD,screw,123,rescue,low_light,severe,Retinex,0.516191840171814,clean
PatchCore,MVTec-AD,screw,123,degradation,gaussian_blur,mild,none,0.5,clean
PatchCore,MVTec-AD,screw,123,degradation,gaussian_blur,moderate,none,0.5,clean
PatchCore,MVTec-AD,screw,123,degradation,gaussian_blur,severe,none,0.5,clean
PatchCore,MVTec-AD,screw,123,rescue,gaussian_blur,severe,Wiener,0.5,clean
PatchCore,MVTec-AD,screw,123,degradation,motion_blur,mild,none,0.5,clean
PatchCore,MVTec-AD,screw,123,degradation,motion_blur,moderate,none,0.5,clean
PatchCore,MVTec-AD,screw,123,degradation,motion_blur,severe,none,0.5,clean
PatchCore,MVTec-AD,screw,123,rescue,motion_blur,severe,Wiener (Motion PSF),0.5,clean
PatchCore,MVTec-AD,screw,123,degradation,sensor_noise,mild,none,0.5,clean
PatchCore,MVTec-AD,screw,123,degradation,sensor_noise,moderate,none,0.5,clean
PatchCore,MVTec-AD,screw,123,degradation,sensor_noise,severe,none,0.5,clean
PatchCore,MVTec-AD,screw,123,rescue,sensor_noise,severe,NLM Denoise,0.5,clean
PatchCore,MVTec-AD,screw,123,degradation,fog_haze,mild,none,0.5,clean
PatchCore,MVTec-AD,screw,123,degradation,fog_haze,moderate,none,0.5,clean
PatchCore,MVTec-AD,screw,123,degradation,fog_haze,severe,none,0.5,clean
PatchCore,MVTec-AD,screw,123,rescue,fog_haze,severe,Dehaze (Dark Channel),0.5,clean
PatchCore,MVTec-AD,screw,456,baseline,clean,none,none,0.9643369317054749,clean
PatchCore,MVTec-AD,screw,456,degradation,low_light,mild,none,0.939946711063385,clean
PatchCore,MVTec-AD,screw,456,degradation,low_light,moderate,none,0.8985447883605957,clean
PatchCore,MVTec-AD,screw,456,degradation,low_light,severe,none,0.4994875788688659,clean
PatchCore,MVTec-AD,screw,456,rescue,low_light,severe,CLAHE,0.7628612518310547,clean
PatchCore,MVTec-AD,screw,456,rescue,low_light,severe,Retinex,0.5399671792984009,clean
PatchCore,MVTec-AD,screw,456,degradation,gaussian_blur,mild,none,0.5,clean
PatchCore,MVTec-AD,screw,456,degradation,gaussian_blur,moderate,none,0.5,clean
PatchCore,MVTec-AD,screw,456,degradation,gaussian_blur,severe,none,0.5,clean
PatchCore,MVTec-AD,screw,456,rescue,gaussian_blur,severe,Wiener,0.5,clean
PatchCore,MVTec-AD,screw,456,degradation,motion_blur,mild,none,0.5,clean
PatchCore,MVTec-AD,screw,456,degradation,motion_blur,moderate,none,0.5,clean
PatchCore,MVTec-AD,screw,456,degradation,motion_blur,severe,none,0.5,clean
PatchCore,MVTec-AD,screw,456,rescue,motion_blur,severe,Wiener (Motion PSF),0.5,clean
PatchCore,MVTec-AD,screw,456,degradation,sensor_noise,mild,none,0.5,clean
PatchCore,MVTec-AD,screw,456,degradation,sensor_noise,moderate,none,0.5,clean
PatchCore,MVTec-AD,screw,456,degradation,sensor_noise,severe,none,0.5,clean
PatchCore,MVTec-AD,screw,456,rescue,sensor_noise,severe,NLM Denoise,0.5,clean
PatchCore,MVTec-AD,screw,456,degradation,fog_haze,mild,none,0.5,clean
PatchCore,MVTec-AD,screw,456,degradation,fog_haze,moderate,none,0.5,clean
PatchCore,MVTec-AD,screw,456,degradation,fog_haze,severe,none,0.5,clean
PatchCore,MVTec-AD,screw,456,rescue,fog_haze,severe,Dehaze (Dark Channel),0.5,clean
PatchCore,MVTec-AD,tile,42,baseline,clean,none,none,1.0,clean
PatchCore,MVTec-AD,tile,42,degradation,low_light,mild,none,0.9992785453796388,clean
PatchCore,MVTec-AD,tile,42,degradation,low_light,moderate,none,0.9967532157897948,clean
PatchCore,MVTec-AD,tile,42,degradation,low_light,severe,none,0.9848484992980956,clean
PatchCore,MVTec-AD,tile,42,rescue,low_light,severe,CLAHE,0.9880952835083008,clean
PatchCore,MVTec-AD,tile,42,rescue,low_light,severe,Retinex,1.0,clean
PatchCore,MVTec-AD,tile,42,degradation,gaussian_blur,mild,none,0.9859307408332824,clean
PatchCore,MVTec-AD,tile,42,degradation,gaussian_blur,moderate,none,0.8935786485671997,clean
PatchCore,MVTec-AD,tile,42,degradation,gaussian_blur,severe,none,0.6742424368858337,clean
PatchCore,MVTec-AD,tile,42,rescue,gaussian_blur,severe,Wiener,0.5,clean
PatchCore,MVTec-AD,tile,42,degradation,motion_blur,mild,none,0.965007185935974,clean
PatchCore,MVTec-AD,tile,42,degradation,motion_blur,moderate,none,0.8538960814476013,clean
PatchCore,MVTec-AD,tile,42,degradation,motion_blur,severe,none,0.7546896934509277,clean
PatchCore,MVTec-AD,tile,42,rescue,motion_blur,severe,Wiener (Motion PSF),0.6259018778800964,clean
PatchCore,MVTec-AD,tile,42,degradation,sensor_noise,mild,none,0.9935065507888794,clean
PatchCore,MVTec-AD,tile,42,degradation,sensor_noise,moderate,none,0.949495017528534,clean
PatchCore,MVTec-AD,tile,42,degradation,sensor_noise,severe,none,0.8823953866958618,clean
PatchCore,MVTec-AD,tile,42,rescue,sensor_noise,severe,NLM Denoise,0.8636363744735718,clean
PatchCore,MVTec-AD,tile,42,degradation,fog_haze,mild,none,0.988095223903656,clean
PatchCore,MVTec-AD,tile,42,degradation,fog_haze,moderate,none,0.9476912617683412,clean
PatchCore,MVTec-AD,tile,42,degradation,fog_haze,severe,none,0.8474025726318359,clean
PatchCore,MVTec-AD,tile,42,rescue,fog_haze,severe,Dehaze (Dark Channel),0.6771284341812134,clean
PatchCore,MVTec-AD,tile,123,baseline,clean,none,none,1.0,clean
PatchCore,MVTec-AD,tile,123,degradation,low_light,mild,none,0.9985569715499878,clean
PatchCore,MVTec-AD,tile,123,degradation,low_light,moderate,none,0.9971140027046204,clean
PatchCore,MVTec-AD,tile,123,degradation,low_light,severe,none,0.984487771987915,clean
PatchCore,MVTec-AD,tile,123,rescue,low_light,severe,CLAHE,0.9888167977333068,clean
PatchCore,MVTec-AD,tile,123,rescue,low_light,severe,Retinex,1.0,clean
PatchCore,MVTec-AD,tile,123,degradation,gaussian_blur,mild,none,0.9902597665786744,clean
PatchCore,MVTec-AD,tile,123,degradation,gaussian_blur,moderate,none,0.8856421709060669,clean
PatchCore,MVTec-AD,tile,123,degradation,gaussian_blur,severe,none,0.6760461330413818,clean
PatchCore,MVTec-AD,tile,123,rescue,gaussian_blur,severe,Wiener,0.5,clean
PatchCore,MVTec-AD,tile,123,degradation,motion_blur,mild,none,0.9653679728507996,clean
PatchCore,MVTec-AD,tile,123,degradation,motion_blur,moderate,none,0.856782078742981,clean
PatchCore,MVTec-AD,tile,123,degradation,motion_blur,severe,none,0.7673159837722778,clean
PatchCore,MVTec-AD,tile,123,rescue,motion_blur,severe,Wiener (Motion PSF),0.6367243528366089,clean
PatchCore,MVTec-AD,tile,123,degradation,sensor_noise,mild,none,0.9909812808036804,clean
PatchCore,MVTec-AD,tile,123,degradation,sensor_noise,moderate,none,0.9466090202331544,clean
PatchCore,MVTec-AD,tile,123,degradation,sensor_noise,severe,none,0.8870851397514343,clean
PatchCore,MVTec-AD,tile,123,rescue,sensor_noise,severe,NLM Denoise,0.862554132938385,clean
PatchCore,MVTec-AD,tile,123,degradation,fog_haze,mild,none,0.988816738128662,clean
PatchCore,MVTec-AD,tile,123,degradation,fog_haze,moderate,none,0.9357864260673524,clean
PatchCore,MVTec-AD,tile,123,degradation,fog_haze,severe,none,0.7940115332603455,clean
PatchCore,MVTec-AD,tile,123,rescue,fog_haze,severe,Dehaze (Dark Channel),0.7049062252044678,clean
PatchCore,MVTec-AD,tile,456,baseline,clean,none,none,1.0,clean
PatchCore,MVTec-AD,tile,456,degradation,low_light,mild,none,0.9992785453796388,clean
PatchCore,MVTec-AD,tile,456,degradation,low_light,moderate,none,0.9967532157897948,clean
PatchCore,MVTec-AD,tile,456,degradation,low_light,severe,none,0.987013041973114,clean
PatchCore,MVTec-AD,tile,456,rescue,low_light,severe,CLAHE,0.9880952835083008,clean
PatchCore,MVTec-AD,tile,456,rescue,low_light,severe,Retinex,1.0,clean
PatchCore,MVTec-AD,tile,456,degradation,gaussian_blur,mild,none,0.9884559512138368,clean
PatchCore,MVTec-AD,tile,456,degradation,gaussian_blur,moderate,none,0.893217921257019,clean
PatchCore,MVTec-AD,tile,456,degradation,gaussian_blur,severe,none,0.5905483365058899,clean
PatchCore,MVTec-AD,tile,456,rescue,gaussian_blur,severe,Wiener,0.5,clean
PatchCore,MVTec-AD,tile,456,degradation,motion_blur,mild,none,0.9603174924850464,clean
PatchCore,MVTec-AD,tile,456,degradation,motion_blur,moderate,none,0.8499279022216797,clean
PatchCore,MVTec-AD,tile,456,degradation,motion_blur,severe,none,0.7463924884796143,clean
PatchCore,MVTec-AD,tile,456,rescue,motion_blur,severe,Wiener (Motion PSF),0.5826117992401123,clean
PatchCore,MVTec-AD,tile,456,degradation,sensor_noise,mild,none,0.9898990392684937,clean
PatchCore,MVTec-AD,tile,456,degradation,sensor_noise,moderate,none,0.9451659321784972,clean
PatchCore,MVTec-AD,tile,456,degradation,sensor_noise,severe,none,0.8751803636550903,clean
PatchCore,MVTec-AD,tile,456,rescue,sensor_noise,severe,NLM Denoise,0.8639971017837524,clean
PatchCore,MVTec-AD,tile,456,degradation,fog_haze,mild,none,0.992424249649048,clean
PatchCore,MVTec-AD,tile,456,degradation,fog_haze,moderate,none,0.9339826703071594,clean
PatchCore,MVTec-AD,tile,456,degradation,fog_haze,severe,none,0.7297979593276978,clean
PatchCore,MVTec-AD,tile,456,rescue,fog_haze,severe,Dehaze (Dark Channel),0.6619769334793091,clean
PatchCore,MVTec-AD,toothbrush,42,baseline,clean,none,none,0.9166666865348816,clean
PatchCore,MVTec-AD,toothbrush,42,degradation,low_light,mild,none,0.9694443941116332,clean
PatchCore,MVTec-AD,toothbrush,42,degradation,low_light,moderate,none,0.9361111521720886,clean
PatchCore,MVTec-AD,toothbrush,42,degradation,low_light,severe,none,0.9194444417953492,clean
PatchCore,MVTec-AD,toothbrush,42,rescue,low_light,severe,CLAHE,0.8527777791023254,clean
PatchCore,MVTec-AD,toothbrush,42,rescue,low_light,severe,Retinex,0.7111111283302307,clean
PatchCore,MVTec-AD,toothbrush,42,degradation,gaussian_blur,mild,none,0.8666666746139526,clean
PatchCore,MVTec-AD,toothbrush,42,degradation,gaussian_blur,moderate,none,0.5,clean
PatchCore,MVTec-AD,toothbrush,42,degradation,gaussian_blur,severe,none,0.5,clean
PatchCore,MVTec-AD,toothbrush,42,rescue,gaussian_blur,severe,Wiener,0.5,clean
PatchCore,MVTec-AD,toothbrush,42,degradation,motion_blur,mild,none,0.5,clean
PatchCore,MVTec-AD,toothbrush,42,degradation,motion_blur,moderate,none,0.5,clean
PatchCore,MVTec-AD,toothbrush,42,degradation,motion_blur,severe,none,0.5,clean
PatchCore,MVTec-AD,toothbrush,42,rescue,motion_blur,severe,Wiener (Motion PSF),0.5,clean
PatchCore,MVTec-AD,toothbrush,42,degradation,sensor_noise,mild,none,0.949999988079071,clean
PatchCore,MVTec-AD,toothbrush,42,degradation,sensor_noise,moderate,none,0.9083333015441896,clean
PatchCore,MVTec-AD,toothbrush,42,degradation,sensor_noise,severe,none,0.5833333730697632,clean
PatchCore,MVTec-AD,toothbrush,42,rescue,sensor_noise,severe,NLM Denoise,0.5,clean
PatchCore,MVTec-AD,toothbrush,42,degradation,fog_haze,mild,none,0.7861111164093018,clean
PatchCore,MVTec-AD,toothbrush,42,degradation,fog_haze,moderate,none,0.5,clean
PatchCore,MVTec-AD,toothbrush,42,degradation,fog_haze,severe,none,0.5,clean
PatchCore,MVTec-AD,toothbrush,42,rescue,fog_haze,severe,Dehaze (Dark Channel),0.5,clean
PatchCore,MVTec-AD,toothbrush,123,baseline,clean,none,none,0.9138888716697692,clean
PatchCore,MVTec-AD,toothbrush,123,degradation,low_light,mild,none,0.9722222089767456,clean
PatchCore,MVTec-AD,toothbrush,123,degradation,low_light,moderate,none,0.9194444417953492,clean
PatchCore,MVTec-AD,toothbrush,123,degradation,low_light,severe,none,0.9138888716697692,clean
PatchCore,MVTec-AD,toothbrush,123,rescue,low_light,severe,CLAHE,0.8500000238418579,clean
PatchCore,MVTec-AD,toothbrush,123,rescue,low_light,severe,Retinex,0.7138888835906982,clean
PatchCore,MVTec-AD,toothbrush,123,degradation,gaussian_blur,mild,none,0.8833333253860474,clean
PatchCore,MVTec-AD,toothbrush,123,degradation,gaussian_blur,moderate,none,0.5,clean
PatchCore,MVTec-AD,toothbrush,123,degradation,gaussian_blur,severe,none,0.5,clean
PatchCore,MVTec-AD,toothbrush,123,rescue,gaussian_blur,severe,Wiener,0.5,clean
PatchCore,MVTec-AD,toothbrush,123,degradation,motion_blur,mild,none,0.5416666269302368,clean
PatchCore,MVTec-AD,toothbrush,123,degradation,motion_blur,moderate,none,0.5,clean
PatchCore,MVTec-AD,toothbrush,123,degradation,motion_blur,severe,none,0.5,clean
PatchCore,MVTec-AD,toothbrush,123,rescue,motion_blur,severe,Wiener (Motion PSF),0.5,clean
PatchCore,MVTec-AD,toothbrush,123,degradation,sensor_noise,mild,none,0.9527778029441832,clean
PatchCore,MVTec-AD,toothbrush,123,degradation,sensor_noise,moderate,none,0.8958333134651184,clean
PatchCore,MVTec-AD,toothbrush,123,degradation,sensor_noise,severe,none,0.5,clean
PatchCore,MVTec-AD,toothbrush,123,rescue,sensor_noise,severe,NLM Denoise,0.5,clean
PatchCore,MVTec-AD,toothbrush,123,degradation,fog_haze,mild,none,0.6694444417953491,clean
PatchCore,MVTec-AD,toothbrush,123,degradation,fog_haze,moderate,none,0.5,clean
PatchCore,MVTec-AD,toothbrush,123,degradation,fog_haze,severe,none,0.5,clean
PatchCore,MVTec-AD,toothbrush,123,rescue,fog_haze,severe,Dehaze (Dark Channel),0.5,clean
PatchCore,MVTec-AD,toothbrush,456,baseline,clean,none,none,0.9166666865348816,clean
PatchCore,MVTec-AD,toothbrush,456,degradation,low_light,mild,none,0.9694445133209229,clean
PatchCore,MVTec-AD,toothbrush,456,degradation,low_light,moderate,none,0.9027777314186096,clean
PatchCore,MVTec-AD,toothbrush,456,degradation,low_light,severe,none,0.9111111164093018,clean
PatchCore,MVTec-AD,toothbrush,456,rescue,low_light,severe,CLAHE,0.8472222089767456,clean
PatchCore,MVTec-AD,toothbrush,456,rescue,low_light,severe,Retinex,0.7749999761581421,clean
PatchCore,MVTec-AD,toothbrush,456,degradation,gaussian_blur,mild,none,0.8888888955116272,clean
PatchCore,MVTec-AD,toothbrush,456,degradation,gaussian_blur,moderate,none,0.5,clean
PatchCore,MVTec-AD,toothbrush,456,degradation,gaussian_blur,severe,none,0.5,clean
PatchCore,MVTec-AD,toothbrush,456,rescue,gaussian_blur,severe,Wiener,0.5,clean
PatchCore,MVTec-AD,toothbrush,456,degradation,motion_blur,mild,none,0.5,clean
PatchCore,MVTec-AD,toothbrush,456,degradation,motion_blur,moderate,none,0.5,clean
PatchCore,MVTec-AD,toothbrush,456,degradation,motion_blur,severe,none,0.5,clean
PatchCore,MVTec-AD,toothbrush,456,rescue,motion_blur,severe,Wiener (Motion PSF),0.5,clean
PatchCore,MVTec-AD,toothbrush,456,degradation,sensor_noise,mild,none,0.9722222089767456,clean
PatchCore,MVTec-AD,toothbrush,456,degradation,sensor_noise,moderate,none,0.9000000357627869,clean
PatchCore,MVTec-AD,toothbrush,456,degradation,sensor_noise,severe,none,0.5833333730697632,clean
PatchCore,MVTec-AD,toothbrush,456,rescue,sensor_noise,severe,NLM Denoise,0.5,clean
PatchCore,MVTec-AD,toothbrush,456,degradation,fog_haze,mild,none,0.7888888716697693,clean
PatchCore,MVTec-AD,toothbrush,456,degradation,fog_haze,moderate,none,0.5,clean
PatchCore,MVTec-AD,toothbrush,456,degradation,fog_haze,severe,none,0.5,clean
PatchCore,MVTec-AD,toothbrush,456,rescue,fog_haze,severe,Dehaze (Dark Channel),0.5,clean
PatchCore,MVTec-AD,transistor,42,baseline,clean,none,none,0.993333339691162,clean
PatchCore,MVTec-AD,transistor,42,degradation,low_light,mild,none,0.9783333539962769,clean
PatchCore,MVTec-AD,transistor,42,degradation,low_light,moderate,none,0.8016666769981384,clean
PatchCore,MVTec-AD,transistor,42,degradation,low_light,severe,none,0.4987500011920929,clean
PatchCore,MVTec-AD,transistor,42,rescue,low_light,severe,CLAHE,0.591249942779541,clean
PatchCore,MVTec-AD,transistor,42,rescue,low_light,severe,Retinex,0.4749999940395355,clean
PatchCore,MVTec-AD,transistor,42,degradation,gaussian_blur,mild,none,0.9729166626930236,clean
PatchCore,MVTec-AD,transistor,42,degradation,gaussian_blur,moderate,none,0.5,clean
PatchCore,MVTec-AD,transistor,42,degradation,gaussian_blur,severe,none,0.5,clean
PatchCore,MVTec-AD,transistor,42,rescue,gaussian_blur,severe,Wiener,0.5,clean
PatchCore,MVTec-AD,transistor,42,degradation,motion_blur,mild,none,0.7774999737739563,clean
PatchCore,MVTec-AD,transistor,42,degradation,motion_blur,moderate,none,0.5,clean
PatchCore,MVTec-AD,transistor,42,degradation,motion_blur,severe,none,0.5,clean
PatchCore,MVTec-AD,transistor,42,rescue,motion_blur,severe,Wiener (Motion PSF),0.4749999940395355,clean
PatchCore,MVTec-AD,transistor,42,degradation,sensor_noise,mild,none,0.8754166960716248,clean
PatchCore,MVTec-AD,transistor,42,degradation,sensor_noise,moderate,none,0.5527083277702332,clean
PatchCore,MVTec-AD,transistor,42,degradation,sensor_noise,severe,none,0.4625000059604645,clean
PatchCore,MVTec-AD,transistor,42,rescue,sensor_noise,severe,NLM Denoise,0.4702083170413971,clean
PatchCore,MVTec-AD,transistor,42,degradation,fog_haze,mild,none,0.4337500035762787,clean
PatchCore,MVTec-AD,transistor,42,degradation,fog_haze,moderate,none,0.4875000119209289,clean
PatchCore,MVTec-AD,transistor,42,degradation,fog_haze,severe,none,0.5,clean
PatchCore,MVTec-AD,transistor,42,rescue,fog_haze,severe,Dehaze (Dark Channel),0.4749999940395355,clean
PatchCore,MVTec-AD,transistor,123,baseline,clean,none,none,0.992916703224182,clean
PatchCore,MVTec-AD,transistor,123,degradation,low_light,mild,none,0.9816666841506958,clean
PatchCore,MVTec-AD,transistor,123,degradation,low_light,moderate,none,0.784583330154419,clean
PatchCore,MVTec-AD,transistor,123,degradation,low_light,severe,none,0.4908333420753479,clean
PatchCore,MVTec-AD,transistor,123,rescue,low_light,severe,CLAHE,0.559166669845581,clean
PatchCore,MVTec-AD,transistor,123,rescue,low_light,severe,Retinex,0.4749999940395355,clean
PatchCore,MVTec-AD,transistor,123,degradation,gaussian_blur,mild,none,0.9758333563804626,clean
PatchCore,MVTec-AD,transistor,123,degradation,gaussian_blur,moderate,none,0.5,clean
PatchCore,MVTec-AD,transistor,123,degradation,gaussian_blur,severe,none,0.5,clean
PatchCore,MVTec-AD,transistor,123,rescue,gaussian_blur,severe,Wiener,0.5,clean
PatchCore,MVTec-AD,transistor,123,degradation,motion_blur,mild,none,0.7837499976158142,clean
PatchCore,MVTec-AD,transistor,123,degradation,motion_blur,moderate,none,0.5,clean
PatchCore,MVTec-AD,transistor,123,degradation,motion_blur,severe,none,0.5,clean
PatchCore,MVTec-AD,transistor,123,rescue,motion_blur,severe,Wiener (Motion PSF),0.4749999940395355,clean
PatchCore,MVTec-AD,transistor,123,degradation,sensor_noise,mild,none,0.893750011920929,clean
PatchCore,MVTec-AD,transistor,123,degradation,sensor_noise,moderate,none,0.5506249666213989,clean
PatchCore,MVTec-AD,transistor,123,degradation,sensor_noise,severe,none,0.4625000059604645,clean
PatchCore,MVTec-AD,transistor,123,rescue,sensor_noise,severe,NLM Denoise,0.4706249833106994,clean
PatchCore,MVTec-AD,transistor,123,degradation,fog_haze,mild,none,0.4787500202655792,clean
PatchCore,MVTec-AD,transistor,123,degradation,fog_haze,moderate,none,0.4749999940395355,clean
PatchCore,MVTec-AD,transistor,123,degradation,fog_haze,severe,none,0.5,clean
PatchCore,MVTec-AD,transistor,123,rescue,fog_haze,severe,Dehaze (Dark Channel),0.5,clean
PatchCore,MVTec-AD,transistor,456,baseline,clean,none,none,0.9941666722297668,clean
PatchCore,MVTec-AD,transistor,456,degradation,low_light,mild,none,0.9762499928474426,clean
PatchCore,MVTec-AD,transistor,456,degradation,low_light,moderate,none,0.8037499785423279,clean
PatchCore,MVTec-AD,transistor,456,degradation,low_light,severe,none,0.4950000047683716,clean
PatchCore,MVTec-AD,transistor,456,rescue,low_light,severe,CLAHE,0.5916666984558105,clean
PatchCore,MVTec-AD,transistor,456,rescue,low_light,severe,Retinex,0.4749999940395355,clean
PatchCore,MVTec-AD,transistor,456,degradation,gaussian_blur,mild,none,0.9704166650772096,clean
PatchCore,MVTec-AD,transistor,456,degradation,gaussian_blur,moderate,none,0.5,clean
PatchCore,MVTec-AD,transistor,456,degradation,gaussian_blur,severe,none,0.5,clean
PatchCore,MVTec-AD,transistor,456,rescue,gaussian_blur,severe,Wiener,0.5,clean
PatchCore,MVTec-AD,transistor,456,degradation,motion_blur,mild,none,0.78125,clean
PatchCore,MVTec-AD,transistor,456,degradation,motion_blur,moderate,none,0.5,clean
PatchCore,MVTec-AD,transistor,456,degradation,motion_blur,severe,none,0.5,clean
PatchCore,MVTec-AD,transistor,456,rescue,motion_blur,severe,Wiener (Motion PSF),0.4749999940395355,clean
PatchCore,MVTec-AD,transistor,456,degradation,sensor_noise,mild,none,0.8879166841506958,clean
PatchCore,MVTec-AD,transistor,456,degradation,sensor_noise,moderate,none,0.6004166603088379,clean
PatchCore,MVTec-AD,transistor,456,degradation,sensor_noise,severe,none,0.4625000059604645,clean
PatchCore,MVTec-AD,transistor,456,rescue,sensor_noise,severe,NLM Denoise,0.4749999940395355,clean
PatchCore,MVTec-AD,transistor,456,degradation,fog_haze,mild,none,0.4706249833106994,clean
PatchCore,MVTec-AD,transistor,456,degradation,fog_haze,moderate,none,0.5,clean
PatchCore,MVTec-AD,transistor,456,degradation,fog_haze,severe,none,0.5,clean
PatchCore,MVTec-AD,transistor,456,rescue,fog_haze,severe,Dehaze (Dark Channel),0.4875000119209289,clean
PatchCore,MVTec-AD,wood,42,baseline,clean,none,none,0.9868420958518982,clean
PatchCore,MVTec-AD,wood,42,degradation,low_light,mild,none,0.9833333492279052,clean
PatchCore,MVTec-AD,wood,42,degradation,low_light,moderate,none,0.9780701398849488,clean
PatchCore,MVTec-AD,wood,42,degradation,low_light,severe,none,0.9403508901596068,clean
PatchCore,MVTec-AD,wood,42,rescue,low_light,severe,CLAHE,0.9342105388641356,clean
PatchCore,MVTec-AD,wood,42,rescue,low_light,severe,Retinex,0.9815789461135864,clean
PatchCore,MVTec-AD,wood,42,degradation,gaussian_blur,mild,none,0.9587719440460204,clean
PatchCore,MVTec-AD,wood,42,degradation,gaussian_blur,moderate,none,0.8736842274665833,clean
PatchCore,MVTec-AD,wood,42,degradation,gaussian_blur,severe,none,0.8043859004974365,clean
PatchCore,MVTec-AD,wood,42,rescue,gaussian_blur,severe,Wiener,0.5,clean
PatchCore,MVTec-AD,wood,42,degradation,motion_blur,mild,none,0.9745613932609558,clean
PatchCore,MVTec-AD,wood,42,degradation,motion_blur,moderate,none,0.938596487045288,clean
PatchCore,MVTec-AD,wood,42,degradation,motion_blur,severe,none,0.8921052813529968,clean
PatchCore,MVTec-AD,wood,42,rescue,motion_blur,severe,Wiener (Motion PSF),0.9061403274536132,clean
PatchCore,MVTec-AD,wood,42,degradation,sensor_noise,mild,none,0.9456140995025636,clean
PatchCore,MVTec-AD,wood,42,degradation,sensor_noise,moderate,none,0.8719298243522644,clean
PatchCore,MVTec-AD,wood,42,degradation,sensor_noise,severe,none,0.7666666507720947,clean
PatchCore,MVTec-AD,wood,42,rescue,sensor_noise,severe,NLM Denoise,0.719298243522644,clean
PatchCore,MVTec-AD,wood,42,degradation,fog_haze,mild,none,0.8929824233055115,clean
PatchCore,MVTec-AD,wood,42,degradation,fog_haze,moderate,none,0.7649122476577759,clean
PatchCore,MVTec-AD,wood,42,degradation,fog_haze,severe,none,0.6649122834205627,clean
PatchCore,MVTec-AD,wood,42,rescue,fog_haze,severe,Dehaze (Dark Channel),0.738596498966217,clean
PatchCore,MVTec-AD,wood,123,baseline,clean,none,none,0.985087752342224,clean
PatchCore,MVTec-AD,wood,123,degradation,low_light,mild,none,0.9859648942947388,clean
PatchCore,MVTec-AD,wood,123,degradation,low_light,moderate,none,0.9675438404083252,clean
PatchCore,MVTec-AD,wood,123,degradation,low_light,severe,none,0.9359648823738098,clean
PatchCore,MVTec-AD,wood,123,rescue,low_light,severe,CLAHE,0.9342105388641356,clean
PatchCore,MVTec-AD,wood,123,rescue,low_light,severe,Retinex,0.9789474010467528,clean
PatchCore,MVTec-AD,wood,123,degradation,gaussian_blur,mild,none,0.9561403393745422,clean
PatchCore,MVTec-AD,wood,123,degradation,gaussian_blur,moderate,none,0.8771929740905762,clean
PatchCore,MVTec-AD,wood,123,degradation,gaussian_blur,severe,none,0.7236841917037964,clean
PatchCore,MVTec-AD,wood,123,rescue,gaussian_blur,severe,Wiener,0.5,clean
PatchCore,MVTec-AD,wood,123,degradation,motion_blur,mild,none,0.9719298481941224,clean
PatchCore,MVTec-AD,wood,123,degradation,motion_blur,moderate,none,0.9359649419784546,clean
PatchCore,MVTec-AD,wood,123,degradation,motion_blur,severe,none,0.853508710861206,clean
PatchCore,MVTec-AD,wood,123,rescue,motion_blur,severe,Wiener (Motion PSF),0.9052631855010986,clean
PatchCore,MVTec-AD,wood,123,degradation,sensor_noise,mild,none,0.9526315331459044,clean
PatchCore,MVTec-AD,wood,123,degradation,sensor_noise,moderate,none,0.8684210777282715,clean
PatchCore,MVTec-AD,wood,123,degradation,sensor_noise,severe,none,0.7605262994766235,clean
PatchCore,MVTec-AD,wood,123,rescue,sensor_noise,severe,NLM Denoise,0.7122807502746582,clean
PatchCore,MVTec-AD,wood,123,degradation,fog_haze,mild,none,0.9184210896492004,clean
PatchCore,MVTec-AD,wood,123,degradation,fog_haze,moderate,none,0.7201755046844482,clean
PatchCore,MVTec-AD,wood,123,degradation,fog_haze,severe,none,0.6640350818634033,clean
PatchCore,MVTec-AD,wood,123,rescue,fog_haze,severe,Dehaze (Dark Channel),0.6149122714996338,clean
PatchCore,MVTec-AD,wood,456,baseline,clean,none,none,0.9868420958518982,clean
PatchCore,MVTec-AD,wood,456,degradation,low_light,mild,none,0.985087752342224,clean
PatchCore,MVTec-AD,wood,456,degradation,low_light,moderate,none,0.977192997932434,clean
PatchCore,MVTec-AD,wood,456,degradation,low_light,severe,none,0.9412280321121216,clean
PatchCore,MVTec-AD,wood,456,rescue,low_light,severe,CLAHE,0.9342105388641356,clean
PatchCore,MVTec-AD,wood,456,rescue,low_light,severe,Retinex,0.980701744556427,clean
PatchCore,MVTec-AD,wood,456,degradation,gaussian_blur,mild,none,0.9596492052078248,clean
PatchCore,MVTec-AD,wood,456,degradation,gaussian_blur,moderate,none,0.8771929740905762,clean
PatchCore,MVTec-AD,wood,456,degradation,gaussian_blur,severe,none,0.784649133682251,clean
PatchCore,MVTec-AD,wood,456,rescue,gaussian_blur,severe,Wiener,0.5,clean
PatchCore,MVTec-AD,wood,456,degradation,motion_blur,mild,none,0.9763157963752748,clean
PatchCore,MVTec-AD,wood,456,degradation,motion_blur,moderate,none,0.9403509497642516,clean
PatchCore,MVTec-AD,wood,456,degradation,motion_blur,severe,none,0.8885964751243591,clean
PatchCore,MVTec-AD,wood,456,rescue,motion_blur,severe,Wiener (Motion PSF),0.9052631855010986,clean
PatchCore,MVTec-AD,wood,456,degradation,sensor_noise,mild,none,0.949999988079071,clean
PatchCore,MVTec-AD,wood,456,degradation,sensor_noise,moderate,none,0.8640351295471191,clean
PatchCore,MVTec-AD,wood,456,degradation,sensor_noise,severe,none,0.7517544031143188,clean
PatchCore,MVTec-AD,wood,456,rescue,sensor_noise,severe,NLM Denoise,0.711403489112854,clean
PatchCore,MVTec-AD,wood,456,degradation,fog_haze,mild,none,0.8798245787620544,clean
PatchCore,MVTec-AD,wood,456,degradation,fog_haze,moderate,none,0.8473684787750244,clean
PatchCore,MVTec-AD,wood,456,degradation,fog_haze,severe,none,0.7377192974090576,clean
PatchCore,MVTec-AD,wood,456,rescue,fog_haze,severe,Dehaze (Dark Channel),0.6517543792724609,clean
PatchCore,MVTec-AD,zipper,42,baseline,clean,none,none,0.9789916276931764,clean
PatchCore,MVTec-AD,zipper,42,degradation,low_light,mild,none,0.9469537734985352,clean
PatchCore,MVTec-AD,zipper,42,degradation,low_light,moderate,none,0.9241071343421936,clean
PatchCore,MVTec-AD,zipper,42,degradation,low_light,severe,none,0.7552521228790283,clean
PatchCore,MVTec-AD,zipper,42,rescue,low_light,severe,CLAHE,0.8453255891799927,clean
PatchCore,MVTec-AD,zipper,42,rescue,low_light,severe,Retinex,0.5907300710678101,clean
PatchCore,MVTec-AD,zipper,42,degradation,gaussian_blur,mild,none,0.9561449885368348,clean
PatchCore,MVTec-AD,zipper,42,degradation,gaussian_blur,moderate,none,0.5,clean
PatchCore,MVTec-AD,zipper,42,degradation,gaussian_blur,severe,none,0.5,clean
PatchCore,MVTec-AD,zipper,42,rescue,gaussian_blur,severe,Wiener,0.5,clean
PatchCore,MVTec-AD,zipper,42,degradation,motion_blur,mild,none,0.693802535533905,clean
PatchCore,MVTec-AD,zipper,42,degradation,motion_blur,moderate,none,0.5,clean
PatchCore,MVTec-AD,zipper,42,degradation,motion_blur,severe,none,0.5,clean
PatchCore,MVTec-AD,zipper,42,rescue,motion_blur,severe,Wiener (Motion PSF),0.8130252361297607,clean
PatchCore,MVTec-AD,zipper,42,degradation,sensor_noise,mild,none,0.7983193397521973,clean
PatchCore,MVTec-AD,zipper,42,degradation,sensor_noise,moderate,none,0.7216386795043945,clean
PatchCore,MVTec-AD,zipper,42,degradation,sensor_noise,severe,none,0.7720588445663452,clean
PatchCore,MVTec-AD,zipper,42,rescue,sensor_noise,severe,NLM Denoise,0.8668592572212219,clean
PatchCore,MVTec-AD,zipper,42,degradation,fog_haze,mild,none,0.5105042457580566,clean
PatchCore,MVTec-AD,zipper,42,degradation,fog_haze,moderate,none,0.5,clean
PatchCore,MVTec-AD,zipper,42,degradation,fog_haze,severe,none,0.5,clean
PatchCore,MVTec-AD,zipper,42,rescue,fog_haze,severe,Dehaze (Dark Channel),0.5,clean
PatchCore,MVTec-AD,zipper,123,baseline,clean,none,none,0.9779412150382996,clean
PatchCore,MVTec-AD,zipper,123,degradation,low_light,mild,none,0.9348739385604858,clean
PatchCore,MVTec-AD,zipper,123,degradation,low_light,moderate,none,0.9178045988082886,clean
PatchCore,MVTec-AD,zipper,123,degradation,low_light,severe,none,0.7552521228790283,clean
PatchCore,MVTec-AD,zipper,123,rescue,low_light,severe,CLAHE,0.850052535533905,clean
PatchCore,MVTec-AD,zipper,123,rescue,low_light,severe,Retinex,0.6012341976165771,clean
PatchCore,MVTec-AD,zipper,123,degradation,gaussian_blur,mild,none,0.9498424530029296,clean
PatchCore,MVTec-AD,zipper,123,degradation,gaussian_blur,moderate,none,0.5,clean
PatchCore,MVTec-AD,zipper,123,degradation,gaussian_blur,severe,none,0.5,clean
PatchCore,MVTec-AD,zipper,123,rescue,gaussian_blur,severe,Wiener,0.5,clean
PatchCore,MVTec-AD,zipper,123,degradation,motion_blur,mild,none,0.7022058963775635,clean
PatchCore,MVTec-AD,zipper,123,degradation,motion_blur,moderate,none,0.4957983195781708,clean
PatchCore,MVTec-AD,zipper,123,degradation,motion_blur,severe,none,0.5,clean
PatchCore,MVTec-AD,zipper,123,rescue,motion_blur,severe,Wiener (Motion PSF),0.8172268867492676,clean
PatchCore,MVTec-AD,zipper,123,degradation,sensor_noise,mild,none,0.8082983493804932,clean
PatchCore,MVTec-AD,zipper,123,degradation,sensor_noise,moderate,none,0.7704831957817078,clean
PatchCore,MVTec-AD,zipper,123,degradation,sensor_noise,severe,none,0.7888655662536621,clean
PatchCore,MVTec-AD,zipper,123,rescue,sensor_noise,severe,NLM Denoise,0.848739504814148,clean
PatchCore,MVTec-AD,zipper,123,degradation,fog_haze,mild,none,0.5544905662536621,clean
PatchCore,MVTec-AD,zipper,123,degradation,fog_haze,moderate,none,0.5,clean
PatchCore,MVTec-AD,zipper,123,degradation,fog_haze,severe,none,0.5,clean
PatchCore,MVTec-AD,zipper,123,rescue,fog_haze,severe,Dehaze (Dark Channel),0.4957983195781708,clean
PatchCore,MVTec-AD,zipper,456,baseline,clean,none,none,0.9784663319587708,clean
PatchCore,MVTec-AD,zipper,456,degradation,low_light,mild,none,0.9472163915634156,clean
PatchCore,MVTec-AD,zipper,456,degradation,low_light,moderate,none,0.9272584319114684,clean
PatchCore,MVTec-AD,zipper,456,degradation,low_light,severe,none,0.761292040348053,clean
PatchCore,MVTec-AD,zipper,456,rescue,low_light,severe,CLAHE,0.8419117331504822,clean
PatchCore,MVTec-AD,zipper,456,rescue,low_light,severe,Retinex,0.5814075469970703,clean
PatchCore,MVTec-AD,zipper,456,degradation,gaussian_blur,mild,none,0.9524683952331544,clean
PatchCore,MVTec-AD,zipper,456,degradation,gaussian_blur,moderate,none,0.5,clean
PatchCore,MVTec-AD,zipper,456,degradation,gaussian_blur,severe,none,0.5,clean
PatchCore,MVTec-AD,zipper,456,rescue,gaussian_blur,severe,Wiener,0.5,clean
PatchCore,MVTec-AD,zipper,456,degradation,motion_blur,mild,none,0.6948529481887817,clean
PatchCore,MVTec-AD,zipper,456,degradation,motion_blur,moderate,none,0.5,clean
PatchCore,MVTec-AD,zipper,456,degradation,motion_blur,severe,none,0.5,clean
PatchCore,MVTec-AD,zipper,456,rescue,motion_blur,severe,Wiener (Motion PSF),0.8222163915634155,clean
PatchCore,MVTec-AD,zipper,456,degradation,sensor_noise,mild,none,0.8182773590087891,clean
PatchCore,MVTec-AD,zipper,456,degradation,sensor_noise,moderate,none,0.763130247592926,clean
PatchCore,MVTec-AD,zipper,456,degradation,sensor_noise,severe,none,0.797006368637085,clean
PatchCore,MVTec-AD,zipper,456,rescue,sensor_noise,severe,NLM Denoise,0.8440126180648804,clean
PatchCore,MVTec-AD,zipper,456,degradation,fog_haze,mild,none,0.5443803071975708,clean
PatchCore,MVTec-AD,zipper,456,degradation,fog_haze,moderate,none,0.5,clean
PatchCore,MVTec-AD,zipper,456,degradation,fog_haze,severe,none,0.5,clean
PatchCore,MVTec-AD,zipper,456,rescue,fog_haze,severe,Dehaze (Dark Channel),0.5,clean
PatchCore,MVTec-AD,bottle,42,rescue,low_light,mild,CLAHE,0.9333333969116212,clean
PatchCore,MVTec-AD,bottle,42,rescue,low_light,mild,Retinex,0.9444444179534912,clean
PatchCore,MVTec-AD,bottle,42,rescue,low_light,moderate,CLAHE,0.9246031641960144,clean
PatchCore,MVTec-AD,bottle,42,rescue,low_light,moderate,Retinex,0.9539682865142822,clean
PatchCore,MVTec-AD,bottle,42,rescue,gaussian_blur,mild,Wiener,0.9960317015647888,clean
PatchCore,MVTec-AD,bottle,42,rescue,gaussian_blur,moderate,Wiener,0.7714285850524902,clean
PatchCore,MVTec-AD,bottle,42,rescue,motion_blur,mild,Wiener (Motion PSF),0.8476190567016602,clean
PatchCore,MVTec-AD,bottle,42,rescue,motion_blur,moderate,Wiener (Motion PSF),0.6960317492485046,clean
PatchCore,MVTec-AD,bottle,42,rescue,sensor_noise,mild,NLM Denoise,0.9015873074531556,clean
PatchCore,MVTec-AD,bottle,42,rescue,sensor_noise,moderate,NLM Denoise,0.9380952715873718,clean
PatchCore,MVTec-AD,bottle,42,rescue,fog_haze,mild,Dehaze (Dark Channel),0.5230158567428589,clean
PatchCore,MVTec-AD,bottle,42,rescue,fog_haze,moderate,Dehaze (Dark Channel),0.5761904716491699,clean
PatchCore,MVTec-AD,bottle,123,rescue,low_light,mild,CLAHE,0.932539701461792,clean
PatchCore,MVTec-AD,bottle,123,rescue,low_light,mild,Retinex,0.9357142448425292,clean
PatchCore,MVTec-AD,bottle,123,rescue,low_light,moderate,CLAHE,0.9420635104179382,clean
PatchCore,MVTec-AD,bottle,123,rescue,low_light,moderate,Retinex,0.9626984000205994,clean
PatchCore,MVTec-AD,bottle,123,rescue,gaussian_blur,mild,Wiener,0.9976189732551576,clean
PatchCore,MVTec-AD,bottle,123,rescue,gaussian_blur,moderate,Wiener,0.7873016595840454,clean
PatchCore,MVTec-AD,bottle,123,rescue,motion_blur,mild,Wiener (Motion PSF),0.8428571224212646,clean
PatchCore,MVTec-AD,bottle,123,rescue,motion_blur,moderate,Wiener (Motion PSF),0.6944444179534912,clean
PatchCore,MVTec-AD,bottle,123,rescue,sensor_noise,mild,NLM Denoise,0.9166666269302368,clean
PatchCore,MVTec-AD,bottle,123,rescue,sensor_noise,moderate,NLM Denoise,0.9222221970558168,clean
PatchCore,MVTec-AD,bottle,123,rescue,fog_haze,mild,Dehaze (Dark Channel),0.6015872955322266,clean
PatchCore,MVTec-AD,bottle,123,rescue,fog_haze,moderate,Dehaze (Dark Channel),0.699999988079071,clean
PatchCore,MVTec-AD,bottle,456,rescue,low_light,mild,CLAHE,0.9317460060119628,clean
PatchCore,MVTec-AD,bottle,456,rescue,low_light,mild,Retinex,0.941269874572754,clean
PatchCore,MVTec-AD,bottle,456,rescue,low_light,moderate,CLAHE,0.920634925365448,clean
PatchCore,MVTec-AD,bottle,456,rescue,low_light,moderate,Retinex,0.9650793671607972,clean
PatchCore,MVTec-AD,bottle,456,rescue,gaussian_blur,mild,Wiener,0.9976189732551576,clean
PatchCore,MVTec-AD,bottle,456,rescue,gaussian_blur,moderate,Wiener,0.7817460894584656,clean
PatchCore,MVTec-AD,bottle,456,rescue,motion_blur,mild,Wiener (Motion PSF),0.8428571224212646,clean
PatchCore,MVTec-AD,bottle,456,rescue,motion_blur,moderate,Wiener (Motion PSF),0.6984127163887024,clean
PatchCore,MVTec-AD,bottle,456,rescue,sensor_noise,mild,NLM Denoise,0.9246031641960144,clean
PatchCore,MVTec-AD,bottle,456,rescue,sensor_noise,moderate,NLM Denoise,0.9214285612106324,clean
PatchCore,MVTec-AD,bottle,456,rescue,fog_haze,mild,Dehaze (Dark Channel),0.7174603343009949,clean
PatchCore,MVTec-AD,bottle,456,rescue,fog_haze,moderate,Dehaze (Dark Channel),0.4611111283302307,clean
PatchCore,MVTec-AD,cable,42,rescue,low_light,mild,CLAHE,0.9782608151435852,clean
PatchCore,MVTec-AD,cable,42,rescue,low_light,mild,Retinex,0.9327211380004884,clean
PatchCore,MVTec-AD,cable,42,rescue,low_light,moderate,CLAHE,0.9627061486244202,clean
PatchCore,MVTec-AD,cable,42,rescue,low_light,moderate,Retinex,0.955584704875946,clean
PatchCore,MVTec-AD,cable,42,rescue,gaussian_blur,mild,Wiener,0.9497750997543336,clean
PatchCore,MVTec-AD,cable,42,rescue,gaussian_blur,moderate,Wiener,0.5030921697616577,clean
PatchCore,MVTec-AD,cable,42,rescue,motion_blur,mild,Wiener (Motion PSF),0.5762743949890137,clean
PatchCore,MVTec-AD,cable,42,rescue,motion_blur,moderate,Wiener (Motion PSF),0.5624063014984131,clean
PatchCore,MVTec-AD,cable,42,rescue,sensor_noise,mild,NLM Denoise,0.9167916178703308,clean
PatchCore,MVTec-AD,cable,42,rescue,sensor_noise,moderate,NLM Denoise,0.8399550318717957,clean
PatchCore,MVTec-AD,cable,42,rescue,fog_haze,mild,Dehaze (Dark Channel),0.8630059957504272,clean
PatchCore,MVTec-AD,cable,42,rescue,fog_haze,moderate,Dehaze (Dark Channel),0.8309594988822937,clean
PatchCore,MVTec-AD,cable,123,rescue,low_light,mild,CLAHE,0.9767615795135498,clean
PatchCore,MVTec-AD,cable,123,rescue,low_light,mild,Retinex,0.9387181997299194,clean
PatchCore,MVTec-AD,cable,123,rescue,low_light,moderate,CLAHE,0.9619565606117249,clean
PatchCore,MVTec-AD,cable,123,rescue,low_light,moderate,Retinex,0.9538980722427368,clean
PatchCore,MVTec-AD,cable,123,rescue,gaussian_blur,mild,Wiener,0.9473388195037842,clean
PatchCore,MVTec-AD,cable,123,rescue,gaussian_blur,moderate,Wiener,0.4872563779354095,clean
PatchCore,MVTec-AD,cable,123,rescue,motion_blur,mild,Wiener (Motion PSF),0.5888305902481079,clean
PatchCore,MVTec-AD,cable,123,rescue,motion_blur,moderate,Wiener (Motion PSF),0.5858320593833923,clean
PatchCore,MVTec-AD,cable,123,rescue,sensor_noise,mild,NLM Denoise,0.911356806755066,clean
PatchCore,MVTec-AD,cable,123,rescue,sensor_noise,moderate,NLM Denoise,0.8483883142471313,clean
PatchCore,MVTec-AD,cable,123,rescue,fog_haze,mild,Dehaze (Dark Channel),0.8789355158805847,clean
PatchCore,MVTec-AD,cable,123,rescue,fog_haze,moderate,Dehaze (Dark Channel),0.856821596622467,clean
PatchCore,MVTec-AD,cable,456,rescue,low_light,mild,CLAHE,0.9788230657577516,clean
PatchCore,MVTec-AD,cable,456,rescue,low_light,mild,Retinex,0.9299100637435912,clean
PatchCore,MVTec-AD,cable,456,rescue,low_light,moderate,CLAHE,0.964580237865448,clean
PatchCore,MVTec-AD,cable,456,rescue,low_light,moderate,Retinex,0.9505246877670288,clean
PatchCore,MVTec-AD,cable,456,rescue,gaussian_blur,mild,Wiener,0.946401834487915,clean
PatchCore,MVTec-AD,cable,456,rescue,gaussian_blur,moderate,Wiener,0.5032795667648315,clean
PatchCore,MVTec-AD,cable,456,rescue,motion_blur,mild,Wiener (Motion PSF),0.5766491889953613,clean
PatchCore,MVTec-AD,cable,456,rescue,motion_blur,moderate,Wiener (Motion PSF),0.566154420375824,clean
PatchCore,MVTec-AD,cable,456,rescue,sensor_noise,mild,NLM Denoise,0.91922789812088,clean
PatchCore,MVTec-AD,cable,456,rescue,sensor_noise,moderate,NLM Denoise,0.8397676348686218,clean
PatchCore,MVTec-AD,cable,456,rescue,fog_haze,mild,Dehaze (Dark Channel),0.8823087811470032,clean
PatchCore,MVTec-AD,cable,456,rescue,fog_haze,moderate,Dehaze (Dark Channel),0.8695652484893799,clean
PatchCore,MVTec-AD,capsule,42,rescue,low_light,mild,CLAHE,0.8244914412498474,clean
PatchCore,MVTec-AD,capsule,42,rescue,low_light,mild,Retinex,0.6282409429550171,clean
PatchCore,MVTec-AD,capsule,42,rescue,low_light,moderate,CLAHE,0.815716028213501,clean
PatchCore,MVTec-AD,capsule,42,rescue,low_light,moderate,Retinex,0.5125647783279419,clean
PatchCore,MVTec-AD,capsule,42,rescue,gaussian_blur,mild,Wiener,0.7758276462554932,clean
PatchCore,MVTec-AD,capsule,42,rescue,gaussian_blur,moderate,Wiener,0.5,clean
PatchCore,MVTec-AD,capsule,42,rescue,motion_blur,mild,Wiener (Motion PSF),0.5,clean
PatchCore,MVTec-AD,capsule,42,rescue,motion_blur,moderate,Wiener (Motion PSF),0.5,clean
PatchCore,MVTec-AD,capsule,42,rescue,sensor_noise,mild,NLM Denoise,0.4802552759647369,clean
PatchCore,MVTec-AD,capsule,42,rescue,sensor_noise,moderate,NLM Denoise,0.5,clean
PatchCore,MVTec-AD,capsule,42,rescue,fog_haze,mild,Dehaze (Dark Channel),0.4954128563404083,clean
PatchCore,MVTec-AD,capsule,42,rescue,fog_haze,moderate,Dehaze (Dark Channel),0.5,clean
PatchCore,MVTec-AD,capsule,123,rescue,low_light,mild,CLAHE,0.8280813694000244,clean
PatchCore,MVTec-AD,capsule,123,rescue,low_light,mild,Retinex,0.6533705592155457,clean
PatchCore,MVTec-AD,capsule,123,rescue,low_light,moderate,CLAHE,0.8169126510620117,clean
PatchCore,MVTec-AD,capsule,123,rescue,low_light,moderate,Retinex,0.4908256828784942,clean
PatchCore,MVTec-AD,capsule,123,rescue,gaussian_blur,mild,Wiener,0.7850019931793213,clean
PatchCore,MVTec-AD,capsule,123,rescue,gaussian_blur,moderate,Wiener,0.5,clean
PatchCore,MVTec-AD,capsule,123,rescue,motion_blur,mild,Wiener (Motion PSF),0.5,clean
PatchCore,MVTec-AD,capsule,123,rescue,motion_blur,moderate,Wiener (Motion PSF),0.5,clean
PatchCore,MVTec-AD,capsule,123,rescue,sensor_noise,mild,NLM Denoise,0.4780613780021667,clean
PatchCore,MVTec-AD,capsule,123,rescue,sensor_noise,moderate,NLM Denoise,0.5,clean
PatchCore,MVTec-AD,capsule,123,rescue,fog_haze,mild,Dehaze (Dark Channel),0.5,clean
PatchCore,MVTec-AD,capsule,123,rescue,fog_haze,moderate,Dehaze (Dark Channel),0.5,clean
PatchCore,MVTec-AD,capsule,456,rescue,low_light,mild,CLAHE,0.8181093335151672,clean
PatchCore,MVTec-AD,capsule,456,rescue,low_light,mild,Retinex,0.6597527265548706,clean
PatchCore,MVTec-AD,capsule,456,rescue,low_light,moderate,CLAHE,0.8133226633071899,clean
PatchCore,MVTec-AD,capsule,456,rescue,low_light,moderate,Retinex,0.5205424427986145,clean
PatchCore,MVTec-AD,capsule,456,rescue,gaussian_blur,mild,Wiener,0.7758277058601379,clean
PatchCore,MVTec-AD,capsule,456,rescue,gaussian_blur,moderate,Wiener,0.5,clean
PatchCore,MVTec-AD,capsule,456,rescue,motion_blur,mild,Wiener (Motion PSF),0.5,clean
PatchCore,MVTec-AD,capsule,456,rescue,motion_blur,moderate,Wiener (Motion PSF),0.5,clean
PatchCore,MVTec-AD,capsule,456,rescue,sensor_noise,mild,NLM Denoise,0.509972095489502,clean
PatchCore,MVTec-AD,capsule,456,rescue,sensor_noise,moderate,NLM Denoise,0.5,clean
PatchCore,MVTec-AD,capsule,456,rescue,fog_haze,mild,Dehaze (Dark Channel),0.5173513889312744,clean
PatchCore,MVTec-AD,capsule,456,rescue,fog_haze,moderate,Dehaze (Dark Channel),0.5,clean
PatchCore,MVTec-AD,carpet,42,rescue,low_light,mild,CLAHE,0.985553741455078,clean
PatchCore,MVTec-AD,carpet,42,rescue,low_light,mild,Retinex,0.9578651785850524,clean
PatchCore,MVTec-AD,carpet,42,rescue,low_light,moderate,CLAHE,0.9815409183502196,clean
PatchCore,MVTec-AD,carpet,42,rescue,low_light,moderate,Retinex,0.9819422364234924,clean
PatchCore,MVTec-AD,carpet,42,rescue,gaussian_blur,mild,Wiener,0.9823434948921204,clean
PatchCore,MVTec-AD,carpet,42,rescue,gaussian_blur,moderate,Wiener,0.4943820238113403,clean
PatchCore,MVTec-AD,carpet,42,rescue,motion_blur,mild,Wiener (Motion PSF),0.9442214965820312,clean
PatchCore,MVTec-AD,carpet,42,rescue,motion_blur,moderate,Wiener (Motion PSF),0.564606785774231,clean
PatchCore,MVTec-AD,carpet,42,rescue,sensor_noise,mild,NLM Denoise,0.9386035203933716,clean
PatchCore,MVTec-AD,carpet,42,rescue,sensor_noise,moderate,NLM Denoise,0.846308171749115,clean
PatchCore,MVTec-AD,carpet,42,rescue,fog_haze,mild,Dehaze (Dark Channel),0.9105136394500732,clean
PatchCore,MVTec-AD,carpet,42,rescue,fog_haze,moderate,Dehaze (Dark Channel),0.5551765561103821,clean
PatchCore,MVTec-AD,carpet,123,rescue,low_light,mild,CLAHE,0.9875601530075072,clean
PatchCore,MVTec-AD,carpet,123,rescue,low_light,mild,Retinex,0.9642857313156128,clean
PatchCore,MVTec-AD,carpet,123,rescue,low_light,moderate,CLAHE,0.9823434948921204,clean
PatchCore,MVTec-AD,carpet,123,rescue,low_light,moderate,Retinex,0.9807382822036744,clean
PatchCore,MVTec-AD,carpet,123,rescue,gaussian_blur,mild,Wiener,0.9803370833396912,clean
PatchCore,MVTec-AD,carpet,123,rescue,gaussian_blur,moderate,Wiener,0.5,clean
PatchCore,MVTec-AD,carpet,123,rescue,motion_blur,mild,Wiener (Motion PSF),0.943017601966858,clean
PatchCore,MVTec-AD,carpet,123,rescue,motion_blur,moderate,Wiener (Motion PSF),0.5521669387817383,clean
PatchCore,MVTec-AD,carpet,123,rescue,sensor_noise,mild,NLM Denoise,0.9454253911972046,clean
PatchCore,MVTec-AD,carpet,123,rescue,sensor_noise,moderate,NLM Denoise,0.8386837840080261,clean
PatchCore,MVTec-AD,carpet,123,rescue,fog_haze,mild,Dehaze (Dark Channel),0.9129213690757751,clean
PatchCore,MVTec-AD,carpet,123,rescue,fog_haze,moderate,Dehaze (Dark Channel),0.6787720918655396,clean
PatchCore,MVTec-AD,carpet,456,rescue,low_light,mild,CLAHE,0.9891653060913086,clean
PatchCore,MVTec-AD,carpet,456,rescue,low_light,mild,Retinex,0.957062602043152,clean
PatchCore,MVTec-AD,carpet,456,rescue,low_light,moderate,CLAHE,0.97873193025589,clean
PatchCore,MVTec-AD,carpet,456,rescue,low_light,moderate,Retinex,0.9819421768188475,clean
PatchCore,MVTec-AD,carpet,456,rescue,gaussian_blur,mild,Wiener,0.985553741455078,clean
PatchCore,MVTec-AD,carpet,456,rescue,gaussian_blur,moderate,Wiener,0.4943820238113403,clean
PatchCore,MVTec-AD,carpet,456,rescue,motion_blur,mild,Wiener (Motion PSF),0.9438202381134032,clean
PatchCore,MVTec-AD,carpet,456,rescue,motion_blur,moderate,Wiener (Motion PSF),0.5537720918655396,clean
PatchCore,MVTec-AD,carpet,456,rescue,sensor_noise,mild,NLM Denoise,0.9402086734771729,clean
PatchCore,MVTec-AD,carpet,456,rescue,sensor_noise,moderate,NLM Denoise,0.8314606547355652,clean
PatchCore,MVTec-AD,carpet,456,rescue,fog_haze,mild,Dehaze (Dark Channel),0.8992776870727539,clean
PatchCore,MVTec-AD,carpet,456,rescue,fog_haze,moderate,Dehaze (Dark Channel),0.6569020748138428,clean
PatchCore,MVTec-AD,grid,42,rescue,low_light,mild,CLAHE,0.953216314315796,clean
PatchCore,MVTec-AD,grid,42,rescue,low_light,mild,Retinex,0.9482038617134094,clean
PatchCore,MVTec-AD,grid,42,rescue,low_light,moderate,CLAHE,0.9164577722549438,clean
PatchCore,MVTec-AD,grid,42,rescue,low_light,moderate,Retinex,0.9523809552192688,clean
PatchCore,MVTec-AD,grid,42,rescue,gaussian_blur,mild,Wiener,0.6524645090103149,clean
PatchCore,MVTec-AD,grid,42,rescue,gaussian_blur,moderate,Wiener,0.5,clean
PatchCore,MVTec-AD,grid,42,rescue,motion_blur,mild,Wiener (Motion PSF),0.5062656402587891,clean
PatchCore,MVTec-AD,grid,42,rescue,motion_blur,moderate,Wiener (Motion PSF),0.523809552192688,clean
PatchCore,MVTec-AD,grid,42,rescue,sensor_noise,mild,NLM Denoise,0.579365074634552,clean
PatchCore,MVTec-AD,grid,42,rescue,sensor_noise,moderate,NLM Denoise,0.5,clean
PatchCore,MVTec-AD,grid,42,rescue,fog_haze,mild,Dehaze (Dark Channel),0.6449457406997681,clean
PatchCore,MVTec-AD,grid,42,rescue,fog_haze,moderate,Dehaze (Dark Channel),0.4958229064941406,clean
PatchCore,MVTec-AD,grid,123,rescue,low_light,mild,CLAHE,0.9582289457321168,clean
PatchCore,MVTec-AD,grid,123,rescue,low_light,mild,Retinex,0.945697546005249,clean
PatchCore,MVTec-AD,grid,123,rescue,low_light,moderate,CLAHE,0.9156224131584167,clean
PatchCore,MVTec-AD,grid,123,rescue,low_light,moderate,Retinex,0.9431913495063782,clean
PatchCore,MVTec-AD,grid,123,rescue,gaussian_blur,mild,Wiener,0.6608186960220337,clean
PatchCore,MVTec-AD,grid,123,rescue,gaussian_blur,moderate,Wiener,0.5,clean
PatchCore,MVTec-AD,grid,123,rescue,motion_blur,mild,Wiener (Motion PSF),0.5146198868751526,clean
PatchCore,MVTec-AD,grid,123,rescue,motion_blur,moderate,Wiener (Motion PSF),0.523809552192688,clean
PatchCore,MVTec-AD,grid,123,rescue,sensor_noise,mild,NLM Denoise,0.5881370306015015,clean
PatchCore,MVTec-AD,grid,123,rescue,sensor_noise,moderate,NLM Denoise,0.5,clean
PatchCore,MVTec-AD,grid,123,rescue,fog_haze,mild,Dehaze (Dark Channel),0.6198830604553223,clean
PatchCore,MVTec-AD,grid,123,rescue,fog_haze,moderate,Dehaze (Dark Channel),0.5062656402587891,clean
PatchCore,MVTec-AD,grid,456,rescue,low_light,mild,CLAHE,0.9607351422309875,clean
PatchCore,MVTec-AD,grid,456,rescue,low_light,mild,Retinex,0.9498746991157532,clean
PatchCore,MVTec-AD,grid,456,rescue,low_light,moderate,CLAHE,0.920634925365448,clean
PatchCore,MVTec-AD,grid,456,rescue,low_light,moderate,Retinex,0.956558108329773,clean
PatchCore,MVTec-AD,grid,456,rescue,gaussian_blur,mild,Wiener,0.6574770212173462,clean
PatchCore,MVTec-AD,grid,456,rescue,gaussian_blur,moderate,Wiener,0.5,clean
PatchCore,MVTec-AD,grid,456,rescue,motion_blur,mild,Wiener (Motion PSF),0.4979114532470703,clean
PatchCore,MVTec-AD,grid,456,rescue,motion_blur,moderate,Wiener (Motion PSF),0.5154553055763245,clean
PatchCore,MVTec-AD,grid,456,rescue,sensor_noise,mild,NLM Denoise,0.6365914940834045,clean
PatchCore,MVTec-AD,grid,456,rescue,sensor_noise,moderate,NLM Denoise,0.523809552192688,clean
PatchCore,MVTec-AD,grid,456,rescue,fog_haze,mild,Dehaze (Dark Channel),0.6474519968032837,clean
PatchCore,MVTec-AD,grid,456,rescue,fog_haze,moderate,Dehaze (Dark Channel),0.5213032364845276,clean
PatchCore,MVTec-AD,hazelnut,42,rescue,low_light,mild,CLAHE,1.0,clean
PatchCore,MVTec-AD,hazelnut,42,rescue,low_light,mild,Retinex,0.9992856979370116,clean
PatchCore,MVTec-AD,hazelnut,42,rescue,low_light,moderate,CLAHE,0.9975000023841858,clean
PatchCore,MVTec-AD,hazelnut,42,rescue,low_light,moderate,Retinex,1.0,clean
PatchCore,MVTec-AD,hazelnut,42,rescue,gaussian_blur,mild,Wiener,0.999642848968506,clean
PatchCore,MVTec-AD,hazelnut,42,rescue,gaussian_blur,moderate,Wiener,0.4825000166893005,clean
PatchCore,MVTec-AD,hazelnut,42,rescue,motion_blur,mild,Wiener (Motion PSF),0.662142813205719,clean
PatchCore,MVTec-AD,hazelnut,42,rescue,motion_blur,moderate,Wiener (Motion PSF),0.5903571248054504,clean
PatchCore,MVTec-AD,hazelnut,42,rescue,sensor_noise,mild,NLM Denoise,0.9671427607536316,clean
PatchCore,MVTec-AD,hazelnut,42,rescue,sensor_noise,moderate,NLM Denoise,0.9257142543792723,clean
PatchCore,MVTec-AD,hazelnut,42,rescue,fog_haze,mild,Dehaze (Dark Channel),0.889285683631897,clean
PatchCore,MVTec-AD,hazelnut,42,rescue,fog_haze,moderate,Dehaze (Dark Channel),0.596428632736206,clean
PatchCore,MVTec-AD,hazelnut,123,rescue,low_light,mild,CLAHE,0.999642848968506,clean
PatchCore,MVTec-AD,hazelnut,123,rescue,low_light,mild,Retinex,0.999642848968506,clean
PatchCore,MVTec-AD,hazelnut,123,rescue,low_light,moderate,CLAHE,0.99571430683136,clean
PatchCore,MVTec-AD,hazelnut,123,rescue,low_light,moderate,Retinex,1.0,clean
PatchCore,MVTec-AD,hazelnut,123,rescue,gaussian_blur,mild,Wiener,0.9992856979370116,clean
PatchCore,MVTec-AD,hazelnut,123,rescue,gaussian_blur,moderate,Wiener,0.5132142901420593,clean
PatchCore,MVTec-AD,hazelnut,123,rescue,motion_blur,mild,Wiener (Motion PSF),0.6610714197158813,clean
PatchCore,MVTec-AD,hazelnut,123,rescue,motion_blur,moderate,Wiener (Motion PSF),0.5900000333786011,clean
PatchCore,MVTec-AD,hazelnut,123,rescue,sensor_noise,mild,NLM Denoise,0.9674999713897704,clean
PatchCore,MVTec-AD,hazelnut,123,rescue,sensor_noise,moderate,NLM Denoise,0.9292857050895692,clean
PatchCore,MVTec-AD,hazelnut,123,rescue,fog_haze,mild,Dehaze (Dark Channel),0.9360713958740234,clean
PatchCore,MVTec-AD,hazelnut,123,rescue,fog_haze,moderate,Dehaze (Dark Channel),0.6182142496109009,clean
PatchCore,MVTec-AD,hazelnut,456,rescue,low_light,mild,CLAHE,1.0,clean
PatchCore,MVTec-AD,hazelnut,456,rescue,low_light,mild,Retinex,0.9989285469055176,clean
PatchCore,MVTec-AD,hazelnut,456,rescue,low_light,moderate,CLAHE,0.996071457862854,clean
PatchCore,MVTec-AD,hazelnut,456,rescue,low_light,moderate,Retinex,1.0,clean
PatchCore,MVTec-AD,hazelnut,456,rescue,gaussian_blur,mild,Wiener,0.9989285469055176,clean
PatchCore,MVTec-AD,hazelnut,456,rescue,gaussian_blur,moderate,Wiener,0.4917857050895691,clean
PatchCore,MVTec-AD,hazelnut,456,rescue,motion_blur,mild,Wiener (Motion PSF),0.6603571772575378,clean
PatchCore,MVTec-AD,hazelnut,456,rescue,motion_blur,moderate,Wiener (Motion PSF),0.5753571391105652,clean
PatchCore,MVTec-AD,hazelnut,456,rescue,sensor_noise,mild,NLM Denoise,0.9692857265472412,clean
PatchCore,MVTec-AD,hazelnut,456,rescue,sensor_noise,moderate,NLM Denoise,0.9278571605682372,clean
PatchCore,MVTec-AD,hazelnut,456,rescue,fog_haze,mild,Dehaze (Dark Channel),0.895714282989502,clean
PatchCore,MVTec-AD,hazelnut,456,rescue,fog_haze,moderate,Dehaze (Dark Channel),0.6360714435577393,clean
PatchCore,MVTec-AD,leather,42,rescue,low_light,mild,CLAHE,0.97588312625885,clean
PatchCore,MVTec-AD,leather,42,rescue,low_light,mild,Retinex,1.0,clean
PatchCore,MVTec-AD,leather,42,rescue,low_light,moderate,CLAHE,0.94599187374115,clean
PatchCore,MVTec-AD,leather,42,rescue,low_light,moderate,Retinex,1.0,clean
PatchCore,MVTec-AD,leather,42,rescue,gaussian_blur,mild,Wiener,1.0,clean
PatchCore,MVTec-AD,leather,42,rescue,gaussian_blur,moderate,Wiener,0.5,clean
PatchCore,MVTec-AD,leather,42,rescue,motion_blur,mild,Wiener (Motion PSF),0.99728262424469,clean
PatchCore,MVTec-AD,leather,42,rescue,motion_blur,moderate,Wiener (Motion PSF),0.92730975151062,clean
PatchCore,MVTec-AD,leather,42,rescue,sensor_noise,mild,NLM Denoise,0.99626362323761,clean
PatchCore,MVTec-AD,leather,42,rescue,sensor_noise,moderate,NLM Denoise,0.953125,clean
PatchCore,MVTec-AD,leather,42,rescue,fog_haze,mild,Dehaze (Dark Channel),0.7904212474822998,clean
PatchCore,MVTec-AD,leather,42,rescue,fog_haze,moderate,Dehaze (Dark Channel),0.47537362575531,clean
PatchCore,MVTec-AD,leather,123,rescue,low_light,mild,CLAHE,0.97486412525177,clean
PatchCore,MVTec-AD,leather,123,rescue,low_light,mild,Retinex,1.0,clean
PatchCore,MVTec-AD,leather,123,rescue,low_light,moderate,CLAHE,0.9510869383811952,clean
PatchCore,MVTec-AD,leather,123,rescue,low_light,moderate,Retinex,1.0,clean
PatchCore,MVTec-AD,leather,123,rescue,gaussian_blur,mild,Wiener,1.0,clean
PatchCore,MVTec-AD,leather,123,rescue,gaussian_blur,moderate,Wiener,0.5,clean
PatchCore,MVTec-AD,leather,123,rescue,motion_blur,mild,Wiener (Motion PSF),0.99728262424469,clean
PatchCore,MVTec-AD,leather,123,rescue,motion_blur,moderate,Wiener (Motion PSF),0.9296875596046448,clean
PatchCore,MVTec-AD,leather,123,rescue,sensor_noise,mild,NLM Denoise,0.9925272464752196,clean
PatchCore,MVTec-AD,leather,123,rescue,sensor_noise,moderate,NLM Denoise,0.95380437374115,clean
PatchCore,MVTec-AD,leather,123,rescue,fog_haze,mild,Dehaze (Dark Channel),0.8366168737411499,clean
PatchCore,MVTec-AD,leather,123,rescue,fog_haze,moderate,Dehaze (Dark Channel),0.6239809989929199,clean
PatchCore,MVTec-AD,leather,456,rescue,low_light,mild,CLAHE,0.9752037525177002,clean
PatchCore,MVTec-AD,leather,456,rescue,low_light,mild,Retinex,1.0,clean
PatchCore,MVTec-AD,leather,456,rescue,low_light,moderate,CLAHE,0.9510869979858398,clean
PatchCore,MVTec-AD,leather,456,rescue,low_light,moderate,Retinex,1.0,clean
PatchCore,MVTec-AD,leather,456,rescue,gaussian_blur,mild,Wiener,1.0,clean
PatchCore,MVTec-AD,leather,456,rescue,gaussian_blur,moderate,Wiener,0.5,clean
PatchCore,MVTec-AD,leather,456,rescue,motion_blur,mild,Wiener (Motion PSF),0.99626362323761,clean
PatchCore,MVTec-AD,leather,456,rescue,motion_blur,moderate,Wiener (Motion PSF),0.93138587474823,clean
PatchCore,MVTec-AD,leather,456,rescue,sensor_noise,mild,NLM Denoise,0.99490487575531,clean
PatchCore,MVTec-AD,leather,456,rescue,sensor_noise,moderate,NLM Denoise,0.95754075050354,clean
PatchCore,MVTec-AD,leather,456,rescue,fog_haze,mild,Dehaze (Dark Channel),0.7841372489929199,clean
PatchCore,MVTec-AD,leather,456,rescue,fog_haze,moderate,Dehaze (Dark Channel),0.5400815010070801,clean
PatchCore,MVTec-AD,metal_nut,42,rescue,low_light,mild,CLAHE,0.9824047088623048,clean
PatchCore,MVTec-AD,metal_nut,42,rescue,low_light,mild,Retinex,0.80840665102005,clean
PatchCore,MVTec-AD,metal_nut,42,rescue,low_light,moderate,CLAHE,0.9701857566833496,clean
PatchCore,MVTec-AD,metal_nut,42,rescue,low_light,moderate,Retinex,0.5843108296394348,clean
PatchCore,MVTec-AD,metal_nut,42,rescue,gaussian_blur,mild,Wiener,0.9775171875953674,clean
PatchCore,MVTec-AD,metal_nut,42,rescue,gaussian_blur,moderate,Wiener,0.5,clean
PatchCore,MVTec-AD,metal_nut,42,rescue,motion_blur,mild,Wiener (Motion PSF),0.4892473220825195,clean
PatchCore,MVTec-AD,metal_nut,42,rescue,motion_blur,moderate,Wiener (Motion PSF),0.4946236610412597,clean
PatchCore,MVTec-AD,metal_nut,42,rescue,sensor_noise,mild,NLM Denoise,0.8167155981063843,clean
PatchCore,MVTec-AD,metal_nut,42,rescue,sensor_noise,moderate,NLM Denoise,0.7473118305206299,clean
PatchCore,MVTec-AD,metal_nut,42,rescue,fog_haze,mild,Dehaze (Dark Channel),0.6212121248245239,clean
PatchCore,MVTec-AD,metal_nut,42,rescue,fog_haze,moderate,Dehaze (Dark Channel),0.5,clean
PatchCore,MVTec-AD,metal_nut,123,rescue,low_light,mild,CLAHE,0.985337257385254,clean
PatchCore,MVTec-AD,metal_nut,123,rescue,low_light,mild,Retinex,0.8216031789779663,clean
PatchCore,MVTec-AD,metal_nut,123,rescue,low_light,moderate,CLAHE,0.9677419066429138,clean
PatchCore,MVTec-AD,metal_nut,123,rescue,low_light,moderate,Retinex,0.5322580933570862,clean
PatchCore,MVTec-AD,metal_nut,123,rescue,gaussian_blur,mild,Wiener,0.9696969985961914,clean
PatchCore,MVTec-AD,metal_nut,123,rescue,gaussian_blur,moderate,Wiener,0.5,clean
PatchCore,MVTec-AD,metal_nut,123,rescue,motion_blur,mild,Wiener (Motion PSF),0.5454545021057129,clean
PatchCore,MVTec-AD,metal_nut,123,rescue,motion_blur,moderate,Wiener (Motion PSF),0.4946236610412597,clean
PatchCore,MVTec-AD,metal_nut,123,rescue,sensor_noise,mild,NLM Denoise,0.8225806951522827,clean
PatchCore,MVTec-AD,metal_nut,123,rescue,sensor_noise,moderate,NLM Denoise,0.740469217300415,clean
PatchCore,MVTec-AD,metal_nut,123,rescue,fog_haze,mild,Dehaze (Dark Channel),0.5576735138893127,clean
PatchCore,MVTec-AD,metal_nut,123,rescue,fog_haze,moderate,Dehaze (Dark Channel),0.5,clean
PatchCore,MVTec-AD,metal_nut,456,rescue,low_light,mild,CLAHE,0.9843597412109376,clean
PatchCore,MVTec-AD,metal_nut,456,rescue,low_light,mild,Retinex,0.8235581517219543,clean
PatchCore,MVTec-AD,metal_nut,456,rescue,low_light,moderate,CLAHE,0.9677419066429138,clean
PatchCore,MVTec-AD,metal_nut,456,rescue,low_light,moderate,Retinex,0.6830400228500366,clean
PatchCore,MVTec-AD,metal_nut,456,rescue,gaussian_blur,mild,Wiener,0.9765396118164062,clean
PatchCore,MVTec-AD,metal_nut,456,rescue,gaussian_blur,moderate,Wiener,0.5,clean
PatchCore,MVTec-AD,metal_nut,456,rescue,motion_blur,mild,Wiener (Motion PSF),0.531280517578125,clean
PatchCore,MVTec-AD,metal_nut,456,rescue,motion_blur,moderate,Wiener (Motion PSF),0.4623655974864959,clean
PatchCore,MVTec-AD,metal_nut,456,rescue,sensor_noise,mild,NLM Denoise,0.8347996473312378,clean
PatchCore,MVTec-AD,metal_nut,456,rescue,sensor_noise,moderate,NLM Denoise,0.7922776341438293,clean
PatchCore,MVTec-AD,metal_nut,456,rescue,fog_haze,mild,Dehaze (Dark Channel),0.5466764569282532,clean
PatchCore,MVTec-AD,metal_nut,456,rescue,fog_haze,moderate,Dehaze (Dark Channel),0.5,clean
PatchCore,MVTec-AD,pill,42,rescue,low_light,mild,CLAHE,0.8158755898475647,clean
PatchCore,MVTec-AD,pill,42,rescue,low_light,mild,Retinex,0.5,clean
PatchCore,MVTec-AD,pill,42,rescue,low_light,moderate,CLAHE,0.7839607000350952,clean
PatchCore,MVTec-AD,pill,42,rescue,low_light,moderate,Retinex,0.5,clean
PatchCore,MVTec-AD,pill,42,rescue,gaussian_blur,mild,Wiener,0.8472449779510498,clean
PatchCore,MVTec-AD,pill,42,rescue,gaussian_blur,moderate,Wiener,0.5,clean
PatchCore,MVTec-AD,pill,42,rescue,motion_blur,mild,Wiener (Motion PSF),0.5,clean
PatchCore,MVTec-AD,pill,42,rescue,motion_blur,moderate,Wiener (Motion PSF),0.5,clean
PatchCore,MVTec-AD,pill,42,rescue,sensor_noise,mild,NLM Denoise,0.6007910370826721,clean
PatchCore,MVTec-AD,pill,42,rescue,sensor_noise,moderate,NLM Denoise,0.5889252424240112,clean
PatchCore,MVTec-AD,pill,42,rescue,fog_haze,mild,Dehaze (Dark Channel),0.5,clean
PatchCore,MVTec-AD,pill,42,rescue,fog_haze,moderate,Dehaze (Dark Channel),0.5,clean
PatchCore,MVTec-AD,pill,123,rescue,low_light,mild,CLAHE,0.8112384080886841,clean
PatchCore,MVTec-AD,pill,123,rescue,low_light,mild,Retinex,0.5,clean
PatchCore,MVTec-AD,pill,123,rescue,low_light,moderate,CLAHE,0.7689579725265503,clean
PatchCore,MVTec-AD,pill,123,rescue,low_light,moderate,Retinex,0.5,clean
PatchCore,MVTec-AD,pill,123,rescue,gaussian_blur,mild,Wiener,0.8363338708877563,clean
PatchCore,MVTec-AD,pill,123,rescue,gaussian_blur,moderate,Wiener,0.5,clean
PatchCore,MVTec-AD,pill,123,rescue,motion_blur,mild,Wiener (Motion PSF),0.5,clean
PatchCore,MVTec-AD,pill,123,rescue,motion_blur,moderate,Wiener (Motion PSF),0.5,clean
PatchCore,MVTec-AD,pill,123,rescue,sensor_noise,mild,NLM Denoise,0.5774686336517334,clean
PatchCore,MVTec-AD,pill,123,rescue,sensor_noise,moderate,NLM Denoise,0.6028368473052979,clean
PatchCore,MVTec-AD,pill,123,rescue,fog_haze,mild,Dehaze (Dark Channel),0.5,clean
PatchCore,MVTec-AD,pill,123,rescue,fog_haze,moderate,Dehaze (Dark Channel),0.5,clean
PatchCore,MVTec-AD,pill,456,rescue,low_light,mild,CLAHE,0.8060556650161743,clean
PatchCore,MVTec-AD,pill,456,rescue,low_light,mild,Retinex,0.5,clean
PatchCore,MVTec-AD,pill,456,rescue,low_light,moderate,CLAHE,0.7482269406318665,clean
PatchCore,MVTec-AD,pill,456,rescue,low_light,moderate,Retinex,0.5,clean
PatchCore,MVTec-AD,pill,456,rescue,gaussian_blur,mild,Wiener,0.8379706144332886,clean
PatchCore,MVTec-AD,pill,456,rescue,gaussian_blur,moderate,Wiener,0.5,clean
PatchCore,MVTec-AD,pill,456,rescue,motion_blur,mild,Wiener (Motion PSF),0.5,clean
PatchCore,MVTec-AD,pill,456,rescue,motion_blur,moderate,Wiener (Motion PSF),0.5,clean
PatchCore,MVTec-AD,pill,456,rescue,sensor_noise,mild,NLM Denoise,0.5983360409736633,clean
PatchCore,MVTec-AD,pill,456,rescue,sensor_noise,moderate,NLM Denoise,0.5750136375427246,clean
PatchCore,MVTec-AD,pill,456,rescue,fog_haze,mild,Dehaze (Dark Channel),0.5,clean
PatchCore,MVTec-AD,pill,456,rescue,fog_haze,moderate,Dehaze (Dark Channel),0.5,clean
PatchCore,MVTec-AD,screw,42,rescue,low_light,mild,CLAHE,0.5808566808700562,clean
PatchCore,MVTec-AD,screw,42,rescue,low_light,mild,Retinex,0.5,clean
PatchCore,MVTec-AD,screw,42,rescue,low_light,moderate,CLAHE,0.7435950040817261,clean
PatchCore,MVTec-AD,screw,42,rescue,low_light,moderate,Retinex,0.5,clean
PatchCore,MVTec-AD,screw,42,rescue,gaussian_blur,mild,Wiener,0.6122156381607056,clean
PatchCore,MVTec-AD,screw,42,rescue,gaussian_blur,moderate,Wiener,0.5,clean
PatchCore,MVTec-AD,screw,42,rescue,motion_blur,mild,Wiener (Motion PSF),0.5,clean
PatchCore,MVTec-AD,screw,42,rescue,motion_blur,moderate,Wiener (Motion PSF),0.5,clean
PatchCore,MVTec-AD,screw,42,rescue,sensor_noise,mild,NLM Denoise,0.5,clean
PatchCore,MVTec-AD,screw,42,rescue,sensor_noise,moderate,NLM Denoise,0.5,clean
PatchCore,MVTec-AD,screw,42,rescue,fog_haze,mild,Dehaze (Dark Channel),0.5,clean
PatchCore,MVTec-AD,screw,42,rescue,fog_haze,moderate,Dehaze (Dark Channel),0.5,clean
PatchCore,MVTec-AD,screw,123,rescue,low_light,mild,CLAHE,0.6629432439804077,clean
PatchCore,MVTec-AD,screw,123,rescue,low_light,mild,Retinex,0.5,clean
PatchCore,MVTec-AD,screw,123,rescue,low_light,moderate,CLAHE,0.7787456512451172,clean
PatchCore,MVTec-AD,screw,123,rescue,low_light,moderate,Retinex,0.5,clean
PatchCore,MVTec-AD,screw,123,rescue,gaussian_blur,mild,Wiener,0.6143677234649658,clean
PatchCore,MVTec-AD,screw,123,rescue,gaussian_blur,moderate,Wiener,0.5,clean
PatchCore,MVTec-AD,screw,123,rescue,motion_blur,mild,Wiener (Motion PSF),0.5,clean
PatchCore,MVTec-AD,screw,123,rescue,motion_blur,moderate,Wiener (Motion PSF),0.5,clean
PatchCore,MVTec-AD,screw,123,rescue,sensor_noise,mild,NLM Denoise,0.5,clean
PatchCore,MVTec-AD,screw,123,rescue,sensor_noise,moderate,NLM Denoise,0.5,clean
PatchCore,MVTec-AD,screw,123,rescue,fog_haze,mild,Dehaze (Dark Channel),0.5,clean
PatchCore,MVTec-AD,screw,123,rescue,fog_haze,moderate,Dehaze (Dark Channel),0.5,clean
PatchCore,MVTec-AD,screw,456,rescue,low_light,mild,CLAHE,0.7301701307296753,clean
PatchCore,MVTec-AD,screw,456,rescue,low_light,mild,Retinex,0.5,clean
PatchCore,MVTec-AD,screw,456,rescue,low_light,moderate,CLAHE,0.770649790763855,clean
PatchCore,MVTec-AD,screw,456,rescue,low_light,moderate,Retinex,0.5,clean
PatchCore,MVTec-AD,screw,456,rescue,gaussian_blur,mild,Wiener,0.6167247891426086,clean
PatchCore,MVTec-AD,screw,456,rescue,gaussian_blur,moderate,Wiener,0.5,clean
PatchCore,MVTec-AD,screw,456,rescue,motion_blur,mild,Wiener (Motion PSF),0.5,clean
PatchCore,MVTec-AD,screw,456,rescue,motion_blur,moderate,Wiener (Motion PSF),0.5,clean
PatchCore,MVTec-AD,screw,456,rescue,sensor_noise,mild,NLM Denoise,0.5,clean
PatchCore,MVTec-AD,screw,456,rescue,sensor_noise,moderate,NLM Denoise,0.5,clean
PatchCore,MVTec-AD,screw,456,rescue,fog_haze,mild,Dehaze (Dark Channel),0.5,clean
PatchCore,MVTec-AD,screw,456,rescue,fog_haze,moderate,Dehaze (Dark Channel),0.5,clean
PatchCore,MVTec-AD,tile,42,rescue,low_light,mild,CLAHE,0.9963924884796144,clean
PatchCore,MVTec-AD,tile,42,rescue,low_light,mild,Retinex,0.9772727489471436,clean
PatchCore,MVTec-AD,tile,42,rescue,low_light,moderate,CLAHE,0.998917818069458,clean
PatchCore,MVTec-AD,tile,42,rescue,low_light,moderate,Retinex,0.9776334762573242,clean
PatchCore,MVTec-AD,tile,42,rescue,gaussian_blur,mild,Wiener,0.8737373948097229,clean
PatchCore,MVTec-AD,tile,42,rescue,gaussian_blur,moderate,Wiener,0.5,clean
PatchCore,MVTec-AD,tile,42,rescue,motion_blur,mild,Wiener (Motion PSF),0.7774170637130737,clean
PatchCore,MVTec-AD,tile,42,rescue,motion_blur,moderate,Wiener (Motion PSF),0.7368326187133789,clean
PatchCore,MVTec-AD,tile,42,rescue,sensor_noise,mild,NLM Denoise,0.9801587462425232,clean
PatchCore,MVTec-AD,tile,42,rescue,sensor_noise,moderate,NLM Denoise,0.9307359457015992,clean
PatchCore,MVTec-AD,tile,42,rescue,fog_haze,mild,Dehaze (Dark Channel),0.9743866920471193,clean
PatchCore,MVTec-AD,tile,42,rescue,fog_haze,moderate,Dehaze (Dark Channel),0.8722943663597107,clean
PatchCore,MVTec-AD,tile,123,rescue,low_light,mild,CLAHE,0.9960317015647888,clean
PatchCore,MVTec-AD,tile,123,rescue,low_light,mild,Retinex,0.9779942035675048,clean
PatchCore,MVTec-AD,tile,123,rescue,low_light,moderate,CLAHE,0.9992785453796388,clean
PatchCore,MVTec-AD,tile,123,rescue,low_light,moderate,Retinex,0.9837662577629088,clean
PatchCore,MVTec-AD,tile,123,rescue,gaussian_blur,mild,Wiener,0.8766233921051025,clean
PatchCore,MVTec-AD,tile,123,rescue,gaussian_blur,moderate,Wiener,0.5,clean
PatchCore,MVTec-AD,tile,123,rescue,motion_blur,mild,Wiener (Motion PSF),0.7896825075149536,clean
PatchCore,MVTec-AD,tile,123,rescue,motion_blur,moderate,Wiener (Motion PSF),0.7258297204971313,clean
PatchCore,MVTec-AD,tile,123,rescue,sensor_noise,mild,NLM Denoise,0.981962502002716,clean
PatchCore,MVTec-AD,tile,123,rescue,sensor_noise,moderate,NLM Denoise,0.9408369064331056,clean
PatchCore,MVTec-AD,tile,123,rescue,fog_haze,mild,Dehaze (Dark Channel),0.9711399674415588,clean
PatchCore,MVTec-AD,tile,123,rescue,fog_haze,moderate,Dehaze (Dark Channel),0.9498556852340698,clean
PatchCore,MVTec-AD,tile,456,rescue,low_light,mild,CLAHE,0.9971140623092652,clean
PatchCore,MVTec-AD,tile,456,rescue,low_light,mild,Retinex,0.9747475385665894,clean
PatchCore,MVTec-AD,tile,456,rescue,low_light,moderate,CLAHE,0.9992785453796388,clean
PatchCore,MVTec-AD,tile,456,rescue,low_light,moderate,Retinex,0.9790764451026917,clean
PatchCore,MVTec-AD,tile,456,rescue,gaussian_blur,mild,Wiener,0.8766233921051025,clean
PatchCore,MVTec-AD,tile,456,rescue,gaussian_blur,moderate,Wiener,0.5,clean
PatchCore,MVTec-AD,tile,456,rescue,motion_blur,mild,Wiener (Motion PSF),0.7370129823684692,clean
PatchCore,MVTec-AD,tile,456,rescue,motion_blur,moderate,Wiener (Motion PSF),0.744949460029602,clean
PatchCore,MVTec-AD,tile,456,rescue,sensor_noise,mild,NLM Denoise,0.9819625616073608,clean
PatchCore,MVTec-AD,tile,456,rescue,sensor_noise,moderate,NLM Denoise,0.9318181276321412,clean
PatchCore,MVTec-AD,tile,456,rescue,fog_haze,mild,Dehaze (Dark Channel),0.9779942631721495,clean
PatchCore,MVTec-AD,tile,456,rescue,fog_haze,moderate,Dehaze (Dark Channel),0.9249639511108398,clean
PatchCore,MVTec-AD,toothbrush,42,rescue,low_light,mild,CLAHE,0.894444465637207,clean
PatchCore,MVTec-AD,toothbrush,42,rescue,low_light,mild,Retinex,0.7749999761581421,clean
PatchCore,MVTec-AD,toothbrush,42,rescue,low_light,moderate,CLAHE,0.875,clean
PatchCore,MVTec-AD,toothbrush,42,rescue,low_light,moderate,Retinex,0.7388888597488403,clean
PatchCore,MVTec-AD,toothbrush,42,rescue,gaussian_blur,mild,Wiener,0.7861111164093018,clean
PatchCore,MVTec-AD,toothbrush,42,rescue,gaussian_blur,moderate,Wiener,0.5,clean
PatchCore,MVTec-AD,toothbrush,42,rescue,motion_blur,mild,Wiener (Motion PSF),0.4833333194255829,clean
PatchCore,MVTec-AD,toothbrush,42,rescue,motion_blur,moderate,Wiener (Motion PSF),0.5416666269302368,clean
PatchCore,MVTec-AD,toothbrush,42,rescue,sensor_noise,mild,NLM Denoise,0.8374999761581421,clean
PatchCore,MVTec-AD,toothbrush,42,rescue,sensor_noise,moderate,NLM Denoise,0.5,clean
PatchCore,MVTec-AD,toothbrush,42,rescue,fog_haze,mild,Dehaze (Dark Channel),0.5263888835906982,clean
PatchCore,MVTec-AD,toothbrush,42,rescue,fog_haze,moderate,Dehaze (Dark Channel),0.5,clean
PatchCore,MVTec-AD,toothbrush,123,rescue,low_light,mild,CLAHE,0.8999999761581421,clean
PatchCore,MVTec-AD,toothbrush,123,rescue,low_light,mild,Retinex,0.7444444298744202,clean
PatchCore,MVTec-AD,toothbrush,123,rescue,low_light,moderate,CLAHE,0.8999999761581421,clean
PatchCore,MVTec-AD,toothbrush,123,rescue,low_light,moderate,Retinex,0.8472222685813904,clean
PatchCore,MVTec-AD,toothbrush,123,rescue,gaussian_blur,mild,Wiener,0.7805555462837219,clean
PatchCore,MVTec-AD,toothbrush,123,rescue,gaussian_blur,moderate,Wiener,0.5,clean
PatchCore,MVTec-AD,toothbrush,123,rescue,motion_blur,mild,Wiener (Motion PSF),0.5,clean
PatchCore,MVTec-AD,toothbrush,123,rescue,motion_blur,moderate,Wiener (Motion PSF),0.5,clean
PatchCore,MVTec-AD,toothbrush,123,rescue,sensor_noise,mild,NLM Denoise,0.8458333015441895,clean
PatchCore,MVTec-AD,toothbrush,123,rescue,sensor_noise,moderate,NLM Denoise,0.5,clean
PatchCore,MVTec-AD,toothbrush,123,rescue,fog_haze,mild,Dehaze (Dark Channel),0.6569444537162781,clean
PatchCore,MVTec-AD,toothbrush,123,rescue,fog_haze,moderate,Dehaze (Dark Channel),0.5,clean
PatchCore,MVTec-AD,toothbrush,456,rescue,low_light,mild,CLAHE,0.9027777910232544,clean
PatchCore,MVTec-AD,toothbrush,456,rescue,low_light,mild,Retinex,0.7833333015441895,clean
PatchCore,MVTec-AD,toothbrush,456,rescue,low_light,moderate,CLAHE,0.8972221612930298,clean
PatchCore,MVTec-AD,toothbrush,456,rescue,low_light,moderate,Retinex,0.7472221851348877,clean
PatchCore,MVTec-AD,toothbrush,456,rescue,gaussian_blur,mild,Wiener,0.7583333253860474,clean
PatchCore,MVTec-AD,toothbrush,456,rescue,gaussian_blur,moderate,Wiener,0.5,clean
PatchCore,MVTec-AD,toothbrush,456,rescue,motion_blur,mild,Wiener (Motion PSF),0.4833333194255829,clean
PatchCore,MVTec-AD,toothbrush,456,rescue,motion_blur,moderate,Wiener (Motion PSF),0.5416666269302368,clean
PatchCore,MVTec-AD,toothbrush,456,rescue,sensor_noise,mild,NLM Denoise,0.8666666746139526,clean
PatchCore,MVTec-AD,toothbrush,456,rescue,sensor_noise,moderate,NLM Denoise,0.5,clean
PatchCore,MVTec-AD,toothbrush,456,rescue,fog_haze,mild,Dehaze (Dark Channel),0.7263888716697693,clean
PatchCore,MVTec-AD,toothbrush,456,rescue,fog_haze,moderate,Dehaze (Dark Channel),0.5,clean
PatchCore,MVTec-AD,transistor,42,rescue,low_light,mild,CLAHE,0.96875,clean
PatchCore,MVTec-AD,transistor,42,rescue,low_light,mild,Retinex,0.9550000429153442,clean
PatchCore,MVTec-AD,transistor,42,rescue,low_light,moderate,CLAHE,0.946666657924652,clean
PatchCore,MVTec-AD,transistor,42,rescue,low_light,moderate,Retinex,0.8629166483879089,clean
PatchCore,MVTec-AD,transistor,42,rescue,gaussian_blur,mild,Wiener,0.8920833468437195,clean
PatchCore,MVTec-AD,transistor,42,rescue,gaussian_blur,moderate,Wiener,0.5,clean
PatchCore,MVTec-AD,transistor,42,rescue,motion_blur,mild,Wiener (Motion PSF),0.5741666555404663,clean
PatchCore,MVTec-AD,transistor,42,rescue,motion_blur,moderate,Wiener (Motion PSF),0.4749999940395355,clean
PatchCore,MVTec-AD,transistor,42,rescue,sensor_noise,mild,NLM Denoise,0.8270833492279053,clean
PatchCore,MVTec-AD,transistor,42,rescue,sensor_noise,moderate,NLM Denoise,0.6754166483879089,clean
PatchCore,MVTec-AD,transistor,42,rescue,fog_haze,mild,Dehaze (Dark Channel),0.5193750262260437,clean
PatchCore,MVTec-AD,transistor,42,rescue,fog_haze,moderate,Dehaze (Dark Channel),0.4749999940395355,clean
PatchCore,MVTec-AD,transistor,123,rescue,low_light,mild,CLAHE,0.9749999642372132,clean
PatchCore,MVTec-AD,transistor,123,rescue,low_light,mild,Retinex,0.9470833539962769,clean
PatchCore,MVTec-AD,transistor,123,rescue,low_light,moderate,CLAHE,0.940000057220459,clean
PatchCore,MVTec-AD,transistor,123,rescue,low_light,moderate,Retinex,0.8520833253860474,clean
PatchCore,MVTec-AD,transistor,123,rescue,gaussian_blur,mild,Wiener,0.8916666507720947,clean
PatchCore,MVTec-AD,transistor,123,rescue,gaussian_blur,moderate,Wiener,0.5,clean
PatchCore,MVTec-AD,transistor,123,rescue,motion_blur,mild,Wiener (Motion PSF),0.57791668176651,clean
PatchCore,MVTec-AD,transistor,123,rescue,motion_blur,moderate,Wiener (Motion PSF),0.4829166531562805,clean
PatchCore,MVTec-AD,transistor,123,rescue,sensor_noise,mild,NLM Denoise,0.8524999618530273,clean
PatchCore,MVTec-AD,transistor,123,rescue,sensor_noise,moderate,NLM Denoise,0.6779166460037231,clean
PatchCore,MVTec-AD,transistor,123,rescue,fog_haze,mild,Dehaze (Dark Channel),0.5174999833106995,clean
PatchCore,MVTec-AD,transistor,123,rescue,fog_haze,moderate,Dehaze (Dark Channel),0.4749999940395355,clean
PatchCore,MVTec-AD,transistor,456,rescue,low_light,mild,CLAHE,0.9766666889190674,clean
PatchCore,MVTec-AD,transistor,456,rescue,low_light,mild,Retinex,0.9579167366027832,clean
PatchCore,MVTec-AD,transistor,456,rescue,low_light,moderate,CLAHE,0.9379166960716248,clean
PatchCore,MVTec-AD,transistor,456,rescue,low_light,moderate,Retinex,0.8429166674613953,clean
PatchCore,MVTec-AD,transistor,456,rescue,gaussian_blur,mild,Wiener,0.8841666579246521,clean
PatchCore,MVTec-AD,transistor,456,rescue,gaussian_blur,moderate,Wiener,0.5,clean
PatchCore,MVTec-AD,transistor,456,rescue,motion_blur,mild,Wiener (Motion PSF),0.5799999833106995,clean
PatchCore,MVTec-AD,transistor,456,rescue,motion_blur,moderate,Wiener (Motion PSF),0.4829166531562805,clean
PatchCore,MVTec-AD,transistor,456,rescue,sensor_noise,mild,NLM Denoise,0.8512499928474426,clean
PatchCore,MVTec-AD,transistor,456,rescue,sensor_noise,moderate,NLM Denoise,0.7179166078567505,clean
PatchCore,MVTec-AD,transistor,456,rescue,fog_haze,mild,Dehaze (Dark Channel),0.4679166674613952,clean
PatchCore,MVTec-AD,transistor,456,rescue,fog_haze,moderate,Dehaze (Dark Channel),0.4749999940395355,clean
PatchCore,MVTec-AD,wood,42,rescue,low_light,mild,CLAHE,0.9754387140274048,clean
PatchCore,MVTec-AD,wood,42,rescue,low_light,mild,Retinex,0.980701744556427,clean
PatchCore,MVTec-AD,wood,42,rescue,low_light,moderate,CLAHE,0.9377192854881288,clean
PatchCore,MVTec-AD,wood,42,rescue,low_light,moderate,Retinex,0.9798246026039124,clean
PatchCore,MVTec-AD,wood,42,rescue,gaussian_blur,mild,Wiener,0.9754385948181152,clean
PatchCore,MVTec-AD,wood,42,rescue,gaussian_blur,moderate,Wiener,0.4916666746139526,clean
PatchCore,MVTec-AD,wood,42,rescue,motion_blur,mild,Wiener (Motion PSF),0.9745614528656006,clean
PatchCore,MVTec-AD,wood,42,rescue,motion_blur,moderate,Wiener (Motion PSF),0.9149122834205629,clean
PatchCore,MVTec-AD,wood,42,rescue,sensor_noise,mild,NLM Denoise,0.9026315808296204,clean
PatchCore,MVTec-AD,wood,42,rescue,sensor_noise,moderate,NLM Denoise,0.8096491098403931,clean
PatchCore,MVTec-AD,wood,42,rescue,fog_haze,mild,Dehaze (Dark Channel),0.884210467338562,clean
PatchCore,MVTec-AD,wood,42,rescue,fog_haze,moderate,Dehaze (Dark Channel),0.5956140756607056,clean
PatchCore,MVTec-AD,wood,123,rescue,low_light,mild,CLAHE,0.9736841917037964,clean
PatchCore,MVTec-AD,wood,123,rescue,low_light,mild,Retinex,0.9798245429992676,clean
PatchCore,MVTec-AD,wood,123,rescue,low_light,moderate,CLAHE,0.9359649419784546,clean
PatchCore,MVTec-AD,wood,123,rescue,low_light,moderate,Retinex,0.9833333492279052,clean
PatchCore,MVTec-AD,wood,123,rescue,gaussian_blur,mild,Wiener,0.9736841917037964,clean
PatchCore,MVTec-AD,wood,123,rescue,gaussian_blur,moderate,Wiener,0.5,clean
PatchCore,MVTec-AD,wood,123,rescue,motion_blur,mild,Wiener (Motion PSF),0.9736841917037964,clean
PatchCore,MVTec-AD,wood,123,rescue,motion_blur,moderate,Wiener (Motion PSF),0.9175438284873962,clean
PatchCore,MVTec-AD,wood,123,rescue,sensor_noise,mild,NLM Denoise,0.907894730567932,clean
PatchCore,MVTec-AD,wood,123,rescue,sensor_noise,moderate,NLM Denoise,0.8035087585449219,clean
PatchCore,MVTec-AD,wood,123,rescue,fog_haze,mild,Dehaze (Dark Channel),0.878947377204895,clean
PatchCore,MVTec-AD,wood,123,rescue,fog_haze,moderate,Dehaze (Dark Channel),0.707456111907959,clean
PatchCore,MVTec-AD,wood,456,rescue,low_light,mild,CLAHE,0.9745614528656006,clean
PatchCore,MVTec-AD,wood,456,rescue,low_light,mild,Retinex,0.9824561476707458,clean
PatchCore,MVTec-AD,wood,456,rescue,low_light,moderate,CLAHE,0.9342105388641356,clean
PatchCore,MVTec-AD,wood,456,rescue,low_light,moderate,Retinex,0.9815790057182312,clean
PatchCore,MVTec-AD,wood,456,rescue,gaussian_blur,mild,Wiener,0.97543865442276,clean
PatchCore,MVTec-AD,wood,456,rescue,gaussian_blur,moderate,Wiener,0.4916666746139526,clean
PatchCore,MVTec-AD,wood,456,rescue,motion_blur,mild,Wiener (Motion PSF),0.9719297885894777,clean
PatchCore,MVTec-AD,wood,456,rescue,motion_blur,moderate,Wiener (Motion PSF),0.917543888092041,clean
PatchCore,MVTec-AD,wood,456,rescue,sensor_noise,mild,NLM Denoise,0.9008772373199464,clean
PatchCore,MVTec-AD,wood,456,rescue,sensor_noise,moderate,NLM Denoise,0.8078947067260742,clean
PatchCore,MVTec-AD,wood,456,rescue,fog_haze,mild,Dehaze (Dark Channel),0.913157880306244,clean
PatchCore,MVTec-AD,wood,456,rescue,fog_haze,moderate,Dehaze (Dark Channel),0.6464912295341492,clean
PatchCore,MVTec-AD,zipper,42,rescue,low_light,mild,CLAHE,0.6596639156341553,clean
PatchCore,MVTec-AD,zipper,42,rescue,low_light,mild,Retinex,0.7782300710678101,clean
PatchCore,MVTec-AD,zipper,42,rescue,low_light,moderate,CLAHE,0.71875,clean
PatchCore,MVTec-AD,zipper,42,rescue,low_light,moderate,Retinex,0.8093487024307251,clean
PatchCore,MVTec-AD,zipper,42,rescue,gaussian_blur,mild,Wiener,0.9104516506195068,clean
PatchCore,MVTec-AD,zipper,42,rescue,gaussian_blur,moderate,Wiener,0.5,clean
PatchCore,MVTec-AD,zipper,42,rescue,motion_blur,mild,Wiener (Motion PSF),0.754989504814148,clean
PatchCore,MVTec-AD,zipper,42,rescue,motion_blur,moderate,Wiener (Motion PSF),0.8642331957817078,clean
PatchCore,MVTec-AD,zipper,42,rescue,sensor_noise,mild,NLM Denoise,0.8936449289321899,clean
PatchCore,MVTec-AD,zipper,42,rescue,sensor_noise,moderate,NLM Denoise,0.9096639156341552,clean
PatchCore,MVTec-AD,zipper,42,rescue,fog_haze,mild,Dehaze (Dark Channel),0.6730567216873169,clean
PatchCore,MVTec-AD,zipper,42,rescue,fog_haze,moderate,Dehaze (Dark Channel),0.4912027418613434,clean
PatchCore,MVTec-AD,zipper,123,rescue,low_light,mild,CLAHE,0.6762080192565918,clean
PatchCore,MVTec-AD,zipper,123,rescue,low_light,mild,Retinex,0.8101365566253662,clean
PatchCore,MVTec-AD,zipper,123,rescue,low_light,moderate,CLAHE,0.7442227005958557,clean
PatchCore,MVTec-AD,zipper,123,rescue,low_light,moderate,Retinex,0.841911792755127,clean
PatchCore,MVTec-AD,zipper,123,rescue,gaussian_blur,mild,Wiener,0.918067216873169,clean
PatchCore,MVTec-AD,zipper,123,rescue,gaussian_blur,moderate,Wiener,0.5,clean
PatchCore,MVTec-AD,zipper,123,rescue,motion_blur,mild,Wiener (Motion PSF),0.763130247592926,clean
PatchCore,MVTec-AD,zipper,123,rescue,motion_blur,moderate,Wiener (Motion PSF),0.8629201650619507,clean
PatchCore,MVTec-AD,zipper,123,rescue,sensor_noise,mild,NLM Denoise,0.8794642686843872,clean
PatchCore,MVTec-AD,zipper,123,rescue,sensor_noise,moderate,NLM Denoise,0.8915441632270813,clean
PatchCore,MVTec-AD,zipper,123,rescue,fog_haze,mild,Dehaze (Dark Channel),0.7245272994041443,clean
PatchCore,MVTec-AD,zipper,123,rescue,fog_haze,moderate,Dehaze (Dark Channel),0.5470063090324402,clean
PatchCore,MVTec-AD,zipper,456,rescue,low_light,mild,CLAHE,0.6678045988082886,clean
PatchCore,MVTec-AD,zipper,456,rescue,low_light,mild,Retinex,0.7872899174690247,clean
PatchCore,MVTec-AD,zipper,456,rescue,low_light,moderate,CLAHE,0.732405424118042,clean
PatchCore,MVTec-AD,zipper,456,rescue,low_light,moderate,Retinex,0.8269432783126831,clean
PatchCore,MVTec-AD,zipper,456,rescue,gaussian_blur,mild,Wiener,0.9073004126548768,clean
PatchCore,MVTec-AD,zipper,456,rescue,gaussian_blur,moderate,Wiener,0.5,clean
PatchCore,MVTec-AD,zipper,456,rescue,motion_blur,mild,Wiener (Motion PSF),0.7673318982124329,clean
PatchCore,MVTec-AD,zipper,456,rescue,motion_blur,moderate,Wiener (Motion PSF),0.8592436909675598,clean
PatchCore,MVTec-AD,zipper,456,rescue,sensor_noise,mild,NLM Denoise,0.8936449289321899,clean
PatchCore,MVTec-AD,zipper,456,rescue,sensor_noise,moderate,NLM Denoise,0.9059873819351196,clean
PatchCore,MVTec-AD,zipper,456,rescue,fog_haze,mild,Dehaze (Dark Channel),0.6383928656578064,clean
PatchCore,MVTec-AD,zipper,456,rescue,fog_haze,moderate,Dehaze (Dark Channel),0.5055146813392639,clean
PatchCore,MVTec-AD,bottle,42,baseline,clean,none,none,1.0,augmented
PatchCore,MVTec-AD,bottle,42,degradation,low_light,mild,none,1.0,augmented
PatchCore,MVTec-AD,bottle,42,rescue,low_light,mild,CLAHE,0.9976189732551576,augmented
PatchCore,MVTec-AD,bottle,42,rescue,low_light,mild,Retinex,0.9158730506896972,augmented
PatchCore,MVTec-AD,bottle,42,degradation,low_light,moderate,none,0.996825397014618,augmented
PatchCore,MVTec-AD,bottle,42,rescue,low_light,moderate,CLAHE,0.997619092464447,augmented
PatchCore,MVTec-AD,bottle,42,rescue,low_light,moderate,Retinex,0.9642857313156128,augmented
PatchCore,MVTec-AD,bottle,42,degradation,low_light,severe,none,0.9547618627548218,augmented
PatchCore,MVTec-AD,bottle,42,rescue,low_light,severe,CLAHE,0.9666666984558104,augmented
PatchCore,MVTec-AD,bottle,42,rescue,low_light,severe,Retinex,0.9555555582046508,augmented
PatchCore,MVTec-AD,bottle,42,degradation,gaussian_blur,mild,none,1.0,augmented
PatchCore,MVTec-AD,bottle,42,rescue,gaussian_blur,mild,Wiener,0.9992063641548156,augmented
PatchCore,MVTec-AD,bottle,42,degradation,gaussian_blur,moderate,none,0.9896825551986694,augmented
PatchCore,MVTec-AD,bottle,42,rescue,gaussian_blur,moderate,Wiener,0.5793651342391968,augmented
PatchCore,MVTec-AD,bottle,42,degradation,gaussian_blur,severe,none,0.9769841432571412,augmented
PatchCore,MVTec-AD,bottle,42,rescue,gaussian_blur,severe,Wiener,0.5134921073913574,augmented
PatchCore,MVTec-AD,bottle,42,degradation,motion_blur,mild,none,1.0,augmented
PatchCore,MVTec-AD,bottle,42,rescue,motion_blur,mild,Wiener (Motion PSF),0.8039682507514954,augmented
PatchCore,MVTec-AD,bottle,42,degradation,motion_blur,moderate,none,0.9944444298744202,augmented
PatchCore,MVTec-AD,bottle,42,rescue,motion_blur,moderate,Wiener (Motion PSF),0.5063492059707642,augmented
PatchCore,MVTec-AD,bottle,42,degradation,motion_blur,severe,none,0.9888888597488404,augmented
PatchCore,MVTec-AD,bottle,42,rescue,motion_blur,severe,Wiener (Motion PSF),0.5285714268684387,augmented
PatchCore,MVTec-AD,bottle,42,degradation,sensor_noise,mild,none,0.9833333492279052,augmented
PatchCore,MVTec-AD,bottle,42,rescue,sensor_noise,mild,NLM Denoise,0.969841241836548,augmented
PatchCore,MVTec-AD,bottle,42,degradation,sensor_noise,moderate,none,0.9785714149475098,augmented
PatchCore,MVTec-AD,bottle,42,rescue,sensor_noise,moderate,NLM Denoise,0.9317460656166076,augmented
PatchCore,MVTec-AD,bottle,42,degradation,sensor_noise,severe,none,0.9563491344451904,augmented
PatchCore,MVTec-AD,bottle,42,rescue,sensor_noise,severe,NLM Denoise,0.8904761672019958,augmented
PatchCore,MVTec-AD,bottle,42,degradation,fog_haze,mild,none,0.984920620918274,augmented
PatchCore,MVTec-AD,bottle,42,rescue,fog_haze,mild,Dehaze (Dark Channel),0.9333333373069764,augmented
PatchCore,MVTec-AD,bottle,42,degradation,fog_haze,moderate,none,0.9436507821083068,augmented
PatchCore,MVTec-AD,bottle,42,rescue,fog_haze,moderate,Dehaze (Dark Channel),0.8769841194152832,augmented
PatchCore,MVTec-AD,bottle,42,degradation,fog_haze,severe,none,0.9404761791229248,augmented
PatchCore,MVTec-AD,bottle,42,rescue,fog_haze,severe,Dehaze (Dark Channel),0.9166666269302368,augmented
PatchCore,MVTec-AD,bottle,123,baseline,clean,none,none,1.0,augmented
PatchCore,MVTec-AD,bottle,123,degradation,low_light,mild,none,1.0,augmented
PatchCore,MVTec-AD,bottle,123,rescue,low_light,mild,CLAHE,0.9992063641548156,augmented
PatchCore,MVTec-AD,bottle,123,rescue,low_light,mild,Retinex,0.9293650388717652,augmented
PatchCore,MVTec-AD,bottle,123,degradation,low_light,moderate,none,0.9960317611694336,augmented
PatchCore,MVTec-AD,bottle,123,rescue,low_light,moderate,CLAHE,0.996825397014618,augmented
PatchCore,MVTec-AD,bottle,123,rescue,low_light,moderate,Retinex,0.961904764175415,augmented
PatchCore,MVTec-AD,bottle,123,degradation,low_light,severe,none,0.9539682865142822,augmented
PatchCore,MVTec-AD,bottle,123,rescue,low_light,severe,CLAHE,0.9753968119621276,augmented
PatchCore,MVTec-AD,bottle,123,rescue,low_light,severe,Retinex,0.9531745910644532,augmented
PatchCore,MVTec-AD,bottle,123,degradation,gaussian_blur,mild,none,1.0,augmented
PatchCore,MVTec-AD,bottle,123,rescue,gaussian_blur,mild,Wiener,0.9976189732551576,augmented
PatchCore,MVTec-AD,bottle,123,degradation,gaussian_blur,moderate,none,0.990476131439209,augmented
PatchCore,MVTec-AD,bottle,123,rescue,gaussian_blur,moderate,Wiener,0.5702381134033203,augmented
PatchCore,MVTec-AD,bottle,123,degradation,gaussian_blur,severe,none,0.9777777791023254,augmented
PatchCore,MVTec-AD,bottle,123,rescue,gaussian_blur,severe,Wiener,0.5436508059501648,augmented
PatchCore,MVTec-AD,bottle,123,degradation,motion_blur,mild,none,1.0,augmented
PatchCore,MVTec-AD,bottle,123,rescue,motion_blur,mild,Wiener (Motion PSF),0.797619104385376,augmented
PatchCore,MVTec-AD,bottle,123,degradation,motion_blur,moderate,none,0.9936507940292358,augmented
PatchCore,MVTec-AD,bottle,123,rescue,motion_blur,moderate,Wiener (Motion PSF),0.4968253970146179,augmented
PatchCore,MVTec-AD,bottle,123,degradation,motion_blur,severe,none,0.9865078926086426,augmented
PatchCore,MVTec-AD,bottle,123,rescue,motion_blur,severe,Wiener (Motion PSF),0.5071429014205933,augmented
PatchCore,MVTec-AD,bottle,123,degradation,sensor_noise,mild,none,0.9825396537780762,augmented
PatchCore,MVTec-AD,bottle,123,rescue,sensor_noise,mild,NLM Denoise,0.9833332896232604,augmented
PatchCore,MVTec-AD,bottle,123,degradation,sensor_noise,moderate,none,0.9753968119621276,augmented
PatchCore,MVTec-AD,bottle,123,rescue,sensor_noise,moderate,NLM Denoise,0.9285714626312256,augmented
PatchCore,MVTec-AD,bottle,123,degradation,sensor_noise,severe,none,0.9603174924850464,augmented
PatchCore,MVTec-AD,bottle,123,rescue,sensor_noise,severe,NLM Denoise,0.882539689540863,augmented
PatchCore,MVTec-AD,bottle,123,degradation,fog_haze,mild,none,0.9888888597488404,augmented
PatchCore,MVTec-AD,bottle,123,rescue,fog_haze,mild,Dehaze (Dark Channel),0.952380895614624,augmented
PatchCore,MVTec-AD,bottle,123,degradation,fog_haze,moderate,none,0.9611111283302308,augmented
PatchCore,MVTec-AD,bottle,123,rescue,fog_haze,moderate,Dehaze (Dark Channel),0.8841269612312317,augmented
PatchCore,MVTec-AD,bottle,123,degradation,fog_haze,severe,none,0.882539689540863,augmented
PatchCore,MVTec-AD,bottle,123,rescue,fog_haze,severe,Dehaze (Dark Channel),0.8746031522750854,augmented
PatchCore,MVTec-AD,bottle,456,baseline,clean,none,none,1.0,augmented
PatchCore,MVTec-AD,bottle,456,degradation,low_light,mild,none,1.0,augmented
PatchCore,MVTec-AD,bottle,456,rescue,low_light,mild,CLAHE,0.9984126687049866,augmented
PatchCore,MVTec-AD,bottle,456,rescue,low_light,mild,Retinex,0.9349206686019896,augmented
PatchCore,MVTec-AD,bottle,456,degradation,low_light,moderate,none,0.9960317015647888,augmented
PatchCore,MVTec-AD,bottle,456,rescue,low_light,moderate,CLAHE,0.9992063641548156,augmented
PatchCore,MVTec-AD,bottle,456,rescue,low_light,moderate,Retinex,0.970634937286377,augmented
PatchCore,MVTec-AD,bottle,456,degradation,low_light,severe,none,0.9595237970352172,augmented
PatchCore,MVTec-AD,bottle,456,rescue,low_light,severe,CLAHE,0.9674603343009948,augmented
PatchCore,MVTec-AD,bottle,456,rescue,low_light,severe,Retinex,0.958730161190033,augmented
PatchCore,MVTec-AD,bottle,456,degradation,gaussian_blur,mild,none,1.0,augmented
PatchCore,MVTec-AD,bottle,456,rescue,gaussian_blur,mild,Wiener,0.9976189732551576,augmented
PatchCore,MVTec-AD,bottle,456,degradation,gaussian_blur,moderate,none,0.9896825551986694,augmented
PatchCore,MVTec-AD,bottle,456,rescue,gaussian_blur,moderate,Wiener,0.5825396776199341,augmented
PatchCore,MVTec-AD,bottle,456,degradation,gaussian_blur,severe,none,0.9793651103973388,augmented
PatchCore,MVTec-AD,bottle,456,rescue,gaussian_blur,severe,Wiener,0.541269838809967,augmented
PatchCore,MVTec-AD,bottle,456,degradation,motion_blur,mild,none,1.0,augmented
PatchCore,MVTec-AD,bottle,456,rescue,motion_blur,mild,Wiener (Motion PSF),0.8023809194564819,augmented
PatchCore,MVTec-AD,bottle,456,degradation,motion_blur,moderate,none,0.9944444298744202,augmented
PatchCore,MVTec-AD,bottle,456,rescue,motion_blur,moderate,Wiener (Motion PSF),0.5134921073913574,augmented
PatchCore,MVTec-AD,bottle,456,degradation,motion_blur,severe,none,0.9888889193534852,augmented
PatchCore,MVTec-AD,bottle,456,rescue,motion_blur,severe,Wiener (Motion PSF),0.5357142686843872,augmented
PatchCore,MVTec-AD,bottle,456,degradation,sensor_noise,mild,none,0.979365050792694,augmented
PatchCore,MVTec-AD,bottle,456,rescue,sensor_noise,mild,NLM Denoise,0.9777777791023254,augmented
PatchCore,MVTec-AD,bottle,456,degradation,sensor_noise,moderate,none,0.9769841432571412,augmented
PatchCore,MVTec-AD,bottle,456,rescue,sensor_noise,moderate,NLM Denoise,0.9420635104179382,augmented
PatchCore,MVTec-AD,bottle,456,degradation,sensor_noise,severe,none,0.9658730030059814,augmented
PatchCore,MVTec-AD,bottle,456,rescue,sensor_noise,severe,NLM Denoise,0.9015873074531556,augmented
PatchCore,MVTec-AD,bottle,456,degradation,fog_haze,mild,none,0.9555555582046508,augmented
PatchCore,MVTec-AD,bottle,456,rescue,fog_haze,mild,Dehaze (Dark Channel),0.9198412299156188,augmented
PatchCore,MVTec-AD,bottle,456,degradation,fog_haze,moderate,none,0.976190447807312,augmented
PatchCore,MVTec-AD,bottle,456,rescue,fog_haze,moderate,Dehaze (Dark Channel),0.8944444060325623,augmented
PatchCore,MVTec-AD,bottle,456,degradation,fog_haze,severe,none,0.8761904835700989,augmented
PatchCore,MVTec-AD,bottle,456,rescue,fog_haze,severe,Dehaze (Dark Channel),0.8952380418777466,augmented
PatchCore,MVTec-AD,cable,42,baseline,clean,none,none,0.9844452738761902,augmented
PatchCore,MVTec-AD,cable,42,degradation,low_light,mild,none,0.9561469554901124,augmented
PatchCore,MVTec-AD,cable,42,rescue,low_light,mild,CLAHE,0.9651424288749696,augmented
PatchCore,MVTec-AD,cable,42,rescue,low_light,mild,Retinex,0.9293478727340698,augmented
PatchCore,MVTec-AD,cable,42,degradation,low_light,moderate,none,0.9081709384918212,augmented
PatchCore,MVTec-AD,cable,42,rescue,low_light,moderate,CLAHE,0.9310344457626344,augmented
PatchCore,MVTec-AD,cable,42,rescue,low_light,moderate,Retinex,0.9452773332595824,augmented
PatchCore,MVTec-AD,cable,42,degradation,low_light,severe,none,0.8296476602554321,augmented
PatchCore,MVTec-AD,cable,42,rescue,low_light,severe,CLAHE,0.8538230657577515,augmented
PatchCore,MVTec-AD,cable,42,rescue,low_light,severe,Retinex,0.8751873970031738,augmented
PatchCore,MVTec-AD,cable,42,degradation,gaussian_blur,mild,none,0.9297226667404176,augmented
PatchCore,MVTec-AD,cable,42,rescue,gaussian_blur,mild,Wiener,0.938530683517456,augmented
PatchCore,MVTec-AD,cable,42,degradation,gaussian_blur,moderate,none,0.905734658241272,augmented
PatchCore,MVTec-AD,cable,42,rescue,gaussian_blur,moderate,Wiener,0.5009370446205139,augmented
PatchCore,MVTec-AD,cable,42,degradation,gaussian_blur,severe,none,0.8150299787521362,augmented
PatchCore,MVTec-AD,cable,42,rescue,gaussian_blur,severe,Wiener,0.5,augmented
PatchCore,MVTec-AD,cable,42,degradation,motion_blur,mild,none,0.9032983779907228,augmented
PatchCore,MVTec-AD,cable,42,rescue,motion_blur,mild,Wiener (Motion PSF),0.587893545627594,augmented
PatchCore,MVTec-AD,cable,42,degradation,motion_blur,moderate,none,0.9070464372634888,augmented
PatchCore,MVTec-AD,cable,42,rescue,motion_blur,moderate,Wiener (Motion PSF),0.587050199508667,augmented
PatchCore,MVTec-AD,cable,42,degradation,motion_blur,severe,none,0.8553223013877869,augmented
PatchCore,MVTec-AD,cable,42,rescue,motion_blur,severe,Wiener (Motion PSF),0.5788043737411499,augmented
PatchCore,MVTec-AD,cable,42,degradation,sensor_noise,mild,none,0.8959895372390747,augmented
PatchCore,MVTec-AD,cable,42,rescue,sensor_noise,mild,NLM Denoise,0.8410794734954834,augmented
PatchCore,MVTec-AD,cable,42,degradation,sensor_noise,moderate,none,0.8744378089904785,augmented
PatchCore,MVTec-AD,cable,42,rescue,sensor_noise,moderate,NLM Denoise,0.8049100637435913,augmented
PatchCore,MVTec-AD,cable,42,degradation,sensor_noise,severe,none,0.8452023863792419,augmented
PatchCore,MVTec-AD,cable,42,rescue,sensor_noise,severe,NLM Denoise,0.8362069129943848,augmented
PatchCore,MVTec-AD,cable,42,degradation,fog_haze,mild,none,0.8871814012527466,augmented
PatchCore,MVTec-AD,cable,42,rescue,fog_haze,mild,Dehaze (Dark Channel),0.8311469554901123,augmented
PatchCore,MVTec-AD,cable,42,degradation,fog_haze,moderate,none,0.8358320593833923,augmented
PatchCore,MVTec-AD,cable,42,rescue,fog_haze,moderate,Dehaze (Dark Channel),0.8684407472610474,augmented
PatchCore,MVTec-AD,cable,42,degradation,fog_haze,severe,none,0.7588080763816833,augmented
PatchCore,MVTec-AD,cable,42,rescue,fog_haze,severe,Dehaze (Dark Channel),0.8330209255218506,augmented
PatchCore,MVTec-AD,cable,123,baseline,clean,none,none,0.9825711846351624,augmented
PatchCore,MVTec-AD,cable,123,degradation,low_light,mild,none,0.96195650100708,augmented
PatchCore,MVTec-AD,cable,123,rescue,low_light,mild,CLAHE,0.9612069129943848,augmented
PatchCore,MVTec-AD,cable,123,rescue,low_light,mild,Retinex,0.9282233715057372,augmented
PatchCore,MVTec-AD,cable,123,degradation,low_light,moderate,none,0.8881184458732605,augmented
PatchCore,MVTec-AD,cable,123,rescue,low_light,moderate,CLAHE,0.9306597113609314,augmented
PatchCore,MVTec-AD,cable,123,rescue,low_light,moderate,Retinex,0.9426536560058594,augmented
PatchCore,MVTec-AD,cable,123,degradation,low_light,severe,none,0.8258995413780212,augmented
PatchCore,MVTec-AD,cable,123,rescue,low_light,severe,CLAHE,0.8273988366127014,augmented
PatchCore,MVTec-AD,cable,123,rescue,low_light,severe,Retinex,0.8701274394989014,augmented
PatchCore,MVTec-AD,cable,123,degradation,gaussian_blur,mild,none,0.928410828113556,augmented
PatchCore,MVTec-AD,cable,123,rescue,gaussian_blur,mild,Wiener,0.9287856817245485,augmented
PatchCore,MVTec-AD,cable,123,degradation,gaussian_blur,moderate,none,0.9001123905181885,augmented
PatchCore,MVTec-AD,cable,123,rescue,gaussian_blur,moderate,Wiener,0.4906297028064728,augmented
PatchCore,MVTec-AD,cable,123,degradation,gaussian_blur,severe,none,0.8120315074920654,augmented
PatchCore,MVTec-AD,cable,123,rescue,gaussian_blur,severe,Wiener,0.5,augmented
PatchCore,MVTec-AD,cable,123,degradation,motion_blur,mild,none,0.9032983779907228,augmented
PatchCore,MVTec-AD,cable,123,rescue,motion_blur,mild,Wiener (Motion PSF),0.5845202207565308,augmented
PatchCore,MVTec-AD,cable,123,degradation,motion_blur,moderate,none,0.91379314661026,augmented
PatchCore,MVTec-AD,cable,123,rescue,motion_blur,moderate,Wiener (Motion PSF),0.5952023863792419,augmented
PatchCore,MVTec-AD,cable,123,degradation,motion_blur,severe,none,0.8652548789978027,augmented
PatchCore,MVTec-AD,cable,123,rescue,motion_blur,severe,Wiener (Motion PSF),0.5768365859985352,augmented
PatchCore,MVTec-AD,cable,123,degradation,sensor_noise,mild,none,0.8914917707443237,augmented
PatchCore,MVTec-AD,cable,123,rescue,sensor_noise,mild,NLM Denoise,0.8112819194793701,augmented
PatchCore,MVTec-AD,cable,123,degradation,sensor_noise,moderate,none,0.8624438047409058,augmented
PatchCore,MVTec-AD,cable,123,rescue,sensor_noise,moderate,NLM Denoise,0.8020989894866943,augmented
PatchCore,MVTec-AD,cable,123,degradation,sensor_noise,severe,none,0.8405172824859619,augmented
PatchCore,MVTec-AD,cable,123,rescue,sensor_noise,severe,NLM Denoise,0.8167166709899902,augmented
PatchCore,MVTec-AD,cable,123,degradation,fog_haze,mild,none,0.8592578172683716,augmented
PatchCore,MVTec-AD,cable,123,rescue,fog_haze,mild,Dehaze (Dark Channel),0.827023983001709,augmented
PatchCore,MVTec-AD,cable,123,degradation,fog_haze,moderate,none,0.8095952272415161,augmented
PatchCore,MVTec-AD,cable,123,rescue,fog_haze,moderate,Dehaze (Dark Channel),0.8534482717514038,augmented
PatchCore,MVTec-AD,cable,123,degradation,fog_haze,severe,none,0.8017241358757019,augmented
PatchCore,MVTec-AD,cable,123,rescue,fog_haze,severe,Dehaze (Dark Channel),0.8594452738761902,augmented
PatchCore,MVTec-AD,cable,456,baseline,clean,none,none,0.9775112867355348,augmented
PatchCore,MVTec-AD,cable,456,degradation,low_light,mild,none,0.9597076177597046,augmented
PatchCore,MVTec-AD,cable,456,rescue,low_light,mild,CLAHE,0.9643927812576294,augmented
PatchCore,MVTec-AD,cable,456,rescue,low_light,mild,Retinex,0.9124812483787536,augmented
PatchCore,MVTec-AD,cable,456,degradation,low_light,moderate,none,0.9032983779907228,augmented
PatchCore,MVTec-AD,cable,456,rescue,low_light,moderate,CLAHE,0.9222264289855956,augmented
PatchCore,MVTec-AD,cable,456,rescue,low_light,moderate,Retinex,0.9274737238883972,augmented
PatchCore,MVTec-AD,cable,456,degradation,low_light,severe,none,0.8199025392532349,augmented
PatchCore,MVTec-AD,cable,456,rescue,low_light,severe,CLAHE,0.8467016220092773,augmented
PatchCore,MVTec-AD,cable,456,rescue,low_light,severe,Retinex,0.8725637197494507,augmented
PatchCore,MVTec-AD,cable,456,degradation,gaussian_blur,mild,none,0.9297226667404176,augmented
PatchCore,MVTec-AD,cable,456,rescue,gaussian_blur,mild,Wiener,0.9377810955047609,augmented
PatchCore,MVTec-AD,cable,456,degradation,gaussian_blur,moderate,none,0.8993628025054932,augmented
PatchCore,MVTec-AD,cable,456,rescue,gaussian_blur,moderate,Wiener,0.495877057313919,augmented
PatchCore,MVTec-AD,cable,456,degradation,gaussian_blur,severe,none,0.820839524269104,augmented
PatchCore,MVTec-AD,cable,456,rescue,gaussian_blur,severe,Wiener,0.5,augmented
PatchCore,MVTec-AD,cable,456,degradation,motion_blur,mild,none,0.9152923822402954,augmented
PatchCore,MVTec-AD,cable,456,rescue,motion_blur,mild,Wiener (Motion PSF),0.5817091464996338,augmented
PatchCore,MVTec-AD,cable,456,degradation,motion_blur,moderate,none,0.8978635668754578,augmented
PatchCore,MVTec-AD,cable,456,rescue,motion_blur,moderate,Wiener (Motion PSF),0.5938905477523804,augmented
PatchCore,MVTec-AD,cable,456,degradation,motion_blur,severe,none,0.8684407472610474,augmented
PatchCore,MVTec-AD,cable,456,rescue,motion_blur,severe,Wiener (Motion PSF),0.5625,augmented
PatchCore,MVTec-AD,cable,456,degradation,sensor_noise,mild,none,0.8997376561164856,augmented
PatchCore,MVTec-AD,cable,456,rescue,sensor_noise,mild,NLM Denoise,0.8530734181404114,augmented
PatchCore,MVTec-AD,cable,456,degradation,sensor_noise,moderate,none,0.8575711846351624,augmented
PatchCore,MVTec-AD,cable,456,rescue,sensor_noise,moderate,NLM Denoise,0.8273987770080566,augmented
PatchCore,MVTec-AD,cable,456,degradation,sensor_noise,severe,none,0.8495126962661743,augmented
PatchCore,MVTec-AD,cable,456,rescue,sensor_noise,severe,NLM Denoise,0.8313343524932861,augmented
PatchCore,MVTec-AD,cable,456,degradation,fog_haze,mild,none,0.8941154479980469,augmented
PatchCore,MVTec-AD,cable,456,rescue,fog_haze,mild,Dehaze (Dark Channel),0.8187780976295471,augmented
PatchCore,MVTec-AD,cable,456,degradation,fog_haze,moderate,none,0.8273987770080566,augmented
PatchCore,MVTec-AD,cable,456,rescue,fog_haze,moderate,Dehaze (Dark Channel),0.8371438980102539,augmented
PatchCore,MVTec-AD,cable,456,degradation,fog_haze,severe,none,0.7706146836280823,augmented
PatchCore,MVTec-AD,cable,456,rescue,fog_haze,severe,Dehaze (Dark Channel),0.8390179872512817,augmented
PatchCore,MVTec-AD,capsule,42,baseline,clean,none,none,0.972875952720642,augmented
PatchCore,MVTec-AD,capsule,42,degradation,low_light,mild,none,0.8974870443344116,augmented
PatchCore,MVTec-AD,capsule,42,rescue,low_light,mild,CLAHE,0.8236936330795288,augmented
PatchCore,MVTec-AD,capsule,42,rescue,low_light,mild,Retinex,0.611487865447998,augmented
PatchCore,MVTec-AD,capsule,42,degradation,low_light,moderate,none,0.91304349899292,augmented
PatchCore,MVTec-AD,capsule,42,rescue,low_light,moderate,CLAHE,0.7674511671066284,augmented
PatchCore,MVTec-AD,capsule,42,rescue,low_light,moderate,Retinex,0.523932933807373,augmented
PatchCore,MVTec-AD,capsule,42,degradation,low_light,severe,none,0.8256880640983582,augmented
PatchCore,MVTec-AD,capsule,42,rescue,low_light,severe,CLAHE,0.7371360063552856,augmented
PatchCore,MVTec-AD,capsule,42,rescue,low_light,severe,Retinex,0.5,augmented
PatchCore,MVTec-AD,capsule,42,degradation,gaussian_blur,mild,none,0.812923789024353,augmented
PatchCore,MVTec-AD,capsule,42,rescue,gaussian_blur,mild,Wiener,0.7762266397476196,augmented
PatchCore,MVTec-AD,capsule,42,degradation,gaussian_blur,moderate,none,0.6641404628753662,augmented
PatchCore,MVTec-AD,capsule,42,rescue,gaussian_blur,moderate,Wiener,0.5,augmented
PatchCore,MVTec-AD,capsule,42,degradation,gaussian_blur,severe,none,0.6848822832107544,augmented
PatchCore,MVTec-AD,capsule,42,rescue,gaussian_blur,severe,Wiener,0.5,augmented
PatchCore,MVTec-AD,capsule,42,degradation,motion_blur,mild,none,0.8220981359481812,augmented
PatchCore,MVTec-AD,capsule,42,rescue,motion_blur,mild,Wiener (Motion PSF),0.5,augmented
PatchCore,MVTec-AD,capsule,42,degradation,motion_blur,moderate,none,0.7443159222602844,augmented
PatchCore,MVTec-AD,capsule,42,rescue,motion_blur,moderate,Wiener (Motion PSF),0.5,augmented
PatchCore,MVTec-AD,capsule,42,degradation,motion_blur,severe,none,0.7207818031311035,augmented
PatchCore,MVTec-AD,capsule,42,rescue,motion_blur,severe,Wiener (Motion PSF),0.5,augmented
PatchCore,MVTec-AD,capsule,42,degradation,sensor_noise,mild,none,0.8296768665313721,augmented
PatchCore,MVTec-AD,capsule,42,rescue,sensor_noise,mild,NLM Denoise,0.7116074562072754,augmented
PatchCore,MVTec-AD,capsule,42,degradation,sensor_noise,moderate,none,0.6960510611534119,augmented
PatchCore,MVTec-AD,capsule,42,rescue,sensor_noise,moderate,NLM Denoise,0.6681292653083801,augmented
PatchCore,MVTec-AD,capsule,42,degradation,sensor_noise,severe,none,0.648185133934021,augmented
PatchCore,MVTec-AD,capsule,42,rescue,sensor_noise,severe,NLM Denoise,0.5839649438858032,augmented
PatchCore,MVTec-AD,capsule,42,degradation,fog_haze,mild,none,0.6182688474655151,augmented
PatchCore,MVTec-AD,capsule,42,rescue,fog_haze,mild,Dehaze (Dark Channel),0.606900691986084,augmented
PatchCore,MVTec-AD,capsule,42,degradation,fog_haze,moderate,none,0.4216194450855255,augmented
PatchCore,MVTec-AD,capsule,42,rescue,fog_haze,moderate,Dehaze (Dark Channel),0.4852413237094879,augmented
PatchCore,MVTec-AD,capsule,42,degradation,fog_haze,severe,none,0.5644196271896362,augmented
PatchCore,MVTec-AD,capsule,42,rescue,fog_haze,severe,Dehaze (Dark Channel),0.4954128563404083,augmented
PatchCore,MVTec-AD,capsule,123,baseline,clean,none,none,0.9680893421173096,augmented
PatchCore,MVTec-AD,capsule,123,degradation,low_light,mild,none,0.9106501936912536,augmented
PatchCore,MVTec-AD,capsule,123,rescue,low_light,mild,CLAHE,0.842441201210022,augmented
PatchCore,MVTec-AD,capsule,123,rescue,low_light,mild,Retinex,0.5939369797706604,augmented
PatchCore,MVTec-AD,capsule,123,degradation,low_light,moderate,none,0.9289988279342652,augmented
PatchCore,MVTec-AD,capsule,123,rescue,low_light,moderate,CLAHE,0.7877941727638245,augmented
PatchCore,MVTec-AD,capsule,123,rescue,low_light,moderate,Retinex,0.4431591629981994,augmented
PatchCore,MVTec-AD,capsule,123,degradation,low_light,severe,none,0.8041483759880066,augmented
PatchCore,MVTec-AD,capsule,123,rescue,low_light,severe,CLAHE,0.7483047246932983,augmented
PatchCore,MVTec-AD,capsule,123,rescue,low_light,severe,Retinex,0.5,augmented
PatchCore,MVTec-AD,capsule,123,degradation,gaussian_blur,mild,none,0.8320702314376831,augmented
PatchCore,MVTec-AD,capsule,123,rescue,gaussian_blur,mild,Wiener,0.7718388438224792,augmented
PatchCore,MVTec-AD,capsule,123,degradation,gaussian_blur,moderate,none,0.6294375658035278,augmented
PatchCore,MVTec-AD,capsule,123,rescue,gaussian_blur,moderate,Wiener,0.5,augmented
PatchCore,MVTec-AD,capsule,123,degradation,gaussian_blur,severe,none,0.752293586730957,augmented
PatchCore,MVTec-AD,capsule,123,rescue,gaussian_blur,severe,Wiener,0.5,augmented
PatchCore,MVTec-AD,capsule,123,degradation,motion_blur,mild,none,0.8153170943260193,augmented
PatchCore,MVTec-AD,capsule,123,rescue,motion_blur,mild,Wiener (Motion PSF),0.5,augmented
PatchCore,MVTec-AD,capsule,123,degradation,motion_blur,moderate,none,0.7534902095794678,augmented
PatchCore,MVTec-AD,capsule,123,rescue,motion_blur,moderate,Wiener (Motion PSF),0.5,augmented
PatchCore,MVTec-AD,capsule,123,degradation,motion_blur,severe,none,0.7096130847930908,augmented
PatchCore,MVTec-AD,capsule,123,rescue,motion_blur,severe,Wiener (Motion PSF),0.5,augmented
PatchCore,MVTec-AD,capsule,123,degradation,sensor_noise,mild,none,0.8009573221206665,augmented
PatchCore,MVTec-AD,capsule,123,rescue,sensor_noise,mild,NLM Denoise,0.6880733966827393,augmented
PatchCore,MVTec-AD,capsule,123,degradation,sensor_noise,moderate,none,0.7195851802825928,augmented
PatchCore,MVTec-AD,capsule,123,rescue,sensor_noise,moderate,NLM Denoise,0.6342241764068604,augmented
PatchCore,MVTec-AD,capsule,123,degradation,sensor_noise,severe,none,0.6709214448928833,augmented
PatchCore,MVTec-AD,capsule,123,rescue,sensor_noise,severe,NLM Denoise,0.5979257822036743,augmented
PatchCore,MVTec-AD,capsule,123,degradation,fog_haze,mild,none,0.6302353739738464,augmented
PatchCore,MVTec-AD,capsule,123,rescue,fog_haze,mild,Dehaze (Dark Channel),0.5977263450622559,augmented
PatchCore,MVTec-AD,capsule,123,degradation,fog_haze,moderate,none,0.5117670297622681,augmented
PatchCore,MVTec-AD,capsule,123,rescue,fog_haze,moderate,Dehaze (Dark Channel),0.4567211866378784,augmented
PatchCore,MVTec-AD,capsule,123,degradation,fog_haze,severe,none,0.5636218786239624,augmented
PatchCore,MVTec-AD,capsule,123,rescue,fog_haze,severe,Dehaze (Dark Channel),0.4724770784378052,augmented
PatchCore,MVTec-AD,capsule,456,baseline,clean,none,none,0.9720781445503236,augmented
PatchCore,MVTec-AD,capsule,456,degradation,low_light,mild,none,0.9010769128799438,augmented
PatchCore,MVTec-AD,capsule,456,rescue,low_light,mild,CLAHE,0.8480255007743835,augmented
PatchCore,MVTec-AD,capsule,456,rescue,low_light,mild,Retinex,0.5967291593551636,augmented
PatchCore,MVTec-AD,capsule,456,degradation,low_light,moderate,none,0.9242122173309326,augmented
PatchCore,MVTec-AD,capsule,456,rescue,low_light,moderate,CLAHE,0.7873952388763428,augmented
PatchCore,MVTec-AD,capsule,456,rescue,low_light,moderate,Retinex,0.5113681554794312,augmented
PatchCore,MVTec-AD,capsule,456,degradation,low_light,severe,none,0.8173115253448486,augmented
PatchCore,MVTec-AD,capsule,456,rescue,low_light,severe,CLAHE,0.7550857663154602,augmented
PatchCore,MVTec-AD,capsule,456,rescue,low_light,severe,Retinex,0.5,augmented
PatchCore,MVTec-AD,capsule,456,degradation,gaussian_blur,mild,none,0.8296768665313721,augmented
PatchCore,MVTec-AD,capsule,456,rescue,gaussian_blur,mild,Wiener,0.7865975499153137,augmented
PatchCore,MVTec-AD,capsule,456,degradation,gaussian_blur,moderate,none,0.6406062841415405,augmented
PatchCore,MVTec-AD,capsule,456,rescue,gaussian_blur,moderate,Wiener,0.5,augmented
PatchCore,MVTec-AD,capsule,456,degradation,gaussian_blur,severe,none,0.7108097076416016,augmented
PatchCore,MVTec-AD,capsule,456,rescue,gaussian_blur,severe,Wiener,0.5,augmented
PatchCore,MVTec-AD,capsule,456,degradation,motion_blur,mild,none,0.8205025792121887,augmented
PatchCore,MVTec-AD,capsule,456,rescue,motion_blur,mild,Wiener (Motion PSF),0.5,augmented
PatchCore,MVTec-AD,capsule,456,degradation,motion_blur,moderate,none,0.7558835744857788,augmented
PatchCore,MVTec-AD,capsule,456,rescue,motion_blur,moderate,Wiener (Motion PSF),0.5,augmented
PatchCore,MVTec-AD,capsule,456,degradation,motion_blur,severe,none,0.7163940668106079,augmented
PatchCore,MVTec-AD,capsule,456,rescue,motion_blur,severe,Wiener (Motion PSF),0.5,augmented
PatchCore,MVTec-AD,capsule,456,degradation,sensor_noise,mild,none,0.8081372380256653,augmented
PatchCore,MVTec-AD,capsule,456,rescue,sensor_noise,mild,NLM Denoise,0.7136018872261047,augmented
PatchCore,MVTec-AD,capsule,456,degradation,sensor_noise,moderate,none,0.6876745223999023,augmented
PatchCore,MVTec-AD,capsule,456,rescue,sensor_noise,moderate,NLM Denoise,0.6605504751205444,augmented
PatchCore,MVTec-AD,capsule,456,degradation,sensor_noise,severe,none,0.6657359600067139,augmented
PatchCore,MVTec-AD,capsule,456,rescue,sensor_noise,severe,NLM Denoise,0.615476667881012,augmented
PatchCore,MVTec-AD,capsule,456,degradation,fog_haze,mild,none,0.5819704532623291,augmented
PatchCore,MVTec-AD,capsule,456,rescue,fog_haze,mild,Dehaze (Dark Channel),0.6228560209274292,augmented
PatchCore,MVTec-AD,capsule,456,degradation,fog_haze,moderate,none,0.5719984173774719,augmented
PatchCore,MVTec-AD,capsule,456,rescue,fog_haze,moderate,Dehaze (Dark Channel),0.5281212329864502,augmented
PatchCore,MVTec-AD,capsule,456,degradation,fog_haze,severe,none,0.4455524682998657,augmented
PatchCore,MVTec-AD,capsule,456,rescue,fog_haze,severe,Dehaze (Dark Channel),0.5,augmented
PatchCore,MVTec-AD,carpet,42,baseline,clean,none,none,0.9847511053085328,augmented
PatchCore,MVTec-AD,carpet,42,degradation,low_light,mild,none,0.9863563776016236,augmented
PatchCore,MVTec-AD,carpet,42,rescue,low_light,mild,CLAHE,0.9847511649131776,augmented
PatchCore,MVTec-AD,carpet,42,rescue,low_light,mild,Retinex,0.9550561904907228,augmented
PatchCore,MVTec-AD,carpet,42,degradation,low_light,moderate,none,0.9735152721405028,augmented
PatchCore,MVTec-AD,carpet,42,rescue,low_light,moderate,CLAHE,0.9819421768188475,augmented
PatchCore,MVTec-AD,carpet,42,rescue,low_light,moderate,Retinex,0.9755216240882874,augmented
PatchCore,MVTec-AD,carpet,42,degradation,low_light,severe,none,0.8639646768569946,augmented
PatchCore,MVTec-AD,carpet,42,rescue,low_light,severe,CLAHE,0.8952648639678955,augmented
PatchCore,MVTec-AD,carpet,42,rescue,low_light,severe,Retinex,0.949438214302063,augmented
PatchCore,MVTec-AD,carpet,42,degradation,gaussian_blur,mild,none,0.9819421768188475,augmented
PatchCore,MVTec-AD,carpet,42,rescue,gaussian_blur,mild,Wiener,0.9823434352874756,augmented
PatchCore,MVTec-AD,carpet,42,degradation,gaussian_blur,moderate,none,0.9073033928871156,augmented
PatchCore,MVTec-AD,carpet,42,rescue,gaussian_blur,moderate,Wiener,0.494783341884613,augmented
PatchCore,MVTec-AD,carpet,42,degradation,gaussian_blur,severe,none,0.8366774320602417,augmented
PatchCore,MVTec-AD,carpet,42,rescue,gaussian_blur,severe,Wiener,0.5,augmented
PatchCore,MVTec-AD,carpet,42,degradation,motion_blur,mild,none,0.9751203656196594,augmented
PatchCore,MVTec-AD,carpet,42,rescue,motion_blur,mild,Wiener (Motion PSF),0.9394060373306274,augmented
PatchCore,MVTec-AD,carpet,42,degradation,motion_blur,moderate,none,0.9121187925338744,augmented
PatchCore,MVTec-AD,carpet,42,rescue,motion_blur,moderate,Wiener (Motion PSF),0.5654093027114868,augmented
PatchCore,MVTec-AD,carpet,42,degradation,motion_blur,severe,none,0.8430979251861572,augmented
PatchCore,MVTec-AD,carpet,42,rescue,motion_blur,severe,Wiener (Motion PSF),0.5040128231048584,augmented
PatchCore,MVTec-AD,carpet,42,degradation,sensor_noise,mild,none,0.9719101190567015,augmented
PatchCore,MVTec-AD,carpet,42,rescue,sensor_noise,mild,NLM Denoise,0.9658908247947692,augmented
PatchCore,MVTec-AD,carpet,42,degradation,sensor_noise,moderate,none,0.9522472023963928,augmented
PatchCore,MVTec-AD,carpet,42,rescue,sensor_noise,moderate,NLM Denoise,0.8784109354019165,augmented
PatchCore,MVTec-AD,carpet,42,degradation,sensor_noise,severe,none,0.8764045238494873,augmented
PatchCore,MVTec-AD,carpet,42,rescue,sensor_noise,severe,NLM Denoise,0.8109951615333557,augmented
PatchCore,MVTec-AD,carpet,42,degradation,fog_haze,mild,none,0.9434189200401306,augmented
PatchCore,MVTec-AD,carpet,42,rescue,fog_haze,mild,Dehaze (Dark Channel),0.9000802040100098,augmented
PatchCore,MVTec-AD,carpet,42,degradation,fog_haze,moderate,none,0.8166131973266602,augmented
PatchCore,MVTec-AD,carpet,42,rescue,fog_haze,moderate,Dehaze (Dark Channel),0.7225120067596436,augmented
PatchCore,MVTec-AD,carpet,42,degradation,fog_haze,severe,none,0.7536115646362305,augmented
PatchCore,MVTec-AD,carpet,42,rescue,fog_haze,severe,Dehaze (Dark Channel),0.5431380867958069,augmented
PatchCore,MVTec-AD,carpet,123,baseline,clean,none,none,0.9847511649131776,augmented
PatchCore,MVTec-AD,carpet,123,degradation,low_light,mild,none,0.9839485883712769,augmented
PatchCore,MVTec-AD,carpet,123,rescue,low_light,mild,CLAHE,0.985553741455078,augmented
PatchCore,MVTec-AD,carpet,123,rescue,low_light,mild,Retinex,0.956260085105896,augmented
PatchCore,MVTec-AD,carpet,123,degradation,low_light,moderate,none,0.9771268367767334,augmented
PatchCore,MVTec-AD,carpet,123,rescue,low_light,moderate,CLAHE,0.9843498468399048,augmented
PatchCore,MVTec-AD,carpet,123,rescue,low_light,moderate,Retinex,0.97873193025589,augmented
PatchCore,MVTec-AD,carpet,123,degradation,low_light,severe,none,0.8523274660110474,augmented
PatchCore,MVTec-AD,carpet,123,rescue,low_light,severe,CLAHE,0.8940609693527222,augmented
PatchCore,MVTec-AD,carpet,123,rescue,low_light,severe,Retinex,0.9514446258544922,augmented
PatchCore,MVTec-AD,carpet,123,degradation,gaussian_blur,mild,none,0.9791332483291626,augmented
PatchCore,MVTec-AD,carpet,123,rescue,gaussian_blur,mild,Wiener,0.983146071434021,augmented
PatchCore,MVTec-AD,carpet,123,degradation,gaussian_blur,moderate,none,0.9093098044395448,augmented
PatchCore,MVTec-AD,carpet,123,rescue,gaussian_blur,moderate,Wiener,0.4612760841846466,augmented
PatchCore,MVTec-AD,carpet,123,degradation,gaussian_blur,severe,none,0.8483145833015442,augmented
PatchCore,MVTec-AD,carpet,123,rescue,gaussian_blur,severe,Wiener,0.5,augmented
PatchCore,MVTec-AD,carpet,123,degradation,motion_blur,mild,none,0.9775280952453612,augmented
PatchCore,MVTec-AD,carpet,123,rescue,motion_blur,mild,Wiener (Motion PSF),0.9406099319458008,augmented
PatchCore,MVTec-AD,carpet,123,degradation,motion_blur,moderate,none,0.9016854166984558,augmented
PatchCore,MVTec-AD,carpet,123,rescue,motion_blur,moderate,Wiener (Motion PSF),0.5630016326904297,augmented
PatchCore,MVTec-AD,carpet,123,degradation,motion_blur,severe,none,0.8495184183120728,augmented
PatchCore,MVTec-AD,carpet,123,rescue,motion_blur,severe,Wiener (Motion PSF),0.4935794472694397,augmented
PatchCore,MVTec-AD,carpet,123,degradation,sensor_noise,mild,none,0.9682985544204712,augmented
PatchCore,MVTec-AD,carpet,123,rescue,sensor_noise,mild,NLM Denoise,0.9630818367004396,augmented
PatchCore,MVTec-AD,carpet,123,degradation,sensor_noise,moderate,none,0.9506420493125916,augmented
PatchCore,MVTec-AD,carpet,123,rescue,sensor_noise,moderate,NLM Denoise,0.8675763010978699,augmented
PatchCore,MVTec-AD,carpet,123,degradation,sensor_noise,severe,none,0.8952648639678955,augmented
PatchCore,MVTec-AD,carpet,123,rescue,sensor_noise,severe,NLM Denoise,0.8117977380752563,augmented
PatchCore,MVTec-AD,carpet,123,degradation,fog_haze,mild,none,0.9506421089172364,augmented
PatchCore,MVTec-AD,carpet,123,rescue,fog_haze,mild,Dehaze (Dark Channel),0.8663724660873413,augmented
PatchCore,MVTec-AD,carpet,123,degradation,fog_haze,moderate,none,0.8186195492744446,augmented
PatchCore,MVTec-AD,carpet,123,rescue,fog_haze,moderate,Dehaze (Dark Channel),0.6950240731239319,augmented
PatchCore,MVTec-AD,carpet,123,degradation,fog_haze,severe,none,0.7142857313156128,augmented
PatchCore,MVTec-AD,carpet,123,rescue,fog_haze,severe,Dehaze (Dark Channel),0.5593900680541992,augmented
PatchCore,MVTec-AD,carpet,456,baseline,clean,none,none,0.9851524829864502,augmented
PatchCore,MVTec-AD,carpet,456,degradation,low_light,mild,none,0.9843499660491944,augmented
PatchCore,MVTec-AD,carpet,456,rescue,low_light,mild,CLAHE,0.9859550595283508,augmented
PatchCore,MVTec-AD,carpet,456,rescue,low_light,mild,Retinex,0.953852355480194,augmented
PatchCore,MVTec-AD,carpet,456,degradation,low_light,moderate,none,0.976725459098816,augmented
PatchCore,MVTec-AD,carpet,456,rescue,low_light,moderate,CLAHE,0.9851524829864502,augmented
PatchCore,MVTec-AD,carpet,456,rescue,low_light,moderate,Retinex,0.9795345067977904,augmented
PatchCore,MVTec-AD,carpet,456,degradation,low_light,severe,none,0.8599518537521362,augmented
PatchCore,MVTec-AD,carpet,456,rescue,low_light,severe,CLAHE,0.8984751105308533,augmented
PatchCore,MVTec-AD,carpet,456,rescue,low_light,severe,Retinex,0.9474318027496338,augmented
PatchCore,MVTec-AD,carpet,456,degradation,gaussian_blur,mild,none,0.9811396598815918,augmented
PatchCore,MVTec-AD,carpet,456,rescue,gaussian_blur,mild,Wiener,0.9783306121826172,augmented
PatchCore,MVTec-AD,carpet,456,degradation,gaussian_blur,moderate,none,0.902086615562439,augmented
PatchCore,MVTec-AD,carpet,456,rescue,gaussian_blur,moderate,Wiener,0.4729133248329162,augmented
PatchCore,MVTec-AD,carpet,456,degradation,gaussian_blur,severe,none,0.8398876190185547,augmented
PatchCore,MVTec-AD,carpet,456,rescue,gaussian_blur,severe,Wiener,0.5,augmented
PatchCore,MVTec-AD,carpet,456,degradation,motion_blur,mild,none,0.9763242602348328,augmented
PatchCore,MVTec-AD,carpet,456,rescue,motion_blur,mild,Wiener (Motion PSF),0.941813826560974,augmented
PatchCore,MVTec-AD,carpet,456,degradation,motion_blur,moderate,none,0.9129213690757751,augmented
PatchCore,MVTec-AD,carpet,456,rescue,motion_blur,moderate,Wiener (Motion PSF),0.5511637330055237,augmented
PatchCore,MVTec-AD,carpet,456,degradation,motion_blur,severe,none,0.8430979251861572,augmented
PatchCore,MVTec-AD,carpet,456,rescue,motion_blur,severe,Wiener (Motion PSF),0.5088282823562622,augmented
PatchCore,MVTec-AD,carpet,456,degradation,sensor_noise,mild,none,0.9719101190567015,augmented
PatchCore,MVTec-AD,carpet,456,rescue,sensor_noise,mild,NLM Denoise,0.9630818367004396,augmented
PatchCore,MVTec-AD,carpet,456,degradation,sensor_noise,moderate,none,0.9402086734771729,augmented
PatchCore,MVTec-AD,carpet,456,rescue,sensor_noise,moderate,NLM Denoise,0.8872391581535339,augmented
PatchCore,MVTec-AD,carpet,456,degradation,sensor_noise,severe,none,0.8743980526924133,augmented
PatchCore,MVTec-AD,carpet,456,rescue,sensor_noise,severe,NLM Denoise,0.83146071434021,augmented
PatchCore,MVTec-AD,carpet,456,degradation,fog_haze,mild,none,0.9462279081344604,augmented
PatchCore,MVTec-AD,carpet,456,rescue,fog_haze,mild,Dehaze (Dark Channel),0.8812198638916016,augmented
PatchCore,MVTec-AD,carpet,456,degradation,fog_haze,moderate,none,0.8366773724555969,augmented
PatchCore,MVTec-AD,carpet,456,rescue,fog_haze,moderate,Dehaze (Dark Channel),0.7829053401947021,augmented
PatchCore,MVTec-AD,carpet,456,degradation,fog_haze,severe,none,0.7339486479759216,augmented
PatchCore,MVTec-AD,carpet,456,rescue,fog_haze,severe,Dehaze (Dark Channel),0.5513643026351929,augmented
PatchCore,MVTec-AD,grid,42,baseline,clean,none,none,0.9741019606590272,augmented
PatchCore,MVTec-AD,grid,42,degradation,low_light,mild,none,0.9223057627677916,augmented
PatchCore,MVTec-AD,grid,42,rescue,low_light,mild,CLAHE,0.9223057627677916,augmented
PatchCore,MVTec-AD,grid,42,rescue,low_light,mild,Retinex,0.8964076638221741,augmented
PatchCore,MVTec-AD,grid,42,degradation,low_light,moderate,none,0.9064326882362366,augmented
PatchCore,MVTec-AD,grid,42,rescue,low_light,moderate,CLAHE,0.92147034406662,augmented
PatchCore,MVTec-AD,grid,42,rescue,low_light,moderate,Retinex,0.8980785608291626,augmented
PatchCore,MVTec-AD,grid,42,degradation,low_light,severe,none,0.8596491813659668,augmented
PatchCore,MVTec-AD,grid,42,rescue,low_light,severe,CLAHE,0.8830409646034241,augmented
PatchCore,MVTec-AD,grid,42,rescue,low_light,severe,Retinex,0.9097744226455688,augmented
PatchCore,MVTec-AD,grid,42,degradation,gaussian_blur,mild,none,0.9164578318595886,augmented
PatchCore,MVTec-AD,grid,42,rescue,gaussian_blur,mild,Wiener,0.6883876323699951,augmented
PatchCore,MVTec-AD,grid,42,degradation,gaussian_blur,moderate,none,0.7368420362472534,augmented
PatchCore,MVTec-AD,grid,42,rescue,gaussian_blur,moderate,Wiener,0.5,augmented
PatchCore,MVTec-AD,grid,42,degradation,gaussian_blur,severe,none,0.7953215837478638,augmented
PatchCore,MVTec-AD,grid,42,rescue,gaussian_blur,severe,Wiener,0.5,augmented
PatchCore,MVTec-AD,grid,42,degradation,motion_blur,mild,none,0.8487886190414429,augmented
PatchCore,MVTec-AD,grid,42,rescue,motion_blur,mild,Wiener (Motion PSF),0.5146198868751526,augmented
PatchCore,MVTec-AD,grid,42,degradation,motion_blur,moderate,none,0.8362573385238647,augmented
PatchCore,MVTec-AD,grid,42,rescue,motion_blur,moderate,Wiener (Motion PSF),0.5396825075149536,augmented
PatchCore,MVTec-AD,grid,42,degradation,motion_blur,severe,none,0.6758562922477722,augmented
PatchCore,MVTec-AD,grid,42,rescue,motion_blur,severe,Wiener (Motion PSF),0.525480329990387,augmented
PatchCore,MVTec-AD,grid,42,degradation,sensor_noise,mild,none,0.8571428656578064,augmented
PatchCore,MVTec-AD,grid,42,rescue,sensor_noise,mild,NLM Denoise,0.9064327478408812,augmented
PatchCore,MVTec-AD,grid,42,degradation,sensor_noise,moderate,none,0.7811194658279419,augmented
PatchCore,MVTec-AD,grid,42,rescue,sensor_noise,moderate,NLM Denoise,0.7752715349197388,augmented
PatchCore,MVTec-AD,grid,42,degradation,sensor_noise,severe,none,0.6265664100646973,augmented
PatchCore,MVTec-AD,grid,42,rescue,sensor_noise,severe,NLM Denoise,0.7234753370285034,augmented
PatchCore,MVTec-AD,grid,42,degradation,fog_haze,mild,none,0.8546366095542908,augmented
PatchCore,MVTec-AD,grid,42,rescue,fog_haze,mild,Dehaze (Dark Channel),0.6332497596740723,augmented
PatchCore,MVTec-AD,grid,42,degradation,fog_haze,moderate,none,0.7702589631080627,augmented
PatchCore,MVTec-AD,grid,42,rescue,fog_haze,moderate,Dehaze (Dark Channel),0.5497076511383057,augmented
PatchCore,MVTec-AD,grid,42,degradation,fog_haze,severe,none,0.5162907242774963,augmented
PatchCore,MVTec-AD,grid,42,rescue,fog_haze,severe,Dehaze (Dark Channel),0.5041770935058594,augmented
PatchCore,MVTec-AD,grid,123,baseline,clean,none,none,0.9757727980613708,augmented
PatchCore,MVTec-AD,grid,123,degradation,low_light,mild,none,0.9223057627677916,augmented
PatchCore,MVTec-AD,grid,123,rescue,low_light,mild,CLAHE,0.9189640879631042,augmented
PatchCore,MVTec-AD,grid,123,rescue,low_light,mild,Retinex,0.9156224727630616,augmented
PatchCore,MVTec-AD,grid,123,degradation,low_light,moderate,none,0.9122806787490844,augmented
PatchCore,MVTec-AD,grid,123,rescue,low_light,moderate,CLAHE,0.915622353553772,augmented
PatchCore,MVTec-AD,grid,123,rescue,low_light,moderate,Retinex,0.90142023563385,augmented
PatchCore,MVTec-AD,grid,123,degradation,low_light,severe,none,0.8604846000671387,augmented
PatchCore,MVTec-AD,grid,123,rescue,low_light,severe,CLAHE,0.8805346488952637,augmented
PatchCore,MVTec-AD,grid,123,rescue,low_light,severe,Retinex,0.9055973291397096,augmented
PatchCore,MVTec-AD,grid,123,degradation,gaussian_blur,mild,none,0.9181286692619324,augmented
PatchCore,MVTec-AD,grid,123,rescue,gaussian_blur,mild,Wiener,0.6800333857536316,augmented
PatchCore,MVTec-AD,grid,123,degradation,gaussian_blur,moderate,none,0.7318295836448669,augmented
PatchCore,MVTec-AD,grid,123,rescue,gaussian_blur,moderate,Wiener,0.5,augmented
PatchCore,MVTec-AD,grid,123,degradation,gaussian_blur,severe,none,0.8003341555595398,augmented
PatchCore,MVTec-AD,grid,123,rescue,gaussian_blur,severe,Wiener,0.5,augmented
PatchCore,MVTec-AD,grid,123,degradation,motion_blur,mild,none,0.841269850730896,augmented
PatchCore,MVTec-AD,grid,123,rescue,motion_blur,mild,Wiener (Motion PSF),0.5317460298538208,augmented
PatchCore,MVTec-AD,grid,123,degradation,motion_blur,moderate,none,0.8270676732063293,augmented
PatchCore,MVTec-AD,grid,123,rescue,motion_blur,moderate,Wiener (Motion PSF),0.5317460298538208,augmented
PatchCore,MVTec-AD,grid,123,degradation,motion_blur,severe,none,0.6675020456314087,augmented
PatchCore,MVTec-AD,grid,123,rescue,motion_blur,severe,Wiener (Motion PSF),0.5263158082962036,augmented
PatchCore,MVTec-AD,grid,123,degradation,sensor_noise,mild,none,0.8596491813659668,augmented
PatchCore,MVTec-AD,grid,123,rescue,sensor_noise,mild,NLM Denoise,0.9072681665420532,augmented
PatchCore,MVTec-AD,grid,123,degradation,sensor_noise,moderate,none,0.7660818696022034,augmented
PatchCore,MVTec-AD,grid,123,rescue,sensor_noise,moderate,NLM Denoise,0.7694236040115356,augmented
PatchCore,MVTec-AD,grid,123,degradation,sensor_noise,severe,none,0.6315789222717285,augmented
PatchCore,MVTec-AD,grid,123,rescue,sensor_noise,severe,NLM Denoise,0.7226399183273315,augmented
PatchCore,MVTec-AD,grid,123,degradation,fog_haze,mild,none,0.8604846000671387,augmented
PatchCore,MVTec-AD,grid,123,rescue,fog_haze,mild,Dehaze (Dark Channel),0.5580617785453796,augmented
PatchCore,MVTec-AD,grid,123,degradation,fog_haze,moderate,none,0.7443609237670898,augmented
PatchCore,MVTec-AD,grid,123,rescue,fog_haze,moderate,Dehaze (Dark Channel),0.5233917832374573,augmented
PatchCore,MVTec-AD,grid,123,degradation,fog_haze,severe,none,0.523809552192688,augmented
PatchCore,MVTec-AD,grid,123,rescue,fog_haze,severe,Dehaze (Dark Channel),0.4828738570213318,augmented
PatchCore,MVTec-AD,grid,456,baseline,clean,none,none,0.9782790541648864,augmented
PatchCore,MVTec-AD,grid,456,degradation,low_light,mild,none,0.9214704036712646,augmented
PatchCore,MVTec-AD,grid,456,rescue,low_light,mild,CLAHE,0.9239766001701356,augmented
PatchCore,MVTec-AD,grid,456,rescue,low_light,mild,Retinex,0.9072681665420532,augmented
PatchCore,MVTec-AD,grid,456,degradation,low_light,moderate,none,0.9047619104385376,augmented
PatchCore,MVTec-AD,grid,456,rescue,low_light,moderate,CLAHE,0.9248120188713074,augmented
PatchCore,MVTec-AD,grid,456,rescue,low_light,moderate,Retinex,0.90142023563385,augmented
PatchCore,MVTec-AD,grid,456,degradation,low_light,severe,none,0.8579782843589783,augmented
PatchCore,MVTec-AD,grid,456,rescue,low_light,severe,CLAHE,0.8771929740905762,augmented
PatchCore,MVTec-AD,grid,456,rescue,low_light,severe,Retinex,0.9072681665420532,augmented
PatchCore,MVTec-AD,grid,456,degradation,gaussian_blur,mild,none,0.919799506664276,augmented
PatchCore,MVTec-AD,grid,456,rescue,gaussian_blur,mild,Wiener,0.6700083613395691,augmented
PatchCore,MVTec-AD,grid,456,degradation,gaussian_blur,moderate,none,0.7276524305343628,augmented
PatchCore,MVTec-AD,grid,456,rescue,gaussian_blur,moderate,Wiener,0.5,augmented
PatchCore,MVTec-AD,grid,456,degradation,gaussian_blur,severe,none,0.8086884021759033,augmented
PatchCore,MVTec-AD,grid,456,rescue,gaussian_blur,severe,Wiener,0.5,augmented
PatchCore,MVTec-AD,grid,456,degradation,motion_blur,mild,none,0.8437761068344116,augmented
PatchCore,MVTec-AD,grid,456,rescue,motion_blur,mild,Wiener (Motion PSF),0.5229741334915161,augmented
PatchCore,MVTec-AD,grid,456,degradation,motion_blur,moderate,none,0.8304094076156616,augmented
PatchCore,MVTec-AD,grid,456,rescue,motion_blur,moderate,Wiener (Motion PSF),0.5317460298538208,augmented
PatchCore,MVTec-AD,grid,456,degradation,motion_blur,severe,none,0.6700083613395691,augmented
PatchCore,MVTec-AD,grid,456,rescue,motion_blur,severe,Wiener (Motion PSF),0.5045948028564453,augmented
PatchCore,MVTec-AD,grid,456,degradation,sensor_noise,mild,none,0.8529657125473022,augmented
PatchCore,MVTec-AD,grid,456,rescue,sensor_noise,mild,NLM Denoise,0.912280797958374,augmented
PatchCore,MVTec-AD,grid,456,degradation,sensor_noise,moderate,none,0.7385129332542419,augmented
PatchCore,MVTec-AD,grid,456,rescue,sensor_noise,moderate,NLM Denoise,0.7903091311454773,augmented
PatchCore,MVTec-AD,grid,456,degradation,sensor_noise,severe,none,0.6365914344787598,augmented
PatchCore,MVTec-AD,grid,456,rescue,sensor_noise,severe,NLM Denoise,0.7276524305343628,augmented
PatchCore,MVTec-AD,grid,456,degradation,fog_haze,mild,none,0.8696742057800293,augmented
PatchCore,MVTec-AD,grid,456,rescue,fog_haze,mild,Dehaze (Dark Channel),0.6365914344787598,augmented
PatchCore,MVTec-AD,grid,456,degradation,fog_haze,moderate,none,0.756892204284668,augmented
PatchCore,MVTec-AD,grid,456,rescue,fog_haze,moderate,Dehaze (Dark Channel),0.5764410495758057,augmented
PatchCore,MVTec-AD,grid,456,degradation,fog_haze,severe,none,0.5472013354301453,augmented
PatchCore,MVTec-AD,grid,456,rescue,fog_haze,severe,Dehaze (Dark Channel),0.4519632160663605,augmented
PatchCore,MVTec-AD,hazelnut,42,baseline,clean,none,none,0.9999999403953552,augmented
PatchCore,MVTec-AD,hazelnut,42,degradation,low_light,mild,none,1.0,augmented
PatchCore,MVTec-AD,hazelnut,42,rescue,low_light,mild,CLAHE,0.999642848968506,augmented
PatchCore,MVTec-AD,hazelnut,42,rescue,low_light,mild,Retinex,0.9992856979370116,augmented
PatchCore,MVTec-AD,hazelnut,42,degradation,low_light,moderate,none,1.0,augmented
PatchCore,MVTec-AD,hazelnut,42,rescue,low_light,moderate,CLAHE,0.9971428513526917,augmented
PatchCore,MVTec-AD,hazelnut,42,rescue,low_light,moderate,Retinex,1.0,augmented
PatchCore,MVTec-AD,hazelnut,42,degradation,low_light,severe,none,0.9717857241630554,augmented
PatchCore,MVTec-AD,hazelnut,42,rescue,low_light,severe,CLAHE,0.9846428632736206,augmented
PatchCore,MVTec-AD,hazelnut,42,rescue,low_light,severe,Retinex,0.998214304447174,augmented
PatchCore,MVTec-AD,hazelnut,42,degradation,gaussian_blur,mild,none,0.99785715341568,augmented
PatchCore,MVTec-AD,hazelnut,42,rescue,gaussian_blur,mild,Wiener,0.9989285469055176,augmented
PatchCore,MVTec-AD,hazelnut,42,degradation,gaussian_blur,moderate,none,0.9817857146263124,augmented
PatchCore,MVTec-AD,hazelnut,42,rescue,gaussian_blur,moderate,Wiener,0.4903571307659149,augmented
PatchCore,MVTec-AD,hazelnut,42,degradation,gaussian_blur,severe,none,0.93321430683136,augmented
PatchCore,MVTec-AD,hazelnut,42,rescue,gaussian_blur,severe,Wiener,0.5,augmented
PatchCore,MVTec-AD,hazelnut,42,degradation,motion_blur,mild,none,0.9882142543792723,augmented
PatchCore,MVTec-AD,hazelnut,42,rescue,motion_blur,mild,Wiener (Motion PSF),0.6621428728103638,augmented
PatchCore,MVTec-AD,hazelnut,42,degradation,motion_blur,moderate,none,0.9796428084373474,augmented
PatchCore,MVTec-AD,hazelnut,42,rescue,motion_blur,moderate,Wiener (Motion PSF),0.6035714149475098,augmented
PatchCore,MVTec-AD,hazelnut,42,degradation,motion_blur,severe,none,0.9521428346633912,augmented
PatchCore,MVTec-AD,hazelnut,42,rescue,motion_blur,severe,Wiener (Motion PSF),0.635357141494751,augmented
PatchCore,MVTec-AD,hazelnut,42,degradation,sensor_noise,mild,none,0.9910714030265808,augmented
PatchCore,MVTec-AD,hazelnut,42,rescue,sensor_noise,mild,NLM Denoise,0.9646428823471068,augmented
PatchCore,MVTec-AD,hazelnut,42,degradation,sensor_noise,moderate,none,0.9685713648796082,augmented
PatchCore,MVTec-AD,hazelnut,42,rescue,sensor_noise,moderate,NLM Denoise,0.9485714435577391,augmented
PatchCore,MVTec-AD,hazelnut,42,degradation,sensor_noise,severe,none,0.9642857313156128,augmented
PatchCore,MVTec-AD,hazelnut,42,rescue,sensor_noise,severe,NLM Denoise,0.9225000143051147,augmented
PatchCore,MVTec-AD,hazelnut,42,degradation,fog_haze,mild,none,0.962142825126648,augmented
PatchCore,MVTec-AD,hazelnut,42,rescue,fog_haze,mild,Dehaze (Dark Channel),0.93964284658432,augmented
PatchCore,MVTec-AD,hazelnut,42,degradation,fog_haze,moderate,none,0.9221428036689758,augmented
PatchCore,MVTec-AD,hazelnut,42,rescue,fog_haze,moderate,Dehaze (Dark Channel),0.6507142782211304,augmented
PatchCore,MVTec-AD,hazelnut,42,degradation,fog_haze,severe,none,0.8224999904632568,augmented
PatchCore,MVTec-AD,hazelnut,42,rescue,fog_haze,severe,Dehaze (Dark Channel),0.5866070985794067,augmented
PatchCore,MVTec-AD,hazelnut,123,baseline,clean,none,none,0.9999999403953552,augmented
PatchCore,MVTec-AD,hazelnut,123,degradation,low_light,mild,none,1.0,augmented
PatchCore,MVTec-AD,hazelnut,123,rescue,low_light,mild,CLAHE,1.0,augmented
PatchCore,MVTec-AD,hazelnut,123,rescue,low_light,mild,Retinex,0.999642848968506,augmented
PatchCore,MVTec-AD,hazelnut,123,degradation,low_light,moderate,none,1.0,augmented
PatchCore,MVTec-AD,hazelnut,123,rescue,low_light,moderate,CLAHE,0.998214304447174,augmented
PatchCore,MVTec-AD,hazelnut,123,rescue,low_light,moderate,Retinex,1.0,augmented
PatchCore,MVTec-AD,hazelnut,123,degradation,low_light,severe,none,0.9700000286102296,augmented
PatchCore,MVTec-AD,hazelnut,123,rescue,low_light,severe,CLAHE,0.985357105731964,augmented
PatchCore,MVTec-AD,hazelnut,123,rescue,low_light,severe,Retinex,0.9971428513526917,augmented
PatchCore,MVTec-AD,hazelnut,123,degradation,gaussian_blur,mild,none,0.999642848968506,augmented
PatchCore,MVTec-AD,hazelnut,123,rescue,gaussian_blur,mild,Wiener,0.9992856979370116,augmented
PatchCore,MVTec-AD,hazelnut,123,degradation,gaussian_blur,moderate,none,0.9774999618530272,augmented
PatchCore,MVTec-AD,hazelnut,123,rescue,gaussian_blur,moderate,Wiener,0.5023214817047119,augmented
PatchCore,MVTec-AD,hazelnut,123,degradation,gaussian_blur,severe,none,0.9335713982582092,augmented
PatchCore,MVTec-AD,hazelnut,123,rescue,gaussian_blur,severe,Wiener,0.5,augmented
PatchCore,MVTec-AD,hazelnut,123,degradation,motion_blur,mild,none,0.9903571605682372,augmented
PatchCore,MVTec-AD,hazelnut,123,rescue,motion_blur,mild,Wiener (Motion PSF),0.6746428608894348,augmented
PatchCore,MVTec-AD,hazelnut,123,degradation,motion_blur,moderate,none,0.981071412563324,augmented
PatchCore,MVTec-AD,hazelnut,123,rescue,motion_blur,moderate,Wiener (Motion PSF),0.6278570890426636,augmented
PatchCore,MVTec-AD,hazelnut,123,degradation,motion_blur,severe,none,0.9489285945892334,augmented
PatchCore,MVTec-AD,hazelnut,123,rescue,motion_blur,severe,Wiener (Motion PSF),0.6332142353057861,augmented
PatchCore,MVTec-AD,hazelnut,123,degradation,sensor_noise,mild,none,0.9867857694625854,augmented
PatchCore,MVTec-AD,hazelnut,123,rescue,sensor_noise,mild,NLM Denoise,0.968214213848114,augmented
PatchCore,MVTec-AD,hazelnut,123,degradation,sensor_noise,moderate,none,0.9667856693267822,augmented
PatchCore,MVTec-AD,hazelnut,123,rescue,sensor_noise,moderate,NLM Denoise,0.9382143020629884,augmented
PatchCore,MVTec-AD,hazelnut,123,degradation,sensor_noise,severe,none,0.9617856740951538,augmented
PatchCore,MVTec-AD,hazelnut,123,rescue,sensor_noise,severe,NLM Denoise,0.9228571653366088,augmented
PatchCore,MVTec-AD,hazelnut,123,degradation,fog_haze,mild,none,0.9771428108215332,augmented
PatchCore,MVTec-AD,hazelnut,123,rescue,fog_haze,mild,Dehaze (Dark Channel),0.947857141494751,augmented
PatchCore,MVTec-AD,hazelnut,123,degradation,fog_haze,moderate,none,0.9210714101791382,augmented
PatchCore,MVTec-AD,hazelnut,123,rescue,fog_haze,moderate,Dehaze (Dark Channel),0.6846429109573364,augmented
PatchCore,MVTec-AD,hazelnut,123,degradation,fog_haze,severe,none,0.8385714292526245,augmented
PatchCore,MVTec-AD,hazelnut,123,rescue,fog_haze,severe,Dehaze (Dark Channel),0.6408928632736206,augmented
PatchCore,MVTec-AD,hazelnut,456,baseline,clean,none,none,1.0,augmented
PatchCore,MVTec-AD,hazelnut,456,degradation,low_light,mild,none,1.0,augmented
PatchCore,MVTec-AD,hazelnut,456,rescue,low_light,mild,CLAHE,1.0,augmented
PatchCore,MVTec-AD,hazelnut,456,rescue,low_light,mild,Retinex,0.9992856979370116,augmented
PatchCore,MVTec-AD,hazelnut,456,degradation,low_light,moderate,none,1.0,augmented
PatchCore,MVTec-AD,hazelnut,456,rescue,low_light,moderate,CLAHE,0.9967857003211976,augmented
PatchCore,MVTec-AD,hazelnut,456,rescue,low_light,moderate,Retinex,1.0,augmented
PatchCore,MVTec-AD,hazelnut,456,degradation,low_light,severe,none,0.9657142758369446,augmented
PatchCore,MVTec-AD,hazelnut,456,rescue,low_light,severe,CLAHE,0.9835714101791382,augmented
PatchCore,MVTec-AD,hazelnut,456,rescue,low_light,severe,Retinex,0.998214304447174,augmented
PatchCore,MVTec-AD,hazelnut,456,degradation,gaussian_blur,mild,none,1.0,augmented
PatchCore,MVTec-AD,hazelnut,456,rescue,gaussian_blur,mild,Wiener,0.9989285469055176,augmented
PatchCore,MVTec-AD,hazelnut,456,degradation,gaussian_blur,moderate,none,0.9757142663002014,augmented
PatchCore,MVTec-AD,hazelnut,456,rescue,gaussian_blur,moderate,Wiener,0.4919642806053161,augmented
PatchCore,MVTec-AD,hazelnut,456,degradation,gaussian_blur,severe,none,0.9317857027053832,augmented
PatchCore,MVTec-AD,hazelnut,456,rescue,gaussian_blur,severe,Wiener,0.5,augmented
PatchCore,MVTec-AD,hazelnut,456,degradation,motion_blur,mild,none,0.991785764694214,augmented
PatchCore,MVTec-AD,hazelnut,456,rescue,motion_blur,mild,Wiener (Motion PSF),0.6689285635948181,augmented
PatchCore,MVTec-AD,hazelnut,456,degradation,motion_blur,moderate,none,0.9771428108215332,augmented
PatchCore,MVTec-AD,hazelnut,456,rescue,motion_blur,moderate,Wiener (Motion PSF),0.6132142543792725,augmented
PatchCore,MVTec-AD,hazelnut,456,degradation,motion_blur,severe,none,0.954285740852356,augmented
PatchCore,MVTec-AD,hazelnut,456,rescue,motion_blur,severe,Wiener (Motion PSF),0.6489285826683044,augmented
PatchCore,MVTec-AD,hazelnut,456,degradation,sensor_noise,mild,none,0.9900000095367432,augmented
PatchCore,MVTec-AD,hazelnut,456,rescue,sensor_noise,mild,NLM Denoise,0.9639285802841188,augmented
PatchCore,MVTec-AD,hazelnut,456,degradation,sensor_noise,moderate,none,0.9692857265472412,augmented
PatchCore,MVTec-AD,hazelnut,456,rescue,sensor_noise,moderate,NLM Denoise,0.943928599357605,augmented
PatchCore,MVTec-AD,hazelnut,456,degradation,sensor_noise,severe,none,0.9657142758369446,augmented
PatchCore,MVTec-AD,hazelnut,456,rescue,sensor_noise,severe,NLM Denoise,0.9182143211364746,augmented
PatchCore,MVTec-AD,hazelnut,456,degradation,fog_haze,mild,none,0.9742857217788696,augmented
PatchCore,MVTec-AD,hazelnut,456,rescue,fog_haze,mild,Dehaze (Dark Channel),0.963928520679474,augmented
PatchCore,MVTec-AD,hazelnut,456,degradation,fog_haze,moderate,none,0.9121428728103638,augmented
PatchCore,MVTec-AD,hazelnut,456,rescue,fog_haze,moderate,Dehaze (Dark Channel),0.5717856884002686,augmented
PatchCore,MVTec-AD,hazelnut,456,degradation,fog_haze,severe,none,0.7442857027053833,augmented
PatchCore,MVTec-AD,hazelnut,456,rescue,fog_haze,severe,Dehaze (Dark Channel),0.5035713911056519,augmented
PatchCore,MVTec-AD,leather,42,baseline,clean,none,none,1.0,augmented
PatchCore,MVTec-AD,leather,42,degradation,low_light,mild,none,0.96773099899292,augmented
PatchCore,MVTec-AD,leather,42,rescue,low_light,mild,CLAHE,0.97486412525177,augmented
PatchCore,MVTec-AD,leather,42,rescue,low_light,mild,Retinex,1.0,augmented
PatchCore,MVTec-AD,leather,42,degradation,low_light,moderate,none,0.9161005020141602,augmented
PatchCore,MVTec-AD,leather,42,rescue,low_light,moderate,CLAHE,0.926630437374115,augmented
PatchCore,MVTec-AD,leather,42,rescue,low_light,moderate,Retinex,1.0,augmented
PatchCore,MVTec-AD,leather,42,degradation,low_light,severe,none,0.90251362323761,augmented
PatchCore,MVTec-AD,leather,42,rescue,low_light,severe,CLAHE,0.91779887676239,augmented
PatchCore,MVTec-AD,leather,42,rescue,low_light,severe,Retinex,0.8461277484893799,augmented
PatchCore,MVTec-AD,leather,42,degradation,gaussian_blur,mild,none,1.0,augmented
PatchCore,MVTec-AD,leather,42,rescue,gaussian_blur,mild,Wiener,1.0,augmented
PatchCore,MVTec-AD,leather,42,degradation,gaussian_blur,moderate,none,0.999660313129425,augmented
PatchCore,MVTec-AD,leather,42,rescue,gaussian_blur,moderate,Wiener,0.515625,augmented
PatchCore,MVTec-AD,leather,42,degradation,gaussian_blur,severe,none,0.99932062625885,augmented
PatchCore,MVTec-AD,leather,42,rescue,gaussian_blur,severe,Wiener,0.5,augmented
PatchCore,MVTec-AD,leather,42,degradation,motion_blur,mild,none,1.0,augmented
PatchCore,MVTec-AD,leather,42,rescue,motion_blur,mild,Wiener (Motion PSF),0.9976223111152648,augmented
PatchCore,MVTec-AD,leather,42,degradation,motion_blur,moderate,none,1.0,augmented
PatchCore,MVTec-AD,leather,42,rescue,motion_blur,moderate,Wiener (Motion PSF),0.923233687877655,augmented
PatchCore,MVTec-AD,leather,42,degradation,motion_blur,severe,none,0.9932065606117249,augmented
PatchCore,MVTec-AD,leather,42,rescue,motion_blur,severe,Wiener (Motion PSF),0.804347813129425,augmented
PatchCore,MVTec-AD,leather,42,degradation,sensor_noise,mild,none,0.9561821222305298,augmented
PatchCore,MVTec-AD,leather,42,rescue,sensor_noise,mild,NLM Denoise,0.99388587474823,augmented
PatchCore,MVTec-AD,leather,42,degradation,sensor_noise,moderate,none,0.91032612323761,augmented
PatchCore,MVTec-AD,leather,42,rescue,sensor_noise,moderate,NLM Denoise,0.9622962474822998,augmented
PatchCore,MVTec-AD,leather,42,degradation,sensor_noise,severe,none,0.8474864363670349,augmented
PatchCore,MVTec-AD,leather,42,rescue,sensor_noise,severe,NLM Denoise,0.9082880616188048,augmented
PatchCore,MVTec-AD,leather,42,degradation,fog_haze,mild,none,0.9449728727340698,augmented
PatchCore,MVTec-AD,leather,42,rescue,fog_haze,mild,Dehaze (Dark Channel),0.8824728727340698,augmented
PatchCore,MVTec-AD,leather,42,degradation,fog_haze,moderate,none,0.68410325050354,augmented
PatchCore,MVTec-AD,leather,42,rescue,fog_haze,moderate,Dehaze (Dark Channel),0.6667798757553101,augmented
PatchCore,MVTec-AD,leather,42,degradation,fog_haze,severe,none,0.62058424949646,augmented
PatchCore,MVTec-AD,leather,42,rescue,fog_haze,severe,Dehaze (Dark Channel),0.588994562625885,augmented
PatchCore,MVTec-AD,leather,123,baseline,clean,none,none,1.0,augmented
PatchCore,MVTec-AD,leather,123,degradation,low_light,mild,none,0.96807062625885,augmented
PatchCore,MVTec-AD,leather,123,rescue,low_light,mild,CLAHE,0.97248637676239,augmented
PatchCore,MVTec-AD,leather,123,rescue,low_light,mild,Retinex,1.0,augmented
PatchCore,MVTec-AD,leather,123,degradation,low_light,moderate,none,0.915421187877655,augmented
PatchCore,MVTec-AD,leather,123,rescue,low_light,moderate,CLAHE,0.93036687374115,augmented
PatchCore,MVTec-AD,leather,123,rescue,low_light,moderate,Retinex,1.0,augmented
PatchCore,MVTec-AD,leather,123,degradation,low_light,severe,none,0.91338312625885,augmented
PatchCore,MVTec-AD,leather,123,rescue,low_light,severe,CLAHE,0.9161005616188048,augmented
PatchCore,MVTec-AD,leather,123,rescue,low_light,severe,Retinex,0.8474863767623901,augmented
PatchCore,MVTec-AD,leather,123,degradation,gaussian_blur,mild,none,1.0,augmented
PatchCore,MVTec-AD,leather,123,rescue,gaussian_blur,mild,Wiener,1.0,augmented
PatchCore,MVTec-AD,leather,123,degradation,gaussian_blur,moderate,none,0.999660313129425,augmented
PatchCore,MVTec-AD,leather,123,rescue,gaussian_blur,moderate,Wiener,0.515625,augmented
PatchCore,MVTec-AD,leather,123,degradation,gaussian_blur,severe,none,0.9989809393882751,augmented
PatchCore,MVTec-AD,leather,123,rescue,gaussian_blur,severe,Wiener,0.5,augmented
PatchCore,MVTec-AD,leather,123,degradation,motion_blur,mild,none,1.0,augmented
PatchCore,MVTec-AD,leather,123,rescue,motion_blur,mild,Wiener (Motion PSF),0.9969429969787598,augmented
PatchCore,MVTec-AD,leather,123,degradation,motion_blur,moderate,none,1.0,augmented
PatchCore,MVTec-AD,leather,123,rescue,motion_blur,moderate,Wiener (Motion PSF),0.91745924949646,augmented
PatchCore,MVTec-AD,leather,123,degradation,motion_blur,severe,none,0.9915082454681396,augmented
PatchCore,MVTec-AD,leather,123,rescue,motion_blur,severe,Wiener (Motion PSF),0.8023097515106201,augmented
PatchCore,MVTec-AD,leather,123,degradation,sensor_noise,mild,none,0.9572010636329652,augmented
PatchCore,MVTec-AD,leather,123,rescue,sensor_noise,mild,NLM Denoise,0.996942937374115,augmented
PatchCore,MVTec-AD,leather,123,degradation,sensor_noise,moderate,none,0.91644024848938,augmented
PatchCore,MVTec-AD,leather,123,rescue,sensor_noise,moderate,NLM Denoise,0.9660325646400452,augmented
PatchCore,MVTec-AD,leather,123,degradation,sensor_noise,severe,none,0.8522418737411499,augmented
PatchCore,MVTec-AD,leather,123,rescue,sensor_noise,severe,NLM Denoise,0.91066575050354,augmented
PatchCore,MVTec-AD,leather,123,degradation,fog_haze,mild,none,0.911005437374115,augmented
PatchCore,MVTec-AD,leather,123,rescue,fog_haze,mild,Dehaze (Dark Channel),0.8699048757553101,augmented
PatchCore,MVTec-AD,leather,123,degradation,fog_haze,moderate,none,0.7622283101081848,augmented
PatchCore,MVTec-AD,leather,123,rescue,fog_haze,moderate,Dehaze (Dark Channel),0.639266312122345,augmented
PatchCore,MVTec-AD,leather,123,degradation,fog_haze,severe,none,0.6178668737411499,augmented
PatchCore,MVTec-AD,leather,123,rescue,fog_haze,severe,Dehaze (Dark Channel),0.55638587474823,augmented
PatchCore,MVTec-AD,leather,456,baseline,clean,none,none,1.0,augmented
PatchCore,MVTec-AD,leather,456,degradation,low_light,mild,none,0.96433424949646,augmented
PatchCore,MVTec-AD,leather,456,rescue,low_light,mild,CLAHE,0.973505437374115,augmented
PatchCore,MVTec-AD,leather,456,rescue,low_light,mild,Retinex,1.0,augmented
PatchCore,MVTec-AD,leather,456,degradation,low_light,moderate,none,0.9093071222305298,augmented
PatchCore,MVTec-AD,leather,456,rescue,low_light,moderate,CLAHE,0.93342387676239,augmented
PatchCore,MVTec-AD,leather,456,rescue,low_light,moderate,Retinex,1.0,augmented
PatchCore,MVTec-AD,leather,456,degradation,low_light,severe,none,0.89504075050354,augmented
PatchCore,MVTec-AD,leather,456,rescue,low_light,severe,CLAHE,0.920516312122345,augmented
PatchCore,MVTec-AD,leather,456,rescue,low_light,severe,Retinex,0.84375,augmented
PatchCore,MVTec-AD,leather,456,degradation,gaussian_blur,mild,none,1.0,augmented
PatchCore,MVTec-AD,leather,456,rescue,gaussian_blur,mild,Wiener,1.0,augmented
PatchCore,MVTec-AD,leather,456,degradation,gaussian_blur,moderate,none,0.999660313129425,augmented
PatchCore,MVTec-AD,leather,456,rescue,gaussian_blur,moderate,Wiener,0.515625,augmented
PatchCore,MVTec-AD,leather,456,degradation,gaussian_blur,severe,none,0.9989809393882751,augmented
PatchCore,MVTec-AD,leather,456,rescue,gaussian_blur,severe,Wiener,0.5,augmented
PatchCore,MVTec-AD,leather,456,degradation,motion_blur,mild,none,1.0,augmented
PatchCore,MVTec-AD,leather,456,rescue,motion_blur,mild,Wiener (Motion PSF),0.99728262424469,augmented
PatchCore,MVTec-AD,leather,456,degradation,motion_blur,moderate,none,1.0,augmented
PatchCore,MVTec-AD,leather,456,rescue,motion_blur,moderate,Wiener (Motion PSF),0.92900812625885,augmented
PatchCore,MVTec-AD,leather,456,degradation,motion_blur,severe,none,0.99286687374115,augmented
PatchCore,MVTec-AD,leather,456,rescue,motion_blur,severe,Wiener (Motion PSF),0.796875,augmented
PatchCore,MVTec-AD,leather,456,degradation,sensor_noise,mild,none,0.9551630616188048,augmented
PatchCore,MVTec-AD,leather,456,rescue,sensor_noise,mild,NLM Denoise,0.9942255616188048,augmented
PatchCore,MVTec-AD,leather,456,degradation,sensor_noise,moderate,none,0.9099864363670348,augmented
PatchCore,MVTec-AD,leather,456,rescue,sensor_noise,moderate,NLM Denoise,0.9636549353599548,augmented
PatchCore,MVTec-AD,leather,456,degradation,sensor_noise,severe,none,0.8461277484893799,augmented
PatchCore,MVTec-AD,leather,456,rescue,sensor_noise,severe,NLM Denoise,0.90794837474823,augmented
PatchCore,MVTec-AD,leather,456,degradation,fog_haze,mild,none,0.95040762424469,augmented
PatchCore,MVTec-AD,leather,456,rescue,fog_haze,mild,Dehaze (Dark Channel),0.8770380616188049,augmented
PatchCore,MVTec-AD,leather,456,degradation,fog_haze,moderate,none,0.7415081262588501,augmented
PatchCore,MVTec-AD,leather,456,rescue,fog_haze,moderate,Dehaze (Dark Channel),0.60597825050354,augmented
PatchCore,MVTec-AD,leather,456,degradation,fog_haze,severe,none,0.5910326242446899,augmented
PatchCore,MVTec-AD,leather,456,rescue,fog_haze,severe,Dehaze (Dark Channel),0.579483687877655,augmented
PatchCore,MVTec-AD,metal_nut,42,baseline,clean,none,none,0.9970674514770508,augmented
PatchCore,MVTec-AD,metal_nut,42,degradation,low_light,mild,none,0.9750733375549316,augmented
PatchCore,MVTec-AD,metal_nut,42,rescue,low_light,mild,CLAHE,0.9765396118164062,augmented
PatchCore,MVTec-AD,metal_nut,42,rescue,low_light,mild,Retinex,0.7834799885749817,augmented
PatchCore,MVTec-AD,metal_nut,42,degradation,low_light,moderate,none,0.9237536191940308,augmented
PatchCore,MVTec-AD,metal_nut,42,rescue,low_light,moderate,CLAHE,0.934995174407959,augmented
PatchCore,MVTec-AD,metal_nut,42,rescue,low_light,moderate,Retinex,0.6028836369514465,augmented
PatchCore,MVTec-AD,metal_nut,42,degradation,low_light,severe,none,0.7937438488006592,augmented
PatchCore,MVTec-AD,metal_nut,42,rescue,low_light,severe,CLAHE,0.8382209539413452,augmented
PatchCore,MVTec-AD,metal_nut,42,rescue,low_light,severe,Retinex,0.626099705696106,augmented
PatchCore,MVTec-AD,metal_nut,42,degradation,gaussian_blur,mild,none,0.9638318419456482,augmented
PatchCore,MVTec-AD,metal_nut,42,rescue,gaussian_blur,mild,Wiener,0.9560117125511168,augmented
PatchCore,MVTec-AD,metal_nut,42,degradation,gaussian_blur,moderate,none,0.9208210706710817,augmented
PatchCore,MVTec-AD,metal_nut,42,rescue,gaussian_blur,moderate,Wiener,0.5,augmented
PatchCore,MVTec-AD,metal_nut,42,degradation,gaussian_blur,severe,none,0.869012713432312,augmented
PatchCore,MVTec-AD,metal_nut,42,rescue,gaussian_blur,severe,Wiener,0.5,augmented
PatchCore,MVTec-AD,metal_nut,42,degradation,motion_blur,mild,none,0.9692082405090332,augmented
PatchCore,MVTec-AD,metal_nut,42,rescue,motion_blur,mild,Wiener (Motion PSF),0.4731182754039764,augmented
PatchCore,MVTec-AD,metal_nut,42,degradation,motion_blur,moderate,none,0.9530791640281676,augmented
PatchCore,MVTec-AD,metal_nut,42,rescue,motion_blur,moderate,Wiener (Motion PSF),0.4784946143627167,augmented
PatchCore,MVTec-AD,metal_nut,42,degradation,motion_blur,severe,none,0.8396872282028198,augmented
PatchCore,MVTec-AD,metal_nut,42,rescue,motion_blur,severe,Wiener (Motion PSF),0.5,augmented
PatchCore,MVTec-AD,metal_nut,42,degradation,sensor_noise,mild,none,0.8778103590011597,augmented
PatchCore,MVTec-AD,metal_nut,42,rescue,sensor_noise,mild,NLM Denoise,0.8709677457809448,augmented
PatchCore,MVTec-AD,metal_nut,42,degradation,sensor_noise,moderate,none,0.8191592693328857,augmented
PatchCore,MVTec-AD,metal_nut,42,rescue,sensor_noise,moderate,NLM Denoise,0.8538612127304077,augmented
PatchCore,MVTec-AD,metal_nut,42,degradation,sensor_noise,severe,none,0.8289344906806946,augmented
PatchCore,MVTec-AD,metal_nut,42,rescue,sensor_noise,severe,NLM Denoise,0.8611925840377808,augmented
PatchCore,MVTec-AD,metal_nut,42,degradation,fog_haze,mild,none,0.9330400228500366,augmented
PatchCore,MVTec-AD,metal_nut,42,rescue,fog_haze,mild,Dehaze (Dark Channel),0.932551383972168,augmented
PatchCore,MVTec-AD,metal_nut,42,degradation,fog_haze,moderate,none,0.7766373753547668,augmented
PatchCore,MVTec-AD,metal_nut,42,rescue,fog_haze,moderate,Dehaze (Dark Channel),0.5774682760238647,augmented
PatchCore,MVTec-AD,metal_nut,42,degradation,fog_haze,severe,none,0.6959921717643738,augmented
PatchCore,MVTec-AD,metal_nut,42,rescue,fog_haze,severe,Dehaze (Dark Channel),0.5,augmented
PatchCore,MVTec-AD,metal_nut,123,baseline,clean,none,none,0.9980449676513672,augmented
PatchCore,MVTec-AD,metal_nut,123,degradation,low_light,mild,none,0.9794721603393556,augmented
PatchCore,MVTec-AD,metal_nut,123,rescue,low_light,mild,CLAHE,0.980449676513672,augmented
PatchCore,MVTec-AD,metal_nut,123,rescue,low_light,mild,Retinex,0.7844574451446533,augmented
PatchCore,MVTec-AD,metal_nut,123,degradation,low_light,moderate,none,0.9222874045372008,augmented
PatchCore,MVTec-AD,metal_nut,123,rescue,low_light,moderate,CLAHE,0.9364614486694336,augmented
PatchCore,MVTec-AD,metal_nut,123,rescue,low_light,moderate,Retinex,0.4210655093193054,augmented
PatchCore,MVTec-AD,metal_nut,123,degradation,low_light,severe,none,0.7893450260162354,augmented
PatchCore,MVTec-AD,metal_nut,123,rescue,low_light,severe,CLAHE,0.8450635075569153,augmented
PatchCore,MVTec-AD,metal_nut,123,rescue,low_light,severe,Retinex,0.6392961740493774,augmented
PatchCore,MVTec-AD,metal_nut,123,degradation,gaussian_blur,mild,none,0.9491691589355468,augmented
PatchCore,MVTec-AD,metal_nut,123,rescue,gaussian_blur,mild,Wiener,0.9550342559814452,augmented
PatchCore,MVTec-AD,metal_nut,123,degradation,gaussian_blur,moderate,none,0.917399764060974,augmented
PatchCore,MVTec-AD,metal_nut,123,rescue,gaussian_blur,moderate,Wiener,0.5,augmented
PatchCore,MVTec-AD,metal_nut,123,degradation,gaussian_blur,severe,none,0.8734115362167358,augmented
PatchCore,MVTec-AD,metal_nut,123,rescue,gaussian_blur,severe,Wiener,0.5,augmented
PatchCore,MVTec-AD,metal_nut,123,degradation,motion_blur,mild,none,0.9657869338989258,augmented
PatchCore,MVTec-AD,metal_nut,123,rescue,motion_blur,mild,Wiener (Motion PSF),0.4892473220825195,augmented
PatchCore,MVTec-AD,metal_nut,123,degradation,motion_blur,moderate,none,0.9545454382896424,augmented
PatchCore,MVTec-AD,metal_nut,123,rescue,motion_blur,moderate,Wiener (Motion PSF),0.4784946143627167,augmented
PatchCore,MVTec-AD,metal_nut,123,degradation,motion_blur,severe,none,0.837243378162384,augmented
PatchCore,MVTec-AD,metal_nut,123,rescue,motion_blur,severe,Wiener (Motion PSF),0.5,augmented
PatchCore,MVTec-AD,metal_nut,123,degradation,sensor_noise,mild,none,0.8646138906478882,augmented
PatchCore,MVTec-AD,metal_nut,123,rescue,sensor_noise,mild,NLM Denoise,0.8743890523910522,augmented
PatchCore,MVTec-AD,metal_nut,123,degradation,sensor_noise,moderate,none,0.8362659215927124,augmented
PatchCore,MVTec-AD,metal_nut,123,rescue,sensor_noise,moderate,NLM Denoise,0.8304007649421692,augmented
PatchCore,MVTec-AD,metal_nut,123,degradation,sensor_noise,severe,none,0.8347996473312378,augmented
PatchCore,MVTec-AD,metal_nut,123,rescue,sensor_noise,severe,NLM Denoise,0.8519061803817749,augmented
PatchCore,MVTec-AD,metal_nut,123,degradation,fog_haze,mild,none,0.9237536787986756,augmented
PatchCore,MVTec-AD,metal_nut,123,rescue,fog_haze,mild,Dehaze (Dark Channel),0.9305963516235352,augmented
PatchCore,MVTec-AD,metal_nut,123,degradation,fog_haze,moderate,none,0.819648027420044,augmented
PatchCore,MVTec-AD,metal_nut,123,rescue,fog_haze,moderate,Dehaze (Dark Channel),0.4711632430553436,augmented
PatchCore,MVTec-AD,metal_nut,123,degradation,fog_haze,severe,none,0.696480929851532,augmented
PatchCore,MVTec-AD,metal_nut,123,rescue,fog_haze,severe,Dehaze (Dark Channel),0.5,augmented
PatchCore,MVTec-AD,metal_nut,456,baseline,clean,none,none,0.997556209564209,augmented
PatchCore,MVTec-AD,metal_nut,456,degradation,low_light,mild,none,0.9701857566833496,augmented
PatchCore,MVTec-AD,metal_nut,456,rescue,low_light,mild,CLAHE,0.9784946441650392,augmented
PatchCore,MVTec-AD,metal_nut,456,rescue,low_light,mild,Retinex,0.7961876392364502,augmented
PatchCore,MVTec-AD,metal_nut,456,degradation,low_light,moderate,none,0.912512183189392,augmented
PatchCore,MVTec-AD,metal_nut,456,rescue,low_light,moderate,CLAHE,0.9403714537620544,augmented
PatchCore,MVTec-AD,metal_nut,456,rescue,low_light,moderate,Retinex,0.4462365508079529,augmented
PatchCore,MVTec-AD,metal_nut,456,degradation,low_light,severe,none,0.7996090650558472,augmented
PatchCore,MVTec-AD,metal_nut,456,rescue,low_light,severe,CLAHE,0.8333333730697632,augmented
PatchCore,MVTec-AD,metal_nut,456,rescue,low_light,severe,Retinex,0.5488758683204651,augmented
PatchCore,MVTec-AD,metal_nut,456,degradation,gaussian_blur,mild,none,0.963831901550293,augmented
PatchCore,MVTec-AD,metal_nut,456,rescue,gaussian_blur,mild,Wiener,0.95650053024292,augmented
PatchCore,MVTec-AD,metal_nut,456,degradation,gaussian_blur,moderate,none,0.908113420009613,augmented
PatchCore,MVTec-AD,metal_nut,456,rescue,gaussian_blur,moderate,Wiener,0.5,augmented
PatchCore,MVTec-AD,metal_nut,456,degradation,gaussian_blur,severe,none,0.8553275465965271,augmented
PatchCore,MVTec-AD,metal_nut,456,rescue,gaussian_blur,severe,Wiener,0.5,augmented
PatchCore,MVTec-AD,metal_nut,456,degradation,motion_blur,mild,none,0.9696969985961914,augmented
PatchCore,MVTec-AD,metal_nut,456,rescue,motion_blur,mild,Wiener (Motion PSF),0.4914467632770538,augmented
PatchCore,MVTec-AD,metal_nut,456,degradation,motion_blur,moderate,none,0.9354838728904724,augmented
PatchCore,MVTec-AD,metal_nut,456,rescue,motion_blur,moderate,Wiener (Motion PSF),0.4064027369022369,augmented
PatchCore,MVTec-AD,metal_nut,456,degradation,motion_blur,severe,none,0.8274682760238647,augmented
PatchCore,MVTec-AD,metal_nut,456,rescue,motion_blur,severe,Wiener (Motion PSF),0.5,augmented
PatchCore,MVTec-AD,metal_nut,456,degradation,sensor_noise,mild,none,0.8602150678634644,augmented
PatchCore,MVTec-AD,metal_nut,456,rescue,sensor_noise,mild,NLM Denoise,0.8519061803817749,augmented
PatchCore,MVTec-AD,metal_nut,456,degradation,sensor_noise,moderate,none,0.8162267804145813,augmented
PatchCore,MVTec-AD,metal_nut,456,rescue,sensor_noise,moderate,NLM Denoise,0.825024425983429,augmented
PatchCore,MVTec-AD,metal_nut,456,degradation,sensor_noise,severe,none,0.8347996473312378,augmented
PatchCore,MVTec-AD,metal_nut,456,rescue,sensor_noise,severe,NLM Denoise,0.8416422605514526,augmented
PatchCore,MVTec-AD,metal_nut,456,degradation,fog_haze,mild,none,0.8861192464828491,augmented
PatchCore,MVTec-AD,metal_nut,456,rescue,fog_haze,mild,Dehaze (Dark Channel),0.9095796942710876,augmented
PatchCore,MVTec-AD,metal_nut,456,degradation,fog_haze,moderate,none,0.8533724546432495,augmented
PatchCore,MVTec-AD,metal_nut,456,rescue,fog_haze,moderate,Dehaze (Dark Channel),0.4677419364452362,augmented
PatchCore,MVTec-AD,metal_nut,456,degradation,fog_haze,severe,none,0.6779080629348755,augmented
PatchCore,MVTec-AD,metal_nut,456,rescue,fog_haze,severe,Dehaze (Dark Channel),0.5,augmented
PatchCore,MVTec-AD,pill,42,baseline,clean,none,none,0.9383524656295776,augmented
PatchCore,MVTec-AD,pill,42,degradation,low_light,mild,none,0.859519898891449,augmented
PatchCore,MVTec-AD,pill,42,rescue,low_light,mild,CLAHE,0.8421986103057861,augmented
PatchCore,MVTec-AD,pill,42,rescue,low_light,mild,Retinex,0.4964539110660553,augmented
PatchCore,MVTec-AD,pill,42,degradation,low_light,moderate,none,0.8867975473403931,augmented
PatchCore,MVTec-AD,pill,42,rescue,low_light,moderate,CLAHE,0.8338788747787476,augmented
PatchCore,MVTec-AD,pill,42,rescue,low_light,moderate,Retinex,0.5,augmented
PatchCore,MVTec-AD,pill,42,degradation,low_light,severe,none,0.90534645318985,augmented
PatchCore,MVTec-AD,pill,42,rescue,low_light,severe,CLAHE,0.8376977443695068,augmented
PatchCore,MVTec-AD,pill,42,rescue,low_light,severe,Retinex,0.5,augmented
PatchCore,MVTec-AD,pill,42,degradation,gaussian_blur,mild,none,0.8685215711593628,augmented
PatchCore,MVTec-AD,pill,42,rescue,gaussian_blur,mild,Wiener,0.8458811044692993,augmented
PatchCore,MVTec-AD,pill,42,degradation,gaussian_blur,moderate,none,0.6504364013671875,augmented
PatchCore,MVTec-AD,pill,42,rescue,gaussian_blur,moderate,Wiener,0.5,augmented
PatchCore,MVTec-AD,pill,42,degradation,gaussian_blur,severe,none,0.6279323697090149,augmented
PatchCore,MVTec-AD,pill,42,rescue,gaussian_blur,severe,Wiener,0.5,augmented
PatchCore,MVTec-AD,pill,42,degradation,motion_blur,mild,none,0.8401527404785156,augmented
PatchCore,MVTec-AD,pill,42,rescue,motion_blur,mild,Wiener (Motion PSF),0.5,augmented
PatchCore,MVTec-AD,pill,42,degradation,motion_blur,moderate,none,0.7446808815002441,augmented
PatchCore,MVTec-AD,pill,42,rescue,motion_blur,moderate,Wiener (Motion PSF),0.5,augmented
PatchCore,MVTec-AD,pill,42,degradation,motion_blur,severe,none,0.7577741146087646,augmented
PatchCore,MVTec-AD,pill,42,rescue,motion_blur,severe,Wiener (Motion PSF),0.5,augmented
PatchCore,MVTec-AD,pill,42,degradation,sensor_noise,mild,none,0.6459356546401978,augmented
PatchCore,MVTec-AD,pill,42,rescue,sensor_noise,mild,NLM Denoise,0.636661171913147,augmented
PatchCore,MVTec-AD,pill,42,degradation,sensor_noise,moderate,none,0.6262956857681274,augmented
PatchCore,MVTec-AD,pill,42,rescue,sensor_noise,moderate,NLM Denoise,0.6549372673034668,augmented
PatchCore,MVTec-AD,pill,42,degradation,sensor_noise,severe,none,0.6743044257164001,augmented
PatchCore,MVTec-AD,pill,42,rescue,sensor_noise,severe,NLM Denoise,0.5662847757339478,augmented
PatchCore,MVTec-AD,pill,42,degradation,fog_haze,mild,none,0.7389525175094604,augmented
PatchCore,MVTec-AD,pill,42,rescue,fog_haze,mild,Dehaze (Dark Channel),0.51241135597229,augmented
PatchCore,MVTec-AD,pill,42,degradation,fog_haze,moderate,none,0.5834697484970093,augmented
PatchCore,MVTec-AD,pill,42,rescue,fog_haze,moderate,Dehaze (Dark Channel),0.5,augmented
PatchCore,MVTec-AD,pill,42,degradation,fog_haze,severe,none,0.5646481513977051,augmented
PatchCore,MVTec-AD,pill,42,rescue,fog_haze,severe,Dehaze (Dark Channel),0.5,augmented
PatchCore,MVTec-AD,pill,123,baseline,clean,none,none,0.9391707181930542,augmented
PatchCore,MVTec-AD,pill,123,degradation,low_light,mild,none,0.8614293336868286,augmented
PatchCore,MVTec-AD,pill,123,rescue,low_light,mild,CLAHE,0.8161484003067017,augmented
PatchCore,MVTec-AD,pill,123,rescue,low_light,mild,Retinex,0.5,augmented
PatchCore,MVTec-AD,pill,123,degradation,low_light,moderate,none,0.884615421295166,augmented
PatchCore,MVTec-AD,pill,123,rescue,low_light,moderate,CLAHE,0.8132842779159546,augmented
PatchCore,MVTec-AD,pill,123,rescue,low_light,moderate,Retinex,0.5,augmented
PatchCore,MVTec-AD,pill,123,degradation,low_light,severe,none,0.9157118797302246,augmented
PatchCore,MVTec-AD,pill,123,rescue,low_light,severe,CLAHE,0.8370158076286316,augmented
PatchCore,MVTec-AD,pill,123,rescue,low_light,severe,Retinex,0.5,augmented
PatchCore,MVTec-AD,pill,123,degradation,gaussian_blur,mild,none,0.8619749546051025,augmented
PatchCore,MVTec-AD,pill,123,rescue,gaussian_blur,mild,Wiener,0.826241135597229,augmented
PatchCore,MVTec-AD,pill,123,degradation,gaussian_blur,moderate,none,0.7088106870651245,augmented
PatchCore,MVTec-AD,pill,123,rescue,gaussian_blur,moderate,Wiener,0.5,augmented
PatchCore,MVTec-AD,pill,123,degradation,gaussian_blur,severe,none,0.6541188955307007,augmented
PatchCore,MVTec-AD,pill,123,rescue,gaussian_blur,severe,Wiener,0.5,augmented
PatchCore,MVTec-AD,pill,123,degradation,motion_blur,mild,none,0.8330605626106262,augmented
PatchCore,MVTec-AD,pill,123,rescue,motion_blur,mild,Wiener (Motion PSF),0.5,augmented
PatchCore,MVTec-AD,pill,123,degradation,motion_blur,moderate,none,0.7294053435325623,augmented
PatchCore,MVTec-AD,pill,123,rescue,motion_blur,moderate,Wiener (Motion PSF),0.5,augmented
PatchCore,MVTec-AD,pill,123,degradation,motion_blur,severe,none,0.7204036712646484,augmented
PatchCore,MVTec-AD,pill,123,rescue,motion_blur,severe,Wiener (Motion PSF),0.5,augmented
PatchCore,MVTec-AD,pill,123,degradation,sensor_noise,mild,none,0.6519367098808289,augmented
PatchCore,MVTec-AD,pill,123,rescue,sensor_noise,mild,NLM Denoise,0.6069285273551941,augmented
PatchCore,MVTec-AD,pill,123,degradation,sensor_noise,moderate,none,0.664484441280365,augmented
PatchCore,MVTec-AD,pill,123,rescue,sensor_noise,moderate,NLM Denoise,0.6560283899307251,augmented
PatchCore,MVTec-AD,pill,123,degradation,sensor_noise,severe,none,0.6909438371658325,augmented
PatchCore,MVTec-AD,pill,123,rescue,sensor_noise,severe,NLM Denoise,0.6024277210235596,augmented
PatchCore,MVTec-AD,pill,123,degradation,fog_haze,mild,none,0.6864429712295532,augmented
PatchCore,MVTec-AD,pill,123,rescue,fog_haze,mild,Dehaze (Dark Channel),0.5,augmented
PatchCore,MVTec-AD,pill,123,degradation,fog_haze,moderate,none,0.6331151723861694,augmented
PatchCore,MVTec-AD,pill,123,rescue,fog_haze,moderate,Dehaze (Dark Channel),0.5,augmented
PatchCore,MVTec-AD,pill,123,degradation,fog_haze,severe,none,0.6031096577644348,augmented
PatchCore,MVTec-AD,pill,123,rescue,fog_haze,severe,Dehaze (Dark Channel),0.5,augmented
PatchCore,MVTec-AD,pill,456,baseline,clean,none,none,0.9511728882789612,augmented
PatchCore,MVTec-AD,pill,456,degradation,low_light,mild,none,0.8622477054595947,augmented
PatchCore,MVTec-AD,pill,456,rescue,low_light,mild,CLAHE,0.8297872543334961,augmented
PatchCore,MVTec-AD,pill,456,rescue,low_light,mild,Retinex,0.4858156144618988,augmented
PatchCore,MVTec-AD,pill,456,degradation,low_light,moderate,none,0.8857064843177795,augmented
PatchCore,MVTec-AD,pill,456,rescue,low_light,moderate,CLAHE,0.8171030282974243,augmented
PatchCore,MVTec-AD,pill,456,rescue,low_light,moderate,Retinex,0.5,augmented
PatchCore,MVTec-AD,pill,456,degradation,low_light,severe,none,0.9222586154937744,augmented
PatchCore,MVTec-AD,pill,456,rescue,low_light,severe,CLAHE,0.8396072387695312,augmented
PatchCore,MVTec-AD,pill,456,rescue,low_light,severe,Retinex,0.5,augmented
PatchCore,MVTec-AD,pill,456,degradation,gaussian_blur,mild,none,0.8742498755455017,augmented
PatchCore,MVTec-AD,pill,456,rescue,gaussian_blur,mild,Wiener,0.8256955146789551,augmented
PatchCore,MVTec-AD,pill,456,degradation,gaussian_blur,moderate,none,0.6865793466567993,augmented
PatchCore,MVTec-AD,pill,456,rescue,gaussian_blur,moderate,Wiener,0.5,augmented
PatchCore,MVTec-AD,pill,456,degradation,gaussian_blur,severe,none,0.6369340419769287,augmented
PatchCore,MVTec-AD,pill,456,rescue,gaussian_blur,severe,Wiener,0.5,augmented
PatchCore,MVTec-AD,pill,456,degradation,motion_blur,mild,none,0.823513388633728,augmented
PatchCore,MVTec-AD,pill,456,rescue,motion_blur,mild,Wiener (Motion PSF),0.5,augmented
PatchCore,MVTec-AD,pill,456,degradation,motion_blur,moderate,none,0.7114020586013794,augmented
PatchCore,MVTec-AD,pill,456,rescue,motion_blur,moderate,Wiener (Motion PSF),0.5,augmented
PatchCore,MVTec-AD,pill,456,degradation,motion_blur,severe,none,0.7433169484138489,augmented
PatchCore,MVTec-AD,pill,456,rescue,motion_blur,severe,Wiener (Motion PSF),0.5,augmented
PatchCore,MVTec-AD,pill,456,degradation,sensor_noise,mild,none,0.6303873062133789,augmented
PatchCore,MVTec-AD,pill,456,rescue,sensor_noise,mild,NLM Denoise,0.6254773736000061,augmented
PatchCore,MVTec-AD,pill,456,degradation,sensor_noise,moderate,none,0.6342061758041382,augmented
PatchCore,MVTec-AD,pill,456,rescue,sensor_noise,moderate,NLM Denoise,0.6685761213302612,augmented
PatchCore,MVTec-AD,pill,456,degradation,sensor_noise,severe,none,0.6631206274032593,augmented
PatchCore,MVTec-AD,pill,456,rescue,sensor_noise,severe,NLM Denoise,0.5705128312110901,augmented
PatchCore,MVTec-AD,pill,456,degradation,fog_haze,mild,none,0.8226950764656067,augmented
PatchCore,MVTec-AD,pill,456,rescue,fog_haze,mild,Dehaze (Dark Channel),0.5319148898124695,augmented
PatchCore,MVTec-AD,pill,456,degradation,fog_haze,moderate,none,0.5594653487205505,augmented
PatchCore,MVTec-AD,pill,456,rescue,fog_haze,moderate,Dehaze (Dark Channel),0.5,augmented
PatchCore,MVTec-AD,pill,456,degradation,fog_haze,severe,none,0.4839061796665191,augmented
PatchCore,MVTec-AD,pill,456,rescue,fog_haze,severe,Dehaze (Dark Channel),0.5,augmented
PatchCore,MVTec-AD,screw,42,baseline,clean,none,none,0.9360525608062744,augmented
PatchCore,MVTec-AD,screw,42,degradation,low_light,mild,none,0.8362369537353516,augmented
PatchCore,MVTec-AD,screw,42,rescue,low_light,mild,CLAHE,0.8598073720932007,augmented
PatchCore,MVTec-AD,screw,42,rescue,low_light,mild,Retinex,0.5798319578170776,augmented
PatchCore,MVTec-AD,screw,42,degradation,low_light,moderate,none,0.8020086288452148,augmented
PatchCore,MVTec-AD,screw,42,rescue,low_light,moderate,CLAHE,0.8468948602676392,augmented
PatchCore,MVTec-AD,screw,42,rescue,low_light,moderate,Retinex,0.7313998937606812,augmented
PatchCore,MVTec-AD,screw,42,degradation,low_light,severe,none,0.6477762460708618,augmented
PatchCore,MVTec-AD,screw,42,rescue,low_light,severe,CLAHE,0.7781307697296143,augmented
PatchCore,MVTec-AD,screw,42,rescue,low_light,severe,Retinex,0.7087517976760864,augmented
PatchCore,MVTec-AD,screw,42,degradation,gaussian_blur,mild,none,0.7415454387664795,augmented
PatchCore,MVTec-AD,screw,42,rescue,gaussian_blur,mild,Wiener,0.6097561120986938,augmented
PatchCore,MVTec-AD,screw,42,degradation,gaussian_blur,moderate,none,0.6349661946296692,augmented
PatchCore,MVTec-AD,screw,42,rescue,gaussian_blur,moderate,Wiener,0.5,augmented
PatchCore,MVTec-AD,screw,42,degradation,gaussian_blur,severe,none,0.501639723777771,augmented
PatchCore,MVTec-AD,screw,42,rescue,gaussian_blur,severe,Wiener,0.5,augmented
PatchCore,MVTec-AD,screw,42,degradation,motion_blur,mild,none,0.7555851936340332,augmented
PatchCore,MVTec-AD,screw,42,rescue,motion_blur,mild,Wiener (Motion PSF),0.5,augmented
PatchCore,MVTec-AD,screw,42,degradation,motion_blur,moderate,none,0.6182619333267212,augmented
PatchCore,MVTec-AD,screw,42,rescue,motion_blur,moderate,Wiener (Motion PSF),0.5,augmented
PatchCore,MVTec-AD,screw,42,degradation,motion_blur,severe,none,0.5177290439605713,augmented
PatchCore,MVTec-AD,screw,42,rescue,motion_blur,severe,Wiener (Motion PSF),0.5,augmented
PatchCore,MVTec-AD,screw,42,degradation,sensor_noise,mild,none,0.7269932627677917,augmented
PatchCore,MVTec-AD,screw,42,rescue,sensor_noise,mild,NLM Denoise,0.6534125804901123,augmented
PatchCore,MVTec-AD,screw,42,degradation,sensor_noise,moderate,none,0.6493133306503296,augmented
PatchCore,MVTec-AD,screw,42,rescue,sensor_noise,moderate,NLM Denoise,0.5158843994140625,augmented
PatchCore,MVTec-AD,screw,42,degradation,sensor_noise,severe,none,0.5740931034088135,augmented
PatchCore,MVTec-AD,screw,42,rescue,sensor_noise,severe,NLM Denoise,0.5,augmented
PatchCore,MVTec-AD,screw,42,degradation,fog_haze,mild,none,0.6472638249397278,augmented
PatchCore,MVTec-AD,screw,42,rescue,fog_haze,mild,Dehaze (Dark Channel),0.5,augmented
PatchCore,MVTec-AD,screw,42,degradation,fog_haze,moderate,none,0.5655872225761414,augmented
PatchCore,MVTec-AD,screw,42,rescue,fog_haze,moderate,Dehaze (Dark Channel),0.5,augmented
PatchCore,MVTec-AD,screw,42,degradation,fog_haze,severe,none,0.4401516914367676,augmented
PatchCore,MVTec-AD,screw,42,rescue,fog_haze,severe,Dehaze (Dark Channel),0.5,augmented
PatchCore,MVTec-AD,screw,456,baseline,clean,none,none,0.9530642032623292,augmented
PatchCore,MVTec-AD,screw,456,degradation,low_light,mild,none,0.833572506904602,augmented
PatchCore,MVTec-AD,screw,456,rescue,low_light,mild,CLAHE,0.8575527667999268,augmented
PatchCore,MVTec-AD,screw,456,rescue,low_light,mild,Retinex,0.5817790627479553,augmented
PatchCore,MVTec-AD,screw,456,degradation,low_light,moderate,none,0.7780282497406006,augmented
PatchCore,MVTec-AD,screw,456,rescue,low_light,moderate,CLAHE,0.8417708873748779,augmented
PatchCore,MVTec-AD,screw,456,rescue,low_light,moderate,Retinex,0.7108014225959778,augmented
PatchCore,MVTec-AD,screw,456,degradation,low_light,severe,none,0.6585365533828735,augmented
PatchCore,MVTec-AD,screw,456,rescue,low_light,severe,CLAHE,0.7854068875312805,augmented
PatchCore,MVTec-AD,screw,456,rescue,low_light,severe,Retinex,0.7312974333763123,augmented
PatchCore,MVTec-AD,screw,456,degradation,gaussian_blur,mild,none,0.7630662322044373,augmented
PatchCore,MVTec-AD,screw,456,rescue,gaussian_blur,mild,Wiener,0.6222586631774902,augmented
PatchCore,MVTec-AD,screw,456,degradation,gaussian_blur,moderate,none,0.6277925968170166,augmented
PatchCore,MVTec-AD,screw,456,rescue,gaussian_blur,moderate,Wiener,0.5,augmented
PatchCore,MVTec-AD,screw,456,degradation,gaussian_blur,severe,none,0.4964132010936737,augmented
PatchCore,MVTec-AD,screw,456,rescue,gaussian_blur,severe,Wiener,0.5,augmented
PatchCore,MVTec-AD,screw,456,degradation,motion_blur,mild,none,0.7575322985649109,augmented
PatchCore,MVTec-AD,screw,456,rescue,motion_blur,mild,Wiener (Motion PSF),0.5,augmented
PatchCore,MVTec-AD,screw,456,degradation,motion_blur,moderate,none,0.6177495121955872,augmented
PatchCore,MVTec-AD,screw,456,rescue,motion_blur,moderate,Wiener (Motion PSF),0.5,augmented
PatchCore,MVTec-AD,screw,456,degradation,motion_blur,severe,none,0.5111703276634216,augmented
PatchCore,MVTec-AD,screw,456,rescue,motion_blur,severe,Wiener (Motion PSF),0.5,augmented
PatchCore,MVTec-AD,screw,456,degradation,sensor_noise,mild,none,0.7173601388931274,augmented
PatchCore,MVTec-AD,screw,456,rescue,sensor_noise,mild,NLM Denoise,0.6492109298706055,augmented
PatchCore,MVTec-AD,screw,456,degradation,sensor_noise,moderate,none,0.6595613956451416,augmented
PatchCore,MVTec-AD,screw,456,rescue,sensor_noise,moderate,NLM Denoise,0.5081983804702759,augmented
PatchCore,MVTec-AD,screw,456,degradation,sensor_noise,severe,none,0.5718384981155396,augmented
PatchCore,MVTec-AD,screw,456,rescue,sensor_noise,severe,NLM Denoise,0.508095920085907,augmented
PatchCore,MVTec-AD,screw,456,degradation,fog_haze,mild,none,0.6036072969436646,augmented
PatchCore,MVTec-AD,screw,456,rescue,fog_haze,mild,Dehaze (Dark Channel),0.5,augmented
PatchCore,MVTec-AD,screw,456,degradation,fog_haze,moderate,none,0.5133224129676819,augmented
PatchCore,MVTec-AD,screw,456,rescue,fog_haze,moderate,Dehaze (Dark Channel),0.5,augmented
PatchCore,MVTec-AD,screw,456,degradation,fog_haze,severe,none,0.4802213907241821,augmented
PatchCore,MVTec-AD,screw,456,rescue,fog_haze,severe,Dehaze (Dark Channel),0.5,augmented
PatchCore,MVTec-AD,tile,42,baseline,clean,none,none,1.0,augmented
PatchCore,MVTec-AD,tile,42,degradation,low_light,mild,none,0.9992785453796388,augmented
PatchCore,MVTec-AD,tile,42,rescue,low_light,mild,CLAHE,0.9974747896194458,augmented
PatchCore,MVTec-AD,tile,42,rescue,low_light,mild,Retinex,0.9704184532165528,augmented
PatchCore,MVTec-AD,tile,42,degradation,low_light,moderate,none,0.9974746704101562,augmented
PatchCore,MVTec-AD,tile,42,rescue,low_light,moderate,CLAHE,0.9992785453796388,augmented
PatchCore,MVTec-AD,tile,42,rescue,low_light,moderate,Retinex,0.9769120216369628,augmented
PatchCore,MVTec-AD,tile,42,degradation,low_light,severe,none,0.9855700731277466,augmented
PatchCore,MVTec-AD,tile,42,rescue,low_light,severe,CLAHE,0.9902597665786744,augmented
PatchCore,MVTec-AD,tile,42,rescue,low_light,severe,Retinex,0.9989177584648132,augmented
PatchCore,MVTec-AD,tile,42,degradation,gaussian_blur,mild,none,0.9805195331573486,augmented
PatchCore,MVTec-AD,tile,42,rescue,gaussian_blur,mild,Wiener,0.863636314868927,augmented
PatchCore,MVTec-AD,tile,42,degradation,gaussian_blur,moderate,none,0.9285714626312256,augmented
PatchCore,MVTec-AD,tile,42,rescue,gaussian_blur,moderate,Wiener,0.5,augmented
PatchCore,MVTec-AD,tile,42,degradation,gaussian_blur,severe,none,0.9007936716079712,augmented
PatchCore,MVTec-AD,tile,42,rescue,gaussian_blur,severe,Wiener,0.5,augmented
PatchCore,MVTec-AD,tile,42,degradation,motion_blur,mild,none,0.9902597665786744,augmented
PatchCore,MVTec-AD,tile,42,rescue,motion_blur,mild,Wiener (Motion PSF),0.7979798316955566,augmented
PatchCore,MVTec-AD,tile,42,degradation,motion_blur,moderate,none,0.9379509687423706,augmented
PatchCore,MVTec-AD,tile,42,rescue,motion_blur,moderate,Wiener (Motion PSF),0.7213203310966492,augmented
PatchCore,MVTec-AD,tile,42,degradation,motion_blur,severe,none,0.8979076147079468,augmented
PatchCore,MVTec-AD,tile,42,rescue,motion_blur,severe,Wiener (Motion PSF),0.6608946323394775,augmented
PatchCore,MVTec-AD,tile,42,degradation,sensor_noise,mild,none,0.9866522550582886,augmented
PatchCore,MVTec-AD,tile,42,rescue,sensor_noise,mild,NLM Denoise,0.9671717286109924,augmented
PatchCore,MVTec-AD,tile,42,degradation,sensor_noise,moderate,none,0.9523810148239136,augmented
PatchCore,MVTec-AD,tile,42,rescue,sensor_noise,moderate,NLM Denoise,0.9300143718719482,augmented
PatchCore,MVTec-AD,tile,42,degradation,sensor_noise,severe,none,0.8737373948097229,augmented
PatchCore,MVTec-AD,tile,42,rescue,sensor_noise,severe,NLM Denoise,0.880591630935669,augmented
PatchCore,MVTec-AD,tile,42,degradation,fog_haze,mild,none,0.961760401725769,augmented
PatchCore,MVTec-AD,tile,42,rescue,fog_haze,mild,Dehaze (Dark Channel),0.9729437232017516,augmented
PatchCore,MVTec-AD,tile,42,degradation,fog_haze,moderate,none,0.8874459266662598,augmented
PatchCore,MVTec-AD,tile,42,rescue,fog_haze,moderate,Dehaze (Dark Channel),0.9177489280700684,augmented
PatchCore,MVTec-AD,tile,42,degradation,fog_haze,severe,none,0.8326118588447571,augmented
PatchCore,MVTec-AD,tile,42,rescue,fog_haze,severe,Dehaze (Dark Channel),0.7759740352630615,augmented
PatchCore,MVTec-AD,tile,123,baseline,clean,none,none,0.9992785453796388,augmented
PatchCore,MVTec-AD,tile,123,degradation,low_light,mild,none,0.9989177584648132,augmented
PatchCore,MVTec-AD,tile,123,rescue,low_light,mild,CLAHE,0.9978355169296264,augmented
PatchCore,MVTec-AD,tile,123,rescue,low_light,mild,Retinex,0.9729437232017516,augmented
PatchCore,MVTec-AD,tile,123,degradation,low_light,moderate,none,0.9960317611694336,augmented
PatchCore,MVTec-AD,tile,123,rescue,low_light,moderate,CLAHE,0.9989177584648132,augmented
PatchCore,MVTec-AD,tile,123,rescue,low_light,moderate,Retinex,0.9693362712860109,augmented
PatchCore,MVTec-AD,tile,123,degradation,low_light,severe,none,0.984487771987915,augmented
PatchCore,MVTec-AD,tile,123,rescue,low_light,severe,CLAHE,0.9873737692832948,augmented
PatchCore,MVTec-AD,tile,123,rescue,low_light,severe,Retinex,0.9992785453796388,augmented
PatchCore,MVTec-AD,tile,123,degradation,gaussian_blur,mild,none,0.9769120216369628,augmented
PatchCore,MVTec-AD,tile,123,rescue,gaussian_blur,mild,Wiener,0.8654400706291199,augmented
PatchCore,MVTec-AD,tile,123,degradation,gaussian_blur,moderate,none,0.9253246188163756,augmented
PatchCore,MVTec-AD,tile,123,rescue,gaussian_blur,moderate,Wiener,0.5,augmented
PatchCore,MVTec-AD,tile,123,degradation,gaussian_blur,severe,none,0.8935786485671997,augmented
PatchCore,MVTec-AD,tile,123,rescue,gaussian_blur,severe,Wiener,0.5,augmented
PatchCore,MVTec-AD,tile,123,degradation,motion_blur,mild,none,0.9877344965934752,augmented
PatchCore,MVTec-AD,tile,123,rescue,motion_blur,mild,Wiener (Motion PSF),0.8207070827484131,augmented
PatchCore,MVTec-AD,tile,123,degradation,motion_blur,moderate,none,0.9282106757164,augmented
PatchCore,MVTec-AD,tile,123,rescue,motion_blur,moderate,Wiener (Motion PSF),0.726190447807312,augmented
PatchCore,MVTec-AD,tile,123,degradation,motion_blur,severe,none,0.9007936716079712,augmented
PatchCore,MVTec-AD,tile,123,rescue,motion_blur,severe,Wiener (Motion PSF),0.6632394790649414,augmented
PatchCore,MVTec-AD,tile,123,degradation,sensor_noise,mild,none,0.9816017150878906,augmented
PatchCore,MVTec-AD,tile,123,rescue,sensor_noise,mild,NLM Denoise,0.9675323963165284,augmented
PatchCore,MVTec-AD,tile,123,degradation,sensor_noise,moderate,none,0.941197633743286,augmented
PatchCore,MVTec-AD,tile,123,rescue,sensor_noise,moderate,NLM Denoise,0.932539701461792,augmented
PatchCore,MVTec-AD,tile,123,degradation,sensor_noise,severe,none,0.8726551532745361,augmented
PatchCore,MVTec-AD,tile,123,rescue,sensor_noise,severe,NLM Denoise,0.8603895902633667,augmented
PatchCore,MVTec-AD,tile,123,degradation,fog_haze,mild,none,0.9660894870758056,augmented
PatchCore,MVTec-AD,tile,123,rescue,fog_haze,mild,Dehaze (Dark Channel),0.9794372320175172,augmented
PatchCore,MVTec-AD,tile,123,degradation,fog_haze,moderate,none,0.9083694219589232,augmented
PatchCore,MVTec-AD,tile,123,rescue,fog_haze,moderate,Dehaze (Dark Channel),0.8658008575439453,augmented
PatchCore,MVTec-AD,tile,123,degradation,fog_haze,severe,none,0.8026695251464844,augmented
PatchCore,MVTec-AD,tile,123,rescue,fog_haze,severe,Dehaze (Dark Channel),0.8235930800437927,augmented
PatchCore,MVTec-AD,tile,456,baseline,clean,none,none,0.9996392726898192,augmented
PatchCore,MVTec-AD,tile,456,degradation,low_light,mild,none,0.9992785453796388,augmented
PatchCore,MVTec-AD,tile,456,rescue,low_light,mild,CLAHE,0.996392548084259,augmented
PatchCore,MVTec-AD,tile,456,rescue,low_light,mild,Retinex,0.9743866920471193,augmented
PatchCore,MVTec-AD,tile,456,degradation,low_light,moderate,none,0.9971140027046204,augmented
PatchCore,MVTec-AD,tile,456,rescue,low_light,moderate,CLAHE,0.9985570311546326,augmented
PatchCore,MVTec-AD,tile,456,rescue,low_light,moderate,Retinex,0.9743866920471193,augmented
PatchCore,MVTec-AD,tile,456,degradation,low_light,severe,none,0.9819624423980712,augmented
PatchCore,MVTec-AD,tile,456,rescue,low_light,severe,CLAHE,0.9859307408332824,augmented
PatchCore,MVTec-AD,tile,456,rescue,low_light,severe,Retinex,1.0,augmented
PatchCore,MVTec-AD,tile,456,degradation,gaussian_blur,mild,none,0.9797979593276978,augmented
PatchCore,MVTec-AD,tile,456,rescue,gaussian_blur,mild,Wiener,0.8636363744735718,augmented
PatchCore,MVTec-AD,tile,456,degradation,gaussian_blur,moderate,none,0.9310966730117798,augmented
PatchCore,MVTec-AD,tile,456,rescue,gaussian_blur,moderate,Wiener,0.5,augmented
PatchCore,MVTec-AD,tile,456,degradation,gaussian_blur,severe,none,0.901154398918152,augmented
PatchCore,MVTec-AD,tile,456,rescue,gaussian_blur,severe,Wiener,0.5,augmented
PatchCore,MVTec-AD,tile,456,degradation,motion_blur,mild,none,0.9895382523536682,augmented
PatchCore,MVTec-AD,tile,456,rescue,motion_blur,mild,Wiener (Motion PSF),0.817460298538208,augmented
PatchCore,MVTec-AD,tile,456,degradation,motion_blur,moderate,none,0.9383116960525512,augmented
PatchCore,MVTec-AD,tile,456,rescue,motion_blur,moderate,Wiener (Motion PSF),0.7371933460235596,augmented
PatchCore,MVTec-AD,tile,456,degradation,motion_blur,severe,none,0.9018758535385132,augmented
PatchCore,MVTec-AD,tile,456,rescue,motion_blur,severe,Wiener (Motion PSF),0.6500720977783203,augmented
PatchCore,MVTec-AD,tile,456,degradation,sensor_noise,mild,none,0.9873737692832948,augmented
PatchCore,MVTec-AD,tile,456,rescue,sensor_noise,mild,NLM Denoise,0.9704184532165528,augmented
PatchCore,MVTec-AD,tile,456,degradation,sensor_noise,moderate,none,0.9422799348831176,augmented
PatchCore,MVTec-AD,tile,456,rescue,sensor_noise,moderate,NLM Denoise,0.9253246784210204,augmented
PatchCore,MVTec-AD,tile,456,degradation,sensor_noise,severe,none,0.855699896812439,augmented
PatchCore,MVTec-AD,tile,456,rescue,sensor_noise,severe,NLM Denoise,0.8632755875587463,augmented
PatchCore,MVTec-AD,tile,456,degradation,fog_haze,mild,none,0.9646464586257936,augmented
PatchCore,MVTec-AD,tile,456,rescue,fog_haze,mild,Dehaze (Dark Channel),0.9761905074119568,augmented
PatchCore,MVTec-AD,tile,456,degradation,fog_haze,moderate,none,0.941197633743286,augmented
PatchCore,MVTec-AD,tile,456,rescue,fog_haze,moderate,Dehaze (Dark Channel),0.9350649118423462,augmented
PatchCore,MVTec-AD,tile,456,degradation,fog_haze,severe,none,0.8351370692253113,augmented
PatchCore,MVTec-AD,tile,456,rescue,fog_haze,severe,Dehaze (Dark Channel),0.8387445211410522,augmented
PatchCore,MVTec-AD,toothbrush,42,baseline,clean,none,none,0.9083333611488342,augmented
PatchCore,MVTec-AD,toothbrush,42,degradation,low_light,mild,none,0.9944444298744202,augmented
PatchCore,MVTec-AD,toothbrush,42,rescue,low_light,mild,CLAHE,0.9333332777023317,augmented
PatchCore,MVTec-AD,toothbrush,42,rescue,low_light,mild,Retinex,0.7861111164093018,augmented
PatchCore,MVTec-AD,toothbrush,42,degradation,low_light,moderate,none,0.9722222089767456,augmented
PatchCore,MVTec-AD,toothbrush,42,rescue,low_light,moderate,CLAHE,0.8861110210418701,augmented
PatchCore,MVTec-AD,toothbrush,42,rescue,low_light,moderate,Retinex,0.7777777910232544,augmented
PatchCore,MVTec-AD,toothbrush,42,degradation,low_light,severe,none,0.9388889074325562,augmented
PatchCore,MVTec-AD,toothbrush,42,rescue,low_light,severe,CLAHE,0.8805555701255798,augmented
PatchCore,MVTec-AD,toothbrush,42,rescue,low_light,severe,Retinex,0.6611111164093018,augmented
PatchCore,MVTec-AD,toothbrush,42,degradation,gaussian_blur,mild,none,0.8111110925674438,augmented
PatchCore,MVTec-AD,toothbrush,42,rescue,gaussian_blur,mild,Wiener,0.7444444894790649,augmented
PatchCore,MVTec-AD,toothbrush,42,degradation,gaussian_blur,moderate,none,0.7027777433395386,augmented
PatchCore,MVTec-AD,toothbrush,42,rescue,gaussian_blur,moderate,Wiener,0.5,augmented
PatchCore,MVTec-AD,toothbrush,42,degradation,gaussian_blur,severe,none,0.7138888835906982,augmented
PatchCore,MVTec-AD,toothbrush,42,rescue,gaussian_blur,severe,Wiener,0.5,augmented
PatchCore,MVTec-AD,toothbrush,42,degradation,motion_blur,mild,none,0.7972222566604614,augmented
PatchCore,MVTec-AD,toothbrush,42,rescue,motion_blur,mild,Wiener (Motion PSF),0.4666666686534881,augmented
PatchCore,MVTec-AD,toothbrush,42,degradation,motion_blur,moderate,none,0.7555555105209351,augmented
PatchCore,MVTec-AD,toothbrush,42,rescue,motion_blur,moderate,Wiener (Motion PSF),0.5416666269302368,augmented
PatchCore,MVTec-AD,toothbrush,42,degradation,motion_blur,severe,none,0.8416666388511658,augmented
PatchCore,MVTec-AD,toothbrush,42,rescue,motion_blur,severe,Wiener (Motion PSF),0.5,augmented
PatchCore,MVTec-AD,toothbrush,42,degradation,sensor_noise,mild,none,0.9638888835906982,augmented
PatchCore,MVTec-AD,toothbrush,42,rescue,sensor_noise,mild,NLM Denoise,0.9138888716697692,augmented
PatchCore,MVTec-AD,toothbrush,42,degradation,sensor_noise,moderate,none,0.9722222089767456,augmented
PatchCore,MVTec-AD,toothbrush,42,rescue,sensor_noise,moderate,NLM Denoise,0.730555534362793,augmented
PatchCore,MVTec-AD,toothbrush,42,degradation,sensor_noise,severe,none,0.9305555820465088,augmented
PatchCore,MVTec-AD,toothbrush,42,rescue,sensor_noise,severe,NLM Denoise,0.7277777791023254,augmented
PatchCore,MVTec-AD,toothbrush,42,degradation,fog_haze,mild,none,0.6472222208976746,augmented
PatchCore,MVTec-AD,toothbrush,42,rescue,fog_haze,mild,Dehaze (Dark Channel),0.8500000238418579,augmented
PatchCore,MVTec-AD,toothbrush,42,degradation,fog_haze,moderate,none,0.75,augmented
PatchCore,MVTec-AD,toothbrush,42,rescue,fog_haze,moderate,Dehaze (Dark Channel),0.5,augmented
PatchCore,MVTec-AD,toothbrush,42,degradation,fog_haze,severe,none,0.6916666626930237,augmented
PatchCore,MVTec-AD,toothbrush,42,rescue,fog_haze,severe,Dehaze (Dark Channel),0.5,augmented
PatchCore,MVTec-AD,toothbrush,123,baseline,clean,none,none,0.9138888716697692,augmented
PatchCore,MVTec-AD,toothbrush,123,degradation,low_light,mild,none,0.9777777791023254,augmented
PatchCore,MVTec-AD,toothbrush,123,rescue,low_light,mild,CLAHE,0.9388889074325562,augmented
PatchCore,MVTec-AD,toothbrush,123,rescue,low_light,mild,Retinex,0.7833333015441895,augmented
PatchCore,MVTec-AD,toothbrush,123,degradation,low_light,moderate,none,0.9666666388511658,augmented
PatchCore,MVTec-AD,toothbrush,123,rescue,low_light,moderate,CLAHE,0.8888888955116272,augmented
PatchCore,MVTec-AD,toothbrush,123,rescue,low_light,moderate,Retinex,0.7722222208976746,augmented
PatchCore,MVTec-AD,toothbrush,123,degradation,low_light,severe,none,0.9416666626930236,augmented
PatchCore,MVTec-AD,toothbrush,123,rescue,low_light,severe,CLAHE,0.8694444298744202,augmented
PatchCore,MVTec-AD,toothbrush,123,rescue,low_light,severe,Retinex,0.6638889312744141,augmented
PatchCore,MVTec-AD,toothbrush,123,degradation,gaussian_blur,mild,none,0.7972222566604614,augmented
PatchCore,MVTec-AD,toothbrush,123,rescue,gaussian_blur,mild,Wiener,0.7708332538604736,augmented
PatchCore,MVTec-AD,toothbrush,123,degradation,gaussian_blur,moderate,none,0.7222222089767456,augmented
PatchCore,MVTec-AD,toothbrush,123,rescue,gaussian_blur,moderate,Wiener,0.5,augmented
PatchCore,MVTec-AD,toothbrush,123,degradation,gaussian_blur,severe,none,0.6972222328186035,augmented
PatchCore,MVTec-AD,toothbrush,123,rescue,gaussian_blur,severe,Wiener,0.5,augmented
PatchCore,MVTec-AD,toothbrush,123,degradation,motion_blur,mild,none,0.7916666269302368,augmented
PatchCore,MVTec-AD,toothbrush,123,rescue,motion_blur,mild,Wiener (Motion PSF),0.5,augmented
PatchCore,MVTec-AD,toothbrush,123,degradation,motion_blur,moderate,none,0.7388888597488403,augmented
PatchCore,MVTec-AD,toothbrush,123,rescue,motion_blur,moderate,Wiener (Motion PSF),0.5,augmented
PatchCore,MVTec-AD,toothbrush,123,degradation,motion_blur,severe,none,0.8416666388511658,augmented
PatchCore,MVTec-AD,toothbrush,123,rescue,motion_blur,severe,Wiener (Motion PSF),0.5,augmented
PatchCore,MVTec-AD,toothbrush,123,degradation,sensor_noise,mild,none,0.949999988079071,augmented
PatchCore,MVTec-AD,toothbrush,123,rescue,sensor_noise,mild,NLM Denoise,0.9111111164093018,augmented
PatchCore,MVTec-AD,toothbrush,123,degradation,sensor_noise,moderate,none,0.9361111521720886,augmented
PatchCore,MVTec-AD,toothbrush,123,rescue,sensor_noise,moderate,NLM Denoise,0.7333333492279053,augmented
PatchCore,MVTec-AD,toothbrush,123,degradation,sensor_noise,severe,none,0.9027777910232544,augmented
PatchCore,MVTec-AD,toothbrush,123,rescue,sensor_noise,severe,NLM Denoise,0.7249999642372131,augmented
PatchCore,MVTec-AD,toothbrush,123,degradation,fog_haze,mild,none,0.6805556416511536,augmented
PatchCore,MVTec-AD,toothbrush,123,rescue,fog_haze,mild,Dehaze (Dark Channel),0.6749999523162842,augmented
PatchCore,MVTec-AD,toothbrush,123,degradation,fog_haze,moderate,none,0.75,augmented
PatchCore,MVTec-AD,toothbrush,123,rescue,fog_haze,moderate,Dehaze (Dark Channel),0.5416666269302368,augmented
PatchCore,MVTec-AD,toothbrush,123,degradation,fog_haze,severe,none,0.5138888955116272,augmented
PatchCore,MVTec-AD,toothbrush,123,rescue,fog_haze,severe,Dehaze (Dark Channel),0.5,augmented
PatchCore,MVTec-AD,toothbrush,456,baseline,clean,none,none,0.9166666269302368,augmented
PatchCore,MVTec-AD,toothbrush,456,degradation,low_light,mild,none,0.9861111044883728,augmented
PatchCore,MVTec-AD,toothbrush,456,rescue,low_light,mild,CLAHE,0.9388889074325562,augmented
PatchCore,MVTec-AD,toothbrush,456,rescue,low_light,mild,Retinex,0.8027777671813965,augmented
PatchCore,MVTec-AD,toothbrush,456,degradation,low_light,moderate,none,0.9666666984558104,augmented
PatchCore,MVTec-AD,toothbrush,456,rescue,low_light,moderate,CLAHE,0.8999999761581421,augmented
PatchCore,MVTec-AD,toothbrush,456,rescue,low_light,moderate,Retinex,0.7555555701255798,augmented
PatchCore,MVTec-AD,toothbrush,456,degradation,low_light,severe,none,0.9416666030883788,augmented
PatchCore,MVTec-AD,toothbrush,456,rescue,low_light,severe,CLAHE,0.8805555105209351,augmented
PatchCore,MVTec-AD,toothbrush,456,rescue,low_light,severe,Retinex,0.6972222328186035,augmented
PatchCore,MVTec-AD,toothbrush,456,degradation,gaussian_blur,mild,none,0.7944444417953491,augmented
PatchCore,MVTec-AD,toothbrush,456,rescue,gaussian_blur,mild,Wiener,0.7611110806465149,augmented
PatchCore,MVTec-AD,toothbrush,456,degradation,gaussian_blur,moderate,none,0.6972222328186035,augmented
PatchCore,MVTec-AD,toothbrush,456,rescue,gaussian_blur,moderate,Wiener,0.5,augmented
PatchCore,MVTec-AD,toothbrush,456,degradation,gaussian_blur,severe,none,0.6944444179534912,augmented
PatchCore,MVTec-AD,toothbrush,456,rescue,gaussian_blur,severe,Wiener,0.5,augmented
PatchCore,MVTec-AD,toothbrush,456,degradation,motion_blur,mild,none,0.8055555820465088,augmented
PatchCore,MVTec-AD,toothbrush,456,rescue,motion_blur,mild,Wiener (Motion PSF),0.4666666686534881,augmented
PatchCore,MVTec-AD,toothbrush,456,degradation,motion_blur,moderate,none,0.736111044883728,augmented
PatchCore,MVTec-AD,toothbrush,456,rescue,motion_blur,moderate,Wiener (Motion PSF),0.5416666269302368,augmented
PatchCore,MVTec-AD,toothbrush,456,degradation,motion_blur,severe,none,0.8388888835906982,augmented
PatchCore,MVTec-AD,toothbrush,456,rescue,motion_blur,severe,Wiener (Motion PSF),0.5,augmented
PatchCore,MVTec-AD,toothbrush,456,degradation,sensor_noise,mild,none,0.9361110925674438,augmented
PatchCore,MVTec-AD,toothbrush,456,rescue,sensor_noise,mild,NLM Denoise,0.9000000357627869,augmented
PatchCore,MVTec-AD,toothbrush,456,degradation,sensor_noise,moderate,none,0.9166666865348816,augmented
PatchCore,MVTec-AD,toothbrush,456,rescue,sensor_noise,moderate,NLM Denoise,0.7666666507720947,augmented
PatchCore,MVTec-AD,toothbrush,456,degradation,sensor_noise,severe,none,0.913888931274414,augmented
PatchCore,MVTec-AD,toothbrush,456,rescue,sensor_noise,severe,NLM Denoise,0.699999988079071,augmented
PatchCore,MVTec-AD,toothbrush,456,degradation,fog_haze,mild,none,0.7222222089767456,augmented
PatchCore,MVTec-AD,toothbrush,456,rescue,fog_haze,mild,Dehaze (Dark Channel),0.7916666865348816,augmented
PatchCore,MVTec-AD,toothbrush,456,degradation,fog_haze,moderate,none,0.7055555582046509,augmented
PatchCore,MVTec-AD,toothbrush,456,rescue,fog_haze,moderate,Dehaze (Dark Channel),0.5,augmented
PatchCore,MVTec-AD,toothbrush,456,degradation,fog_haze,severe,none,0.8305555582046509,augmented
PatchCore,MVTec-AD,toothbrush,456,rescue,fog_haze,severe,Dehaze (Dark Channel),0.5,augmented
PatchCore,MVTec-AD,transistor,42,baseline,clean,none,none,0.9879166483879088,augmented
PatchCore,MVTec-AD,transistor,42,degradation,low_light,mild,none,0.9637500047683716,augmented
PatchCore,MVTec-AD,transistor,42,rescue,low_light,mild,CLAHE,0.9650000333786012,augmented
PatchCore,MVTec-AD,transistor,42,rescue,low_light,mild,Retinex,0.9266666769981384,augmented
PatchCore,MVTec-AD,transistor,42,degradation,low_light,moderate,none,0.9433333277702332,augmented
PatchCore,MVTec-AD,transistor,42,rescue,low_light,moderate,CLAHE,0.9395833015441896,augmented
PatchCore,MVTec-AD,transistor,42,rescue,low_light,moderate,Retinex,0.8304166793823242,augmented
PatchCore,MVTec-AD,transistor,42,degradation,low_light,severe,none,0.8125,augmented
PatchCore,MVTec-AD,transistor,42,rescue,low_light,severe,CLAHE,0.8316667079925537,augmented
PatchCore,MVTec-AD,transistor,42,rescue,low_light,severe,Retinex,0.596666693687439,augmented
PatchCore,MVTec-AD,transistor,42,degradation,gaussian_blur,mild,none,0.9741666913032532,augmented
PatchCore,MVTec-AD,transistor,42,rescue,gaussian_blur,mild,Wiener,0.9008333086967468,augmented
PatchCore,MVTec-AD,transistor,42,degradation,gaussian_blur,moderate,none,0.9679166674613952,augmented
PatchCore,MVTec-AD,transistor,42,rescue,gaussian_blur,moderate,Wiener,0.4937500059604645,augmented
PatchCore,MVTec-AD,transistor,42,degradation,gaussian_blur,severe,none,0.9270833730697632,augmented
PatchCore,MVTec-AD,transistor,42,rescue,gaussian_blur,severe,Wiener,0.5,augmented
PatchCore,MVTec-AD,transistor,42,degradation,motion_blur,mild,none,0.9537500143051147,augmented
PatchCore,MVTec-AD,transistor,42,rescue,motion_blur,mild,Wiener (Motion PSF),0.5945833325386047,augmented
PatchCore,MVTec-AD,transistor,42,degradation,motion_blur,moderate,none,0.9079166650772096,augmented
PatchCore,MVTec-AD,transistor,42,rescue,motion_blur,moderate,Wiener (Motion PSF),0.4587499797344208,augmented
PatchCore,MVTec-AD,transistor,42,degradation,motion_blur,severe,none,0.846666693687439,augmented
PatchCore,MVTec-AD,transistor,42,rescue,motion_blur,severe,Wiener (Motion PSF),0.4339583218097687,augmented
PatchCore,MVTec-AD,transistor,42,degradation,sensor_noise,mild,none,0.930000066757202,augmented
PatchCore,MVTec-AD,transistor,42,rescue,sensor_noise,mild,NLM Denoise,0.9262500405311584,augmented
PatchCore,MVTec-AD,transistor,42,degradation,sensor_noise,moderate,none,0.8958332538604736,augmented
PatchCore,MVTec-AD,transistor,42,rescue,sensor_noise,moderate,NLM Denoise,0.9729166626930236,augmented
PatchCore,MVTec-AD,transistor,42,degradation,sensor_noise,severe,none,0.847083330154419,augmented
PatchCore,MVTec-AD,transistor,42,rescue,sensor_noise,severe,NLM Denoise,0.9541667103767396,augmented
PatchCore,MVTec-AD,transistor,42,degradation,fog_haze,mild,none,0.8604166507720947,augmented
PatchCore,MVTec-AD,transistor,42,rescue,fog_haze,mild,Dehaze (Dark Channel),0.8945833444595337,augmented
PatchCore,MVTec-AD,transistor,42,degradation,fog_haze,moderate,none,0.8054166436195374,augmented
PatchCore,MVTec-AD,transistor,42,rescue,fog_haze,moderate,Dehaze (Dark Channel),0.7241666316986084,augmented
PatchCore,MVTec-AD,transistor,42,degradation,fog_haze,severe,none,0.8025000095367432,augmented
PatchCore,MVTec-AD,transistor,42,rescue,fog_haze,severe,Dehaze (Dark Channel),0.5741666555404663,augmented
PatchCore,MVTec-AD,transistor,123,baseline,clean,none,none,0.9912500381469728,augmented
PatchCore,MVTec-AD,transistor,123,degradation,low_light,mild,none,0.961250066757202,augmented
PatchCore,MVTec-AD,transistor,123,rescue,low_light,mild,CLAHE,0.9666666984558104,augmented
PatchCore,MVTec-AD,transistor,123,rescue,low_light,mild,Retinex,0.9333333373069764,augmented
PatchCore,MVTec-AD,transistor,123,degradation,low_light,moderate,none,0.9358333349227904,augmented
PatchCore,MVTec-AD,transistor,123,rescue,low_light,moderate,CLAHE,0.9354166984558104,augmented
PatchCore,MVTec-AD,transistor,123,rescue,low_light,moderate,Retinex,0.8308333158493042,augmented
PatchCore,MVTec-AD,transistor,123,degradation,low_light,severe,none,0.84375,augmented
PatchCore,MVTec-AD,transistor,123,rescue,low_light,severe,CLAHE,0.8725000619888306,augmented
PatchCore,MVTec-AD,transistor,123,rescue,low_light,severe,Retinex,0.4983333349227905,augmented
PatchCore,MVTec-AD,transistor,123,degradation,gaussian_blur,mild,none,0.9800000190734864,augmented
PatchCore,MVTec-AD,transistor,123,rescue,gaussian_blur,mild,Wiener,0.9045833349227904,augmented
PatchCore,MVTec-AD,transistor,123,degradation,gaussian_blur,moderate,none,0.9762500524520874,augmented
PatchCore,MVTec-AD,transistor,123,rescue,gaussian_blur,moderate,Wiener,0.5,augmented
PatchCore,MVTec-AD,transistor,123,degradation,gaussian_blur,severe,none,0.9166666865348816,augmented
PatchCore,MVTec-AD,transistor,123,rescue,gaussian_blur,severe,Wiener,0.5,augmented
PatchCore,MVTec-AD,transistor,123,degradation,motion_blur,mild,none,0.9541666507720948,augmented
PatchCore,MVTec-AD,transistor,123,rescue,motion_blur,mild,Wiener (Motion PSF),0.5972917079925537,augmented
PatchCore,MVTec-AD,transistor,123,degradation,motion_blur,moderate,none,0.8883333206176758,augmented
PatchCore,MVTec-AD,transistor,123,rescue,motion_blur,moderate,Wiener (Motion PSF),0.4166666567325592,augmented
PatchCore,MVTec-AD,transistor,123,degradation,motion_blur,severe,none,0.8174999952316284,augmented
PatchCore,MVTec-AD,transistor,123,rescue,motion_blur,severe,Wiener (Motion PSF),0.4574999809265136,augmented
PatchCore,MVTec-AD,transistor,123,degradation,sensor_noise,mild,none,0.9262499809265136,augmented
PatchCore,MVTec-AD,transistor,123,rescue,sensor_noise,mild,NLM Denoise,0.9137500524520874,augmented
PatchCore,MVTec-AD,transistor,123,degradation,sensor_noise,moderate,none,0.8974999785423279,augmented
PatchCore,MVTec-AD,transistor,123,rescue,sensor_noise,moderate,NLM Denoise,0.975416660308838,augmented
PatchCore,MVTec-AD,transistor,123,degradation,sensor_noise,severe,none,0.8545833230018616,augmented
PatchCore,MVTec-AD,transistor,123,rescue,sensor_noise,severe,NLM Denoise,0.9574999809265136,augmented
PatchCore,MVTec-AD,transistor,123,degradation,fog_haze,mild,none,0.84458327293396,augmented
PatchCore,MVTec-AD,transistor,123,rescue,fog_haze,mild,Dehaze (Dark Channel),0.8545833230018616,augmented
PatchCore,MVTec-AD,transistor,123,degradation,fog_haze,moderate,none,0.7999999523162842,augmented
PatchCore,MVTec-AD,transistor,123,rescue,fog_haze,moderate,Dehaze (Dark Channel),0.7308332920074463,augmented
PatchCore,MVTec-AD,transistor,123,degradation,fog_haze,severe,none,0.7862499952316284,augmented
PatchCore,MVTec-AD,transistor,123,rescue,fog_haze,severe,Dehaze (Dark Channel),0.6116666793823242,augmented
PatchCore,MVTec-AD,transistor,456,baseline,clean,none,none,0.9891667366027832,augmented
PatchCore,MVTec-AD,transistor,456,degradation,low_light,mild,none,0.9629167318344116,augmented
PatchCore,MVTec-AD,transistor,456,rescue,low_light,mild,CLAHE,0.9491666555404664,augmented
PatchCore,MVTec-AD,transistor,456,rescue,low_light,mild,Retinex,0.9287500381469728,augmented
PatchCore,MVTec-AD,transistor,456,degradation,low_light,moderate,none,0.9254167079925536,augmented
PatchCore,MVTec-AD,transistor,456,rescue,low_light,moderate,CLAHE,0.9254167079925536,augmented
PatchCore,MVTec-AD,transistor,456,rescue,low_light,moderate,Retinex,0.8220833539962769,augmented
PatchCore,MVTec-AD,transistor,456,degradation,low_light,severe,none,0.8137500286102295,augmented
PatchCore,MVTec-AD,transistor,456,rescue,low_light,severe,CLAHE,0.8424999713897705,augmented
PatchCore,MVTec-AD,transistor,456,rescue,low_light,severe,Retinex,0.5464583039283752,augmented
PatchCore,MVTec-AD,transistor,456,degradation,gaussian_blur,mild,none,0.9837499856948853,augmented
PatchCore,MVTec-AD,transistor,456,rescue,gaussian_blur,mild,Wiener,0.8991665840148926,augmented
PatchCore,MVTec-AD,transistor,456,degradation,gaussian_blur,moderate,none,0.9637500047683716,augmented
PatchCore,MVTec-AD,transistor,456,rescue,gaussian_blur,moderate,Wiener,0.4941666722297668,augmented
PatchCore,MVTec-AD,transistor,456,degradation,gaussian_blur,severe,none,0.9191666841506958,augmented
PatchCore,MVTec-AD,transistor,456,rescue,gaussian_blur,severe,Wiener,0.5,augmented
PatchCore,MVTec-AD,transistor,456,degradation,motion_blur,mild,none,0.9450000524520874,augmented
PatchCore,MVTec-AD,transistor,456,rescue,motion_blur,mild,Wiener (Motion PSF),0.5902082920074463,augmented
PatchCore,MVTec-AD,transistor,456,degradation,motion_blur,moderate,none,0.8954166769981384,augmented
PatchCore,MVTec-AD,transistor,456,rescue,motion_blur,moderate,Wiener (Motion PSF),0.4537499845027923,augmented
PatchCore,MVTec-AD,transistor,456,degradation,motion_blur,severe,none,0.8333333134651184,augmented
PatchCore,MVTec-AD,transistor,456,rescue,motion_blur,severe,Wiener (Motion PSF),0.4241666793823242,augmented
PatchCore,MVTec-AD,transistor,456,degradation,sensor_noise,mild,none,0.9325000047683716,augmented
PatchCore,MVTec-AD,transistor,456,rescue,sensor_noise,mild,NLM Denoise,0.927916705608368,augmented
PatchCore,MVTec-AD,transistor,456,degradation,sensor_noise,moderate,none,0.9158333539962769,augmented
PatchCore,MVTec-AD,transistor,456,rescue,sensor_noise,moderate,NLM Denoise,0.9791666865348816,augmented
PatchCore,MVTec-AD,transistor,456,degradation,sensor_noise,severe,none,0.8604166507720947,augmented
PatchCore,MVTec-AD,transistor,456,rescue,sensor_noise,severe,NLM Denoise,0.9479166269302368,augmented
PatchCore,MVTec-AD,transistor,456,degradation,fog_haze,mild,none,0.8841666579246521,augmented
PatchCore,MVTec-AD,transistor,456,rescue,fog_haze,mild,Dehaze (Dark Channel),0.8666666746139526,augmented
PatchCore,MVTec-AD,transistor,456,degradation,fog_haze,moderate,none,0.8037499785423279,augmented
PatchCore,MVTec-AD,transistor,456,rescue,fog_haze,moderate,Dehaze (Dark Channel),0.67166668176651,augmented
PatchCore,MVTec-AD,transistor,456,degradation,fog_haze,severe,none,0.7137500047683716,augmented
PatchCore,MVTec-AD,transistor,456,rescue,fog_haze,severe,Dehaze (Dark Channel),0.6079167127609253,augmented
PatchCore,MVTec-AD,wood,42,baseline,clean,none,none,0.9859648942947388,augmented
PatchCore,MVTec-AD,wood,42,degradation,low_light,mild,none,0.9850876927375792,augmented
PatchCore,MVTec-AD,wood,42,rescue,low_light,mild,CLAHE,0.9745614528656006,augmented
PatchCore,MVTec-AD,wood,42,rescue,low_light,mild,Retinex,0.9833332300186156,augmented
PatchCore,MVTec-AD,wood,42,degradation,low_light,moderate,none,0.9719298481941224,augmented
PatchCore,MVTec-AD,wood,42,rescue,low_light,moderate,CLAHE,0.936842143535614,augmented
PatchCore,MVTec-AD,wood,42,rescue,low_light,moderate,Retinex,0.98421049118042,augmented
PatchCore,MVTec-AD,wood,42,degradation,low_light,severe,none,0.9403508901596068,augmented
PatchCore,MVTec-AD,wood,42,rescue,low_light,severe,CLAHE,0.9412281513214112,augmented
PatchCore,MVTec-AD,wood,42,rescue,low_light,severe,Retinex,0.9824562072753906,augmented
PatchCore,MVTec-AD,wood,42,degradation,gaussian_blur,mild,none,0.969298243522644,augmented
PatchCore,MVTec-AD,wood,42,rescue,gaussian_blur,mild,Wiener,0.9763157963752748,augmented
PatchCore,MVTec-AD,wood,42,degradation,gaussian_blur,moderate,none,0.9026315808296204,augmented
PatchCore,MVTec-AD,wood,42,rescue,gaussian_blur,moderate,Wiener,0.6114035248756409,augmented
PatchCore,MVTec-AD,wood,42,degradation,gaussian_blur,severe,none,0.8464912176132202,augmented
PatchCore,MVTec-AD,wood,42,rescue,gaussian_blur,severe,Wiener,0.5,augmented
PatchCore,MVTec-AD,wood,42,degradation,motion_blur,mild,none,0.9842105507850648,augmented
PatchCore,MVTec-AD,wood,42,rescue,motion_blur,mild,Wiener (Motion PSF),0.9736841917037964,augmented
PatchCore,MVTec-AD,wood,42,degradation,motion_blur,moderate,none,0.9710526466369628,augmented
PatchCore,MVTec-AD,wood,42,rescue,motion_blur,moderate,Wiener (Motion PSF),0.9192982316017152,augmented
PatchCore,MVTec-AD,wood,42,degradation,motion_blur,severe,none,0.9552631974220276,augmented
PatchCore,MVTec-AD,wood,42,rescue,motion_blur,severe,Wiener (Motion PSF),0.909649133682251,augmented
PatchCore,MVTec-AD,wood,42,degradation,sensor_noise,mild,none,0.961403489112854,augmented
PatchCore,MVTec-AD,wood,42,rescue,sensor_noise,mild,NLM Denoise,0.9333332777023317,augmented
PatchCore,MVTec-AD,wood,42,degradation,sensor_noise,moderate,none,0.9096490740776062,augmented
PatchCore,MVTec-AD,wood,42,rescue,sensor_noise,moderate,NLM Denoise,0.8447368144989014,augmented
PatchCore,MVTec-AD,wood,42,degradation,sensor_noise,severe,none,0.9043859839439392,augmented
PatchCore,MVTec-AD,wood,42,rescue,sensor_noise,severe,NLM Denoise,0.7508772015571594,augmented
PatchCore,MVTec-AD,wood,42,degradation,fog_haze,mild,none,0.9491227865219116,augmented
PatchCore,MVTec-AD,wood,42,rescue,fog_haze,mild,Dehaze (Dark Channel),0.9438596963882446,augmented
PatchCore,MVTec-AD,wood,42,degradation,fog_haze,moderate,none,0.9342105388641356,augmented
PatchCore,MVTec-AD,wood,42,rescue,fog_haze,moderate,Dehaze (Dark Channel),0.8307017087936401,augmented
PatchCore,MVTec-AD,wood,42,degradation,fog_haze,severe,none,0.7368420958518982,augmented
PatchCore,MVTec-AD,wood,42,rescue,fog_haze,severe,Dehaze (Dark Channel),0.7824561595916748,augmented
PatchCore,MVTec-AD,wood,123,baseline,clean,none,none,0.9885965585708618,augmented
PatchCore,MVTec-AD,wood,123,degradation,low_light,mild,none,0.9842105507850648,augmented
PatchCore,MVTec-AD,wood,123,rescue,low_light,mild,CLAHE,0.9745613932609558,augmented
PatchCore,MVTec-AD,wood,123,rescue,low_light,mild,Retinex,0.9850876927375792,augmented
PatchCore,MVTec-AD,wood,123,degradation,low_light,moderate,none,0.9719297885894777,augmented
PatchCore,MVTec-AD,wood,123,rescue,low_light,moderate,CLAHE,0.9377192854881288,augmented
PatchCore,MVTec-AD,wood,123,rescue,low_light,moderate,Retinex,0.9868420362472534,augmented
PatchCore,MVTec-AD,wood,123,degradation,low_light,severe,none,0.942105233669281,augmented
PatchCore,MVTec-AD,wood,123,rescue,low_light,severe,CLAHE,0.9412280917167664,augmented
PatchCore,MVTec-AD,wood,123,rescue,low_light,severe,Retinex,0.9815789461135864,augmented
PatchCore,MVTec-AD,wood,123,degradation,gaussian_blur,mild,none,0.9675438404083252,augmented
PatchCore,MVTec-AD,wood,123,rescue,gaussian_blur,mild,Wiener,0.9763158559799194,augmented
PatchCore,MVTec-AD,wood,123,degradation,gaussian_blur,moderate,none,0.9043859839439392,augmented
PatchCore,MVTec-AD,wood,123,rescue,gaussian_blur,moderate,Wiener,0.5780701637268066,augmented
PatchCore,MVTec-AD,wood,123,degradation,gaussian_blur,severe,none,0.8499999046325684,augmented
PatchCore,MVTec-AD,wood,123,rescue,gaussian_blur,severe,Wiener,0.5,augmented
PatchCore,MVTec-AD,wood,123,degradation,motion_blur,mild,none,0.9842105507850648,augmented
PatchCore,MVTec-AD,wood,123,rescue,motion_blur,mild,Wiener (Motion PSF),0.97631573677063,augmented
PatchCore,MVTec-AD,wood,123,degradation,motion_blur,moderate,none,0.972806990146637,augmented
PatchCore,MVTec-AD,wood,123,rescue,motion_blur,moderate,Wiener (Motion PSF),0.9236842393875122,augmented
PatchCore,MVTec-AD,wood,123,degradation,motion_blur,severe,none,0.9605263471603394,augmented
PatchCore,MVTec-AD,wood,123,rescue,motion_blur,severe,Wiener (Motion PSF),0.9166666865348816,augmented
PatchCore,MVTec-AD,wood,123,degradation,sensor_noise,mild,none,0.9622807502746582,augmented
PatchCore,MVTec-AD,wood,123,rescue,sensor_noise,mild,NLM Denoise,0.9315789341926576,augmented
PatchCore,MVTec-AD,wood,123,degradation,sensor_noise,moderate,none,0.9201754331588744,augmented
PatchCore,MVTec-AD,wood,123,rescue,sensor_noise,moderate,NLM Denoise,0.8368421196937561,augmented
PatchCore,MVTec-AD,wood,123,degradation,sensor_noise,severe,none,0.9035087823867798,augmented
PatchCore,MVTec-AD,wood,123,rescue,sensor_noise,severe,NLM Denoise,0.7649122476577759,augmented
PatchCore,MVTec-AD,wood,123,degradation,fog_haze,mild,none,0.9403508901596068,augmented
PatchCore,MVTec-AD,wood,123,rescue,fog_haze,mild,Dehaze (Dark Channel),0.9473684430122375,augmented
PatchCore,MVTec-AD,wood,123,degradation,fog_haze,moderate,none,0.871052622795105,augmented
PatchCore,MVTec-AD,wood,123,rescue,fog_haze,moderate,Dehaze (Dark Channel),0.8228070139884949,augmented
PatchCore,MVTec-AD,wood,123,degradation,fog_haze,severe,none,0.7605262994766235,augmented
PatchCore,MVTec-AD,wood,123,rescue,fog_haze,severe,Dehaze (Dark Channel),0.7140350937843323,augmented
PatchCore,MVTec-AD,wood,456,baseline,clean,none,none,0.9868420362472534,augmented
PatchCore,MVTec-AD,wood,456,degradation,low_light,mild,none,0.98421049118042,augmented
PatchCore,MVTec-AD,wood,456,rescue,low_light,mild,CLAHE,0.9736841917037964,augmented
PatchCore,MVTec-AD,wood,456,rescue,low_light,mild,Retinex,0.9833333492279052,augmented
PatchCore,MVTec-AD,wood,456,degradation,low_light,moderate,none,0.9719297885894777,augmented
PatchCore,MVTec-AD,wood,456,rescue,low_light,moderate,CLAHE,0.9342105388641356,augmented
PatchCore,MVTec-AD,wood,456,rescue,low_light,moderate,Retinex,0.9824561476707458,augmented
PatchCore,MVTec-AD,wood,456,degradation,low_light,severe,none,0.9394736289978028,augmented
PatchCore,MVTec-AD,wood,456,rescue,low_light,severe,CLAHE,0.9412280321121216,augmented
PatchCore,MVTec-AD,wood,456,rescue,low_light,severe,Retinex,0.9824561476707458,augmented
PatchCore,MVTec-AD,wood,456,degradation,gaussian_blur,mild,none,0.9684210419654846,augmented
PatchCore,MVTec-AD,wood,456,rescue,gaussian_blur,mild,Wiener,0.9789474010467528,augmented
PatchCore,MVTec-AD,wood,456,degradation,gaussian_blur,moderate,none,0.9026315212249756,augmented
PatchCore,MVTec-AD,wood,456,rescue,gaussian_blur,moderate,Wiener,0.5482456088066101,augmented
PatchCore,MVTec-AD,wood,456,degradation,gaussian_blur,severe,none,0.8499999642372131,augmented
PatchCore,MVTec-AD,wood,456,rescue,gaussian_blur,severe,Wiener,0.5,augmented
PatchCore,MVTec-AD,wood,456,degradation,motion_blur,mild,none,0.9859648942947388,augmented
PatchCore,MVTec-AD,wood,456,rescue,motion_blur,mild,Wiener (Motion PSF),0.9736841917037964,augmented
PatchCore,MVTec-AD,wood,456,degradation,motion_blur,moderate,none,0.977192997932434,augmented
PatchCore,MVTec-AD,wood,456,rescue,motion_blur,moderate,Wiener (Motion PSF),0.9184210300445556,augmented
PatchCore,MVTec-AD,wood,456,degradation,motion_blur,severe,none,0.9596490859985352,augmented
PatchCore,MVTec-AD,wood,456,rescue,motion_blur,severe,Wiener (Motion PSF),0.9157894849777222,augmented
PatchCore,MVTec-AD,wood,456,degradation,sensor_noise,mild,none,0.9622806906700134,augmented
PatchCore,MVTec-AD,wood,456,rescue,sensor_noise,mild,NLM Denoise,0.9368420839309692,augmented
PatchCore,MVTec-AD,wood,456,degradation,sensor_noise,moderate,none,0.9070175290107728,augmented
PatchCore,MVTec-AD,wood,456,rescue,sensor_noise,moderate,NLM Denoise,0.8429824113845825,augmented
PatchCore,MVTec-AD,wood,456,degradation,sensor_noise,severe,none,0.8999999761581421,augmented
PatchCore,MVTec-AD,wood,456,rescue,sensor_noise,severe,NLM Denoise,0.7561403512954712,augmented
PatchCore,MVTec-AD,wood,456,degradation,fog_haze,mild,none,0.9324561357498168,augmented
PatchCore,MVTec-AD,wood,456,rescue,fog_haze,mild,Dehaze (Dark Channel),0.9649122953414916,augmented
PatchCore,MVTec-AD,wood,456,degradation,fog_haze,moderate,none,0.8535087704658508,augmented
PatchCore,MVTec-AD,wood,456,rescue,fog_haze,moderate,Dehaze (Dark Channel),0.8061403632164001,augmented
PatchCore,MVTec-AD,wood,456,degradation,fog_haze,severe,none,0.8447368144989014,augmented
PatchCore,MVTec-AD,wood,456,rescue,fog_haze,severe,Dehaze (Dark Channel),0.7394737005233765,augmented
PatchCore,MVTec-AD,zipper,42,baseline,clean,none,none,0.9684873819351196,augmented
PatchCore,MVTec-AD,zipper,42,degradation,low_light,mild,none,0.9789915680885316,augmented
PatchCore,MVTec-AD,zipper,42,rescue,low_light,mild,CLAHE,0.9671744108200072,augmented
PatchCore,MVTec-AD,zipper,42,rescue,low_light,mild,Retinex,0.7623424530029297,augmented
PatchCore,MVTec-AD,zipper,42,degradation,low_light,moderate,none,0.9461659789085388,augmented
PatchCore,MVTec-AD,zipper,42,rescue,low_light,moderate,CLAHE,0.944327712059021,augmented
PatchCore,MVTec-AD,zipper,42,rescue,low_light,moderate,Retinex,0.7914916276931763,augmented
PatchCore,MVTec-AD,zipper,42,degradation,low_light,severe,none,0.8876050710678101,augmented
PatchCore,MVTec-AD,zipper,42,rescue,low_light,severe,CLAHE,0.9217436909675598,augmented
PatchCore,MVTec-AD,zipper,42,rescue,low_light,severe,Retinex,0.7282037734985352,augmented
PatchCore,MVTec-AD,zipper,42,degradation,gaussian_blur,mild,none,0.9527310729026794,augmented
PatchCore,MVTec-AD,zipper,42,rescue,gaussian_blur,mild,Wiener,0.9167542457580566,augmented
PatchCore,MVTec-AD,zipper,42,degradation,gaussian_blur,moderate,none,0.990020990371704,augmented
PatchCore,MVTec-AD,zipper,42,rescue,gaussian_blur,moderate,Wiener,0.5031512379646301,augmented
PatchCore,MVTec-AD,zipper,42,degradation,gaussian_blur,severe,none,0.9732142686843872,augmented
PatchCore,MVTec-AD,zipper,42,rescue,gaussian_blur,severe,Wiener,0.5,augmented
PatchCore,MVTec-AD,zipper,42,degradation,motion_blur,mild,none,0.9280462265014648,augmented
PatchCore,MVTec-AD,zipper,42,rescue,motion_blur,mild,Wiener (Motion PSF),0.7914916276931763,augmented
PatchCore,MVTec-AD,zipper,42,degradation,motion_blur,moderate,none,0.9319852590560912,augmented
PatchCore,MVTec-AD,zipper,42,rescue,motion_blur,moderate,Wiener (Motion PSF),0.8744747638702393,augmented
PatchCore,MVTec-AD,zipper,42,degradation,motion_blur,severe,none,0.9353991150856018,augmented
PatchCore,MVTec-AD,zipper,42,rescue,motion_blur,severe,Wiener (Motion PSF),0.8279937505722046,augmented
PatchCore,MVTec-AD,zipper,42,degradation,sensor_noise,mild,none,0.8912814855575562,augmented
PatchCore,MVTec-AD,zipper,42,rescue,sensor_noise,mild,NLM Denoise,0.8542542457580566,augmented
PatchCore,MVTec-AD,zipper,42,degradation,sensor_noise,moderate,none,0.84375,augmented
PatchCore,MVTec-AD,zipper,42,rescue,sensor_noise,moderate,NLM Denoise,0.8264180421829224,augmented
PatchCore,MVTec-AD,zipper,42,degradation,sensor_noise,severe,none,0.819327712059021,augmented
PatchCore,MVTec-AD,zipper,42,rescue,sensor_noise,severe,NLM Denoise,0.8405987620353699,augmented
PatchCore,MVTec-AD,zipper,42,degradation,fog_haze,mild,none,0.8064600825309753,augmented
PatchCore,MVTec-AD,zipper,42,rescue,fog_haze,mild,Dehaze (Dark Channel),0.7715336084365845,augmented
PatchCore,MVTec-AD,zipper,42,degradation,fog_haze,moderate,none,0.803834080696106,augmented
PatchCore,MVTec-AD,zipper,42,rescue,fog_haze,moderate,Dehaze (Dark Channel),0.6509978771209717,augmented
PatchCore,MVTec-AD,zipper,42,degradation,fog_haze,severe,none,0.6685924530029297,augmented
PatchCore,MVTec-AD,zipper,42,rescue,fog_haze,severe,Dehaze (Dark Channel),0.5403099060058594,augmented
PatchCore,MVTec-AD,zipper,123,baseline,clean,none,none,0.9705882668495178,augmented
PatchCore,MVTec-AD,zipper,123,degradation,low_light,mild,none,0.9789916276931764,augmented
PatchCore,MVTec-AD,zipper,123,rescue,low_light,mild,CLAHE,0.9695378541946412,augmented
PatchCore,MVTec-AD,zipper,123,rescue,low_light,mild,Retinex,0.7723214626312256,augmented
PatchCore,MVTec-AD,zipper,123,degradation,low_light,moderate,none,0.9445903301239014,augmented
PatchCore,MVTec-AD,zipper,123,rescue,low_light,moderate,CLAHE,0.9459033608436584,augmented
PatchCore,MVTec-AD,zipper,123,rescue,low_light,moderate,Retinex,0.7788865566253662,augmented
PatchCore,MVTec-AD,zipper,123,degradation,low_light,severe,none,0.8855042457580566,augmented
PatchCore,MVTec-AD,zipper,123,rescue,low_light,severe,CLAHE,0.9204306602478028,augmented
PatchCore,MVTec-AD,zipper,123,rescue,low_light,severe,Retinex,0.7116596698760986,augmented
PatchCore,MVTec-AD,zipper,123,degradation,gaussian_blur,mild,none,0.948792040348053,augmented
PatchCore,MVTec-AD,zipper,123,rescue,gaussian_blur,mild,Wiener,0.9094012975692748,augmented
PatchCore,MVTec-AD,zipper,123,degradation,gaussian_blur,moderate,none,0.9881827235221864,augmented
PatchCore,MVTec-AD,zipper,123,rescue,gaussian_blur,moderate,Wiener,0.4957983195781708,augmented
PatchCore,MVTec-AD,zipper,123,degradation,gaussian_blur,severe,none,0.975577712059021,augmented
PatchCore,MVTec-AD,zipper,123,rescue,gaussian_blur,severe,Wiener,0.5,augmented
PatchCore,MVTec-AD,zipper,123,degradation,motion_blur,mild,none,0.925682783126831,augmented
PatchCore,MVTec-AD,zipper,123,rescue,motion_blur,mild,Wiener (Motion PSF),0.7917541861534119,augmented
PatchCore,MVTec-AD,zipper,123,degradation,motion_blur,moderate,none,0.9285714626312256,augmented
PatchCore,MVTec-AD,zipper,123,rescue,motion_blur,moderate,Wiener (Motion PSF),0.8752626180648804,augmented
PatchCore,MVTec-AD,zipper,123,degradation,motion_blur,severe,none,0.9309349060058594,augmented
PatchCore,MVTec-AD,zipper,123,rescue,motion_blur,severe,Wiener (Motion PSF),0.8279936909675598,augmented
PatchCore,MVTec-AD,zipper,123,degradation,sensor_noise,mild,none,0.9041491746902466,augmented
PatchCore,MVTec-AD,zipper,123,rescue,sensor_noise,mild,NLM Denoise,0.8721113801002502,augmented
PatchCore,MVTec-AD,zipper,123,degradation,sensor_noise,moderate,none,0.8495272994041443,augmented
PatchCore,MVTec-AD,zipper,123,rescue,sensor_noise,moderate,NLM Denoise,0.8390231132507324,augmented
PatchCore,MVTec-AD,zipper,123,degradation,sensor_noise,severe,none,0.8248423933982849,augmented
PatchCore,MVTec-AD,zipper,123,rescue,sensor_noise,severe,NLM Denoise,0.8311449289321899,augmented
PatchCore,MVTec-AD,zipper,123,degradation,fog_haze,mild,none,0.7683823704719543,augmented
PatchCore,MVTec-AD,zipper,123,rescue,fog_haze,mild,Dehaze (Dark Channel),0.793067216873169,augmented
PatchCore,MVTec-AD,zipper,123,degradation,fog_haze,moderate,none,0.7704832553863525,augmented
PatchCore,MVTec-AD,zipper,123,rescue,fog_haze,moderate,Dehaze (Dark Channel),0.6559873819351196,augmented
PatchCore,MVTec-AD,zipper,123,degradation,fog_haze,severe,none,0.689338207244873,augmented
PatchCore,MVTec-AD,zipper,123,rescue,fog_haze,severe,Dehaze (Dark Channel),0.6588760614395142,augmented
PatchCore,MVTec-AD,zipper,456,baseline,clean,none,none,0.970588207244873,augmented
PatchCore,MVTec-AD,zipper,456,degradation,low_light,mild,none,0.98135507106781,augmented
PatchCore,MVTec-AD,zipper,456,rescue,low_light,mild,CLAHE,0.9648109674453736,augmented
PatchCore,MVTec-AD,zipper,456,rescue,low_light,mild,Retinex,0.7647058963775635,augmented
PatchCore,MVTec-AD,zipper,456,degradation,low_light,moderate,none,0.9508929252624512,augmented
PatchCore,MVTec-AD,zipper,456,rescue,low_light,moderate,CLAHE,0.9448529481887816,augmented
PatchCore,MVTec-AD,zipper,456,rescue,low_light,moderate,Retinex,0.7699580192565918,augmented
PatchCore,MVTec-AD,zipper,456,degradation,low_light,severe,none,0.8781512975692749,augmented
PatchCore,MVTec-AD,zipper,456,rescue,low_light,severe,CLAHE,0.9227941036224364,augmented
PatchCore,MVTec-AD,zipper,456,rescue,low_light,severe,Retinex,0.7155987620353699,augmented
PatchCore,MVTec-AD,zipper,456,degradation,gaussian_blur,mild,none,0.9487919807434082,augmented
PatchCore,MVTec-AD,zipper,456,rescue,gaussian_blur,mild,Wiener,0.9020483493804932,augmented
PatchCore,MVTec-AD,zipper,456,degradation,gaussian_blur,moderate,none,0.9889706373214722,augmented
PatchCore,MVTec-AD,zipper,456,rescue,gaussian_blur,moderate,Wiener,0.4957983195781708,augmented
PatchCore,MVTec-AD,zipper,456,degradation,gaussian_blur,severe,none,0.9734768867492676,augmented
PatchCore,MVTec-AD,zipper,456,rescue,gaussian_blur,severe,Wiener,0.5,augmented
PatchCore,MVTec-AD,zipper,456,degradation,motion_blur,mild,none,0.9204306602478028,augmented
PatchCore,MVTec-AD,zipper,456,rescue,motion_blur,mild,Wiener (Motion PSF),0.7922793626785278,augmented
PatchCore,MVTec-AD,zipper,456,degradation,motion_blur,moderate,none,0.927520990371704,augmented
PatchCore,MVTec-AD,zipper,456,rescue,motion_blur,moderate,Wiener (Motion PSF),0.8771008253097534,augmented
PatchCore,MVTec-AD,zipper,456,degradation,motion_blur,severe,none,0.9304096698760986,augmented
PatchCore,MVTec-AD,zipper,456,rescue,motion_blur,severe,Wiener (Motion PSF),0.8219537734985352,augmented
PatchCore,MVTec-AD,zipper,456,degradation,sensor_noise,mild,none,0.8897058963775635,augmented
PatchCore,MVTec-AD,zipper,456,rescue,sensor_noise,mild,NLM Denoise,0.8610819578170776,augmented
PatchCore,MVTec-AD,zipper,456,degradation,sensor_noise,moderate,none,0.8411239385604858,augmented
PatchCore,MVTec-AD,zipper,456,rescue,sensor_noise,moderate,NLM Denoise,0.8474264144897461,augmented
PatchCore,MVTec-AD,zipper,456,degradation,sensor_noise,severe,none,0.8046218156814575,augmented
PatchCore,MVTec-AD,zipper,456,rescue,sensor_noise,severe,NLM Denoise,0.8608193397521973,augmented
PatchCore,MVTec-AD,zipper,456,degradation,fog_haze,mild,none,0.850577712059021,augmented
PatchCore,MVTec-AD,zipper,456,rescue,fog_haze,mild,Dehaze (Dark Channel),0.8185398578643799,augmented
PatchCore,MVTec-AD,zipper,456,degradation,fog_haze,moderate,none,0.756827712059021,augmented
PatchCore,MVTec-AD,zipper,456,rescue,fog_haze,moderate,Dehaze (Dark Channel),0.7071954011917114,augmented
PatchCore,MVTec-AD,zipper,456,degradation,fog_haze,severe,none,0.6964285969734192,augmented
PatchCore,MVTec-AD,zipper,456,rescue,fog_haze,severe,Dehaze (Dark Channel),0.7014180421829224,augmented
PatchCore,MVTec-AD,screw,123,baseline,clean,none,none,0.9501947164535522,augmented
PatchCore,MVTec-AD,screw,123,degradation,low_light,mild,none,0.8423857688903809,augmented
PatchCore,MVTec-AD,screw,123,rescue,low_light,mild,CLAHE,0.8473048210144043,augmented
PatchCore,MVTec-AD,screw,123,rescue,low_light,mild,Retinex,0.6013527512550354,augmented
PatchCore,MVTec-AD,screw,123,degradation,low_light,moderate,none,0.8015986680984497,augmented
PatchCore,MVTec-AD,screw,123,rescue,low_light,moderate,CLAHE,0.8501741886138916,augmented
PatchCore,MVTec-AD,screw,123,rescue,low_light,moderate,Retinex,0.7213568687438965,augmented
PatchCore,MVTec-AD,screw,123,degradation,low_light,severe,none,0.6419348120689392,augmented
PatchCore,MVTec-AD,screw,123,rescue,low_light,severe,CLAHE,0.788686215877533,augmented
PatchCore,MVTec-AD,screw,123,rescue,low_light,severe,Retinex,0.7335519194602966,augmented
PatchCore,MVTec-AD,screw,123,degradation,gaussian_blur,mild,none,0.7565074563026428,augmented
PatchCore,MVTec-AD,screw,123,rescue,gaussian_blur,mild,Wiener,0.6204140186309814,augmented
PatchCore,MVTec-AD,screw,123,degradation,gaussian_blur,moderate,none,0.6430621147155762,augmented
PatchCore,MVTec-AD,screw,123,rescue,gaussian_blur,moderate,Wiener,0.5,augmented
PatchCore,MVTec-AD,screw,123,degradation,gaussian_blur,severe,none,0.5103504657745361,augmented
PatchCore,MVTec-AD,screw,123,rescue,gaussian_blur,severe,Wiener,0.5,augmented
PatchCore,MVTec-AD,screw,123,degradation,motion_blur,mild,none,0.7449272274971008,augmented
PatchCore,MVTec-AD,screw,123,rescue,motion_blur,mild,Wiener (Motion PSF),0.5,augmented
PatchCore,MVTec-AD,screw,123,degradation,motion_blur,moderate,none,0.6062717437744141,augmented
PatchCore,MVTec-AD,screw,123,rescue,motion_blur,moderate,Wiener (Motion PSF),0.5,augmented
PatchCore,MVTec-AD,screw,123,degradation,motion_blur,severe,none,0.5212133526802063,augmented
PatchCore,MVTec-AD,screw,123,rescue,motion_blur,severe,Wiener (Motion PSF),0.5,augmented
PatchCore,MVTec-AD,screw,123,degradation,sensor_noise,mild,none,0.707112193107605,augmented
PatchCore,MVTec-AD,screw,123,rescue,sensor_noise,mild,NLM Denoise,0.6811846494674683,augmented
PatchCore,MVTec-AD,screw,123,degradation,sensor_noise,moderate,none,0.663455605506897,augmented
PatchCore,MVTec-AD,screw,123,rescue,sensor_noise,moderate,NLM Denoise,0.5066611766815186,augmented
PatchCore,MVTec-AD,screw,123,degradation,sensor_noise,severe,none,0.5482680797576904,augmented
PatchCore,MVTec-AD,screw,123,rescue,sensor_noise,severe,NLM Denoise,0.4957983195781708,augmented
PatchCore,MVTec-AD,screw,123,degradation,fog_haze,mild,none,0.6440868973731995,augmented
PatchCore,MVTec-AD,screw,123,rescue,fog_haze,mild,Dehaze (Dark Channel),0.5,augmented
PatchCore,MVTec-AD,screw,123,degradation,fog_haze,moderate,none,0.5325886607170105,augmented
PatchCore,MVTec-AD,screw,123,rescue,fog_haze,moderate,Dehaze (Dark Channel),0.5,augmented
PatchCore,MVTec-AD,screw,123,degradation,fog_haze,severe,none,0.4563435018062591,augmented
PatchCore,MVTec-AD,screw,123,rescue,fog_haze,severe,Dehaze (Dark Channel),0.5,augmented
PaDiM,MVTec-AD,bottle,42,baseline,clean,none,none,0.9968254566192628,augmented
PaDiM,MVTec-AD,bottle,42,degradation,low_light,mild,none,0.6801587343215942,augmented
PaDiM,MVTec-AD,bottle,42,rescue,low_light,mild,CLAHE,0.5023809671401978,augmented
PaDiM,MVTec-AD,bottle,42,rescue,low_light,mild,Retinex,0.5761904716491699,augmented
PaDiM,MVTec-AD,bottle,42,degradation,low_light,moderate,none,0.6388888955116272,augmented
PaDiM,MVTec-AD,bottle,42,rescue,low_light,moderate,CLAHE,0.5817460417747498,augmented
PaDiM,MVTec-AD,bottle,42,rescue,low_light,moderate,Retinex,0.6182539463043213,augmented
PaDiM,MVTec-AD,bottle,42,degradation,low_light,severe,none,0.7690476179122925,augmented
PaDiM,MVTec-AD,bottle,42,rescue,low_light,severe,CLAHE,0.576984167098999,augmented
PaDiM,MVTec-AD,bottle,42,rescue,low_light,severe,Retinex,0.553174614906311,augmented
PaDiM,MVTec-AD,bottle,42,degradation,gaussian_blur,mild,none,0.9960317611694336,augmented
PaDiM,MVTec-AD,bottle,42,rescue,gaussian_blur,mild,Wiener,0.9365079402923584,augmented
PaDiM,MVTec-AD,bottle,42,degradation,gaussian_blur,moderate,none,0.9722222089767456,augmented
PaDiM,MVTec-AD,bottle,42,rescue,gaussian_blur,moderate,Wiener,0.8158730268478394,augmented
PaDiM,MVTec-AD,bottle,42,degradation,gaussian_blur,severe,none,0.9690476059913636,augmented
PaDiM,MVTec-AD,bottle,42,rescue,gaussian_blur,severe,Wiener,0.4642857015132904,augmented
PaDiM,MVTec-AD,bottle,42,degradation,motion_blur,mild,none,0.9896825551986694,augmented
PaDiM,MVTec-AD,bottle,42,rescue,motion_blur,mild,Wiener (Motion PSF),0.8134920597076416,augmented
PaDiM,MVTec-AD,bottle,42,degradation,motion_blur,moderate,none,0.9428571462631226,augmented
PaDiM,MVTec-AD,bottle,42,rescue,motion_blur,moderate,Wiener (Motion PSF),0.238095223903656,augmented
PaDiM,MVTec-AD,bottle,42,degradation,motion_blur,severe,none,0.7809523940086365,augmented
PaDiM,MVTec-AD,bottle,42,rescue,motion_blur,severe,Wiener (Motion PSF),0.4444444477558136,augmented
PaDiM,MVTec-AD,bottle,42,degradation,sensor_noise,mild,none,0.5563492178916931,augmented
PaDiM,MVTec-AD,bottle,42,rescue,sensor_noise,mild,NLM Denoise,0.5428571701049805,augmented
PaDiM,MVTec-AD,bottle,42,degradation,sensor_noise,moderate,none,0.5992063283920288,augmented
PaDiM,MVTec-AD,bottle,42,rescue,sensor_noise,moderate,NLM Denoise,0.5373015999794006,augmented
PaDiM,MVTec-AD,bottle,42,degradation,sensor_noise,severe,none,0.5317460298538208,augmented
PaDiM,MVTec-AD,bottle,42,rescue,sensor_noise,severe,NLM Denoise,0.5047619342803955,augmented
PaDiM,MVTec-AD,bottle,42,degradation,fog_haze,mild,none,0.7801587581634521,augmented
PaDiM,MVTec-AD,bottle,42,rescue,fog_haze,mild,Dehaze (Dark Channel),0.7214285731315613,augmented
PaDiM,MVTec-AD,bottle,42,degradation,fog_haze,moderate,none,0.5706349611282349,augmented
PaDiM,MVTec-AD,bottle,42,rescue,fog_haze,moderate,Dehaze (Dark Channel),0.8253968358039856,augmented
PaDiM,MVTec-AD,bottle,42,degradation,fog_haze,severe,none,0.6103174686431885,augmented
PaDiM,MVTec-AD,bottle,42,rescue,fog_haze,severe,Dehaze (Dark Channel),0.6992063522338867,augmented
PaDiM,MVTec-AD,bottle,123,baseline,clean,none,none,0.9944444298744202,augmented
PaDiM,MVTec-AD,bottle,123,degradation,low_light,mild,none,0.8182539939880371,augmented
PaDiM,MVTec-AD,bottle,123,rescue,low_light,mild,CLAHE,0.5984127521514893,augmented
PaDiM,MVTec-AD,bottle,123,rescue,low_light,mild,Retinex,0.6817460656166077,augmented
PaDiM,MVTec-AD,bottle,123,degradation,low_light,moderate,none,0.8484126925468445,augmented
PaDiM,MVTec-AD,bottle,123,rescue,low_light,moderate,CLAHE,0.608730137348175,augmented
PaDiM,MVTec-AD,bottle,123,rescue,low_light,moderate,Retinex,0.6253968477249146,augmented
PaDiM,MVTec-AD,bottle,123,degradation,low_light,severe,none,0.8246031999588013,augmented
PaDiM,MVTec-AD,bottle,123,rescue,low_light,severe,CLAHE,0.6619047522544861,augmented
PaDiM,MVTec-AD,bottle,123,rescue,low_light,severe,Retinex,0.6908730268478394,augmented
PaDiM,MVTec-AD,bottle,123,degradation,gaussian_blur,mild,none,0.9952381253242492,augmented
PaDiM,MVTec-AD,bottle,123,rescue,gaussian_blur,mild,Wiener,0.9746031761169434,augmented
PaDiM,MVTec-AD,bottle,123,degradation,gaussian_blur,moderate,none,0.984920620918274,augmented
PaDiM,MVTec-AD,bottle,123,rescue,gaussian_blur,moderate,Wiener,0.5,augmented
PaDiM,MVTec-AD,bottle,123,degradation,gaussian_blur,severe,none,0.9547619223594666,augmented
PaDiM,MVTec-AD,bottle,123,rescue,gaussian_blur,severe,Wiener,0.5,augmented
PaDiM,MVTec-AD,bottle,123,degradation,motion_blur,mild,none,0.9968254566192628,augmented
PaDiM,MVTec-AD,bottle,123,rescue,motion_blur,mild,Wiener (Motion PSF),0.7079365253448486,augmented
PaDiM,MVTec-AD,bottle,123,degradation,motion_blur,moderate,none,0.9682539701461792,augmented
PaDiM,MVTec-AD,bottle,123,rescue,motion_blur,moderate,Wiener (Motion PSF),0.449999988079071,augmented
PaDiM,MVTec-AD,bottle,123,degradation,motion_blur,severe,none,0.991269826889038,augmented
PaDiM,MVTec-AD,bottle,123,rescue,motion_blur,severe,Wiener (Motion PSF),0.5,augmented
PaDiM,MVTec-AD,bottle,123,degradation,sensor_noise,mild,none,0.5365079641342163,augmented
PaDiM,MVTec-AD,bottle,123,rescue,sensor_noise,mild,NLM Denoise,0.5484127402305603,augmented
PaDiM,MVTec-AD,bottle,123,degradation,sensor_noise,moderate,none,0.6476190090179443,augmented
PaDiM,MVTec-AD,bottle,123,rescue,sensor_noise,moderate,NLM Denoise,0.4753968715667724,augmented
PaDiM,MVTec-AD,bottle,123,degradation,sensor_noise,severe,none,0.5888888835906982,augmented
PaDiM,MVTec-AD,bottle,123,rescue,sensor_noise,severe,NLM Denoise,0.4761904776096344,augmented
PaDiM,MVTec-AD,bottle,123,degradation,fog_haze,mild,none,0.9111111164093018,augmented
PaDiM,MVTec-AD,bottle,123,rescue,fog_haze,mild,Dehaze (Dark Channel),0.9119048118591307,augmented
PaDiM,MVTec-AD,bottle,123,degradation,fog_haze,moderate,none,0.917460322380066,augmented
PaDiM,MVTec-AD,bottle,123,rescue,fog_haze,moderate,Dehaze (Dark Channel),0.8658730387687683,augmented
PaDiM,MVTec-AD,bottle,123,degradation,fog_haze,severe,none,0.7865079045295715,augmented
PaDiM,MVTec-AD,bottle,123,rescue,fog_haze,severe,Dehaze (Dark Channel),0.7468253970146179,augmented
PaDiM,MVTec-AD,bottle,456,baseline,clean,none,none,0.9984126687049866,augmented
PaDiM,MVTec-AD,bottle,456,degradation,low_light,mild,none,0.7293651103973389,augmented
PaDiM,MVTec-AD,bottle,456,rescue,low_light,mild,CLAHE,0.561904788017273,augmented
PaDiM,MVTec-AD,bottle,456,rescue,low_light,mild,Retinex,0.7079365253448486,augmented
PaDiM,MVTec-AD,bottle,456,degradation,low_light,moderate,none,0.6992063522338867,augmented
PaDiM,MVTec-AD,bottle,456,rescue,low_light,moderate,CLAHE,0.5841269493103027,augmented
PaDiM,MVTec-AD,bottle,456,rescue,low_light,moderate,Retinex,0.7674603462219238,augmented
PaDiM,MVTec-AD,bottle,456,degradation,low_light,severe,none,0.7134920954704285,augmented
PaDiM,MVTec-AD,bottle,456,rescue,low_light,severe,CLAHE,0.4976190328598022,augmented
PaDiM,MVTec-AD,bottle,456,rescue,low_light,severe,Retinex,0.8801587224006653,augmented
PaDiM,MVTec-AD,bottle,456,degradation,gaussian_blur,mild,none,0.9968254566192628,augmented
PaDiM,MVTec-AD,bottle,456,rescue,gaussian_blur,mild,Wiener,1.0,augmented
PaDiM,MVTec-AD,bottle,456,degradation,gaussian_blur,moderate,none,0.9515873193740844,augmented
PaDiM,MVTec-AD,bottle,456,rescue,gaussian_blur,moderate,Wiener,0.6428571343421936,augmented
PaDiM,MVTec-AD,bottle,456,degradation,gaussian_blur,severe,none,0.8428571224212646,augmented
PaDiM,MVTec-AD,bottle,456,rescue,gaussian_blur,severe,Wiener,0.5,augmented
PaDiM,MVTec-AD,bottle,456,degradation,motion_blur,mild,none,0.984920620918274,augmented
PaDiM,MVTec-AD,bottle,456,rescue,motion_blur,mild,Wiener (Motion PSF),0.7658730149269104,augmented
PaDiM,MVTec-AD,bottle,456,degradation,motion_blur,moderate,none,0.976190447807312,augmented
PaDiM,MVTec-AD,bottle,456,rescue,motion_blur,moderate,Wiener (Motion PSF),0.2916666865348816,augmented
PaDiM,MVTec-AD,bottle,456,degradation,motion_blur,severe,none,0.8984127044677734,augmented
PaDiM,MVTec-AD,bottle,456,rescue,motion_blur,severe,Wiener (Motion PSF),0.5,augmented
PaDiM,MVTec-AD,bottle,456,degradation,sensor_noise,mild,none,0.6499999761581421,augmented
PaDiM,MVTec-AD,bottle,456,rescue,sensor_noise,mild,NLM Denoise,0.561904788017273,augmented
PaDiM,MVTec-AD,bottle,456,degradation,sensor_noise,moderate,none,0.6349206566810608,augmented
PaDiM,MVTec-AD,bottle,456,rescue,sensor_noise,moderate,NLM Denoise,0.5214285850524902,augmented
PaDiM,MVTec-AD,bottle,456,degradation,sensor_noise,severe,none,0.6753968000411987,augmented
PaDiM,MVTec-AD,bottle,456,rescue,sensor_noise,severe,NLM Denoise,0.5111111402511597,augmented
PaDiM,MVTec-AD,bottle,456,degradation,fog_haze,mild,none,0.817460298538208,augmented
PaDiM,MVTec-AD,bottle,456,rescue,fog_haze,mild,Dehaze (Dark Channel),0.8603174090385437,augmented
PaDiM,MVTec-AD,bottle,456,degradation,fog_haze,moderate,none,0.6595238447189331,augmented
PaDiM,MVTec-AD,bottle,456,rescue,fog_haze,moderate,Dehaze (Dark Channel),0.6976190805435181,augmented
PaDiM,MVTec-AD,bottle,456,degradation,fog_haze,severe,none,0.70634925365448,augmented
PaDiM,MVTec-AD,bottle,456,rescue,fog_haze,severe,Dehaze (Dark Channel),0.641269862651825,augmented
PaDiM,MVTec-AD,cable,42,baseline,clean,none,none,0.8097826242446899,augmented
PaDiM,MVTec-AD,cable,42,degradation,low_light,mild,none,0.8092204332351685,augmented
PaDiM,MVTec-AD,cable,42,rescue,low_light,mild,CLAHE,0.8054722547531128,augmented
PaDiM,MVTec-AD,cable,42,rescue,low_light,mild,Retinex,0.6825337409973145,augmented
PaDiM,MVTec-AD,cable,42,degradation,low_light,moderate,none,0.8146551251411438,augmented
PaDiM,MVTec-AD,cable,42,rescue,low_light,moderate,CLAHE,0.8433282971382141,augmented
PaDiM,MVTec-AD,cable,42,rescue,low_light,moderate,Retinex,0.7634932994842529,augmented
PaDiM,MVTec-AD,cable,42,degradation,low_light,severe,none,0.7374438047409058,augmented
PaDiM,MVTec-AD,cable,42,rescue,low_light,severe,CLAHE,0.8065966367721558,augmented
PaDiM,MVTec-AD,cable,42,rescue,low_light,severe,Retinex,0.691154420375824,augmented
PaDiM,MVTec-AD,cable,42,degradation,gaussian_blur,mild,none,0.7970390319824219,augmented
PaDiM,MVTec-AD,cable,42,rescue,gaussian_blur,mild,Wiener,0.6639804840087891,augmented
PaDiM,MVTec-AD,cable,42,degradation,gaussian_blur,moderate,none,0.6943403482437134,augmented
PaDiM,MVTec-AD,cable,42,rescue,gaussian_blur,moderate,Wiener,0.5186468958854675,augmented
PaDiM,MVTec-AD,cable,42,degradation,gaussian_blur,severe,none,0.6013867855072021,augmented
PaDiM,MVTec-AD,cable,42,rescue,gaussian_blur,severe,Wiener,0.4642991125583648,augmented
PaDiM,MVTec-AD,cable,42,degradation,motion_blur,mild,none,0.7661169171333313,augmented
PaDiM,MVTec-AD,cable,42,rescue,motion_blur,mild,Wiener (Motion PSF),0.5106821060180664,augmented
PaDiM,MVTec-AD,cable,42,degradation,motion_blur,moderate,none,0.6800974607467651,augmented
PaDiM,MVTec-AD,cable,42,rescue,motion_blur,moderate,Wiener (Motion PSF),0.4730134904384613,augmented
PaDiM,MVTec-AD,cable,42,degradation,motion_blur,severe,none,0.6351199746131897,augmented
PaDiM,MVTec-AD,cable,42,rescue,motion_blur,severe,Wiener (Motion PSF),0.4855697453022003,augmented
PaDiM,MVTec-AD,cable,42,degradation,sensor_noise,mild,none,0.7771738767623901,augmented
PaDiM,MVTec-AD,cable,42,rescue,sensor_noise,mild,NLM Denoise,0.7222638726234436,augmented
PaDiM,MVTec-AD,cable,42,degradation,sensor_noise,moderate,none,0.669415295124054,augmented
PaDiM,MVTec-AD,cable,42,rescue,sensor_noise,moderate,NLM Denoise,0.6660419702529907,augmented
PaDiM,MVTec-AD,cable,42,degradation,sensor_noise,severe,none,0.5952023863792419,augmented
PaDiM,MVTec-AD,cable,42,rescue,sensor_noise,severe,NLM Denoise,0.6298725605010986,augmented
PaDiM,MVTec-AD,cable,42,degradation,fog_haze,mild,none,0.7466266751289368,augmented
PaDiM,MVTec-AD,cable,42,rescue,fog_haze,mild,Dehaze (Dark Channel),0.7153298854827881,augmented
PaDiM,MVTec-AD,cable,42,degradation,fog_haze,moderate,none,0.7237631678581238,augmented
PaDiM,MVTec-AD,cable,42,rescue,fog_haze,moderate,Dehaze (Dark Channel),0.6564842462539673,augmented
PaDiM,MVTec-AD,cable,42,degradation,fog_haze,severe,none,0.66576087474823,augmented
PaDiM,MVTec-AD,cable,42,rescue,fog_haze,severe,Dehaze (Dark Channel),0.6141304969787598,augmented
PaDiM,MVTec-AD,cable,123,baseline,clean,none,none,0.8407046794891357,augmented
PaDiM,MVTec-AD,cable,123,degradation,low_light,mild,none,0.8193402886390686,augmented
PaDiM,MVTec-AD,cable,123,rescue,low_light,mild,CLAHE,0.7138305902481079,augmented
PaDiM,MVTec-AD,cable,123,rescue,low_light,mild,Retinex,0.6707271337509155,augmented
PaDiM,MVTec-AD,cable,123,degradation,low_light,moderate,none,0.7604947686195374,augmented
PaDiM,MVTec-AD,cable,123,rescue,low_light,moderate,CLAHE,0.783545732498169,augmented
PaDiM,MVTec-AD,cable,123,rescue,low_light,moderate,Retinex,0.6722263693809509,augmented
PaDiM,MVTec-AD,cable,123,degradation,low_light,severe,none,0.72826087474823,augmented
PaDiM,MVTec-AD,cable,123,rescue,low_light,severe,CLAHE,0.744377851486206,augmented
PaDiM,MVTec-AD,cable,123,rescue,low_light,severe,Retinex,0.686469316482544,augmented
PaDiM,MVTec-AD,cable,123,degradation,gaussian_blur,mild,none,0.8077211380004883,augmented
PaDiM,MVTec-AD,cable,123,rescue,gaussian_blur,mild,Wiener,0.6915292143821716,augmented
PaDiM,MVTec-AD,cable,123,degradation,gaussian_blur,moderate,none,0.6877810955047607,augmented
PaDiM,MVTec-AD,cable,123,rescue,gaussian_blur,moderate,Wiener,0.5,augmented
PaDiM,MVTec-AD,cable,123,degradation,gaussian_blur,severe,none,0.6840329170227051,augmented
PaDiM,MVTec-AD,cable,123,rescue,gaussian_blur,severe,Wiener,0.5,augmented
PaDiM,MVTec-AD,cable,123,degradation,motion_blur,mild,none,0.7679910063743591,augmented
PaDiM,MVTec-AD,cable,123,rescue,motion_blur,mild,Wiener (Motion PSF),0.455584704875946,augmented
PaDiM,MVTec-AD,cable,123,degradation,motion_blur,moderate,none,0.7397863864898682,augmented
PaDiM,MVTec-AD,cable,123,rescue,motion_blur,moderate,Wiener (Motion PSF),0.4923163652420044,augmented
PaDiM,MVTec-AD,cable,123,degradation,motion_blur,severe,none,0.6750375032424927,augmented
PaDiM,MVTec-AD,cable,123,rescue,motion_blur,severe,Wiener (Motion PSF),0.4812593758106231,augmented
PaDiM,MVTec-AD,cable,123,degradation,sensor_noise,mild,none,0.7831709384918213,augmented
PaDiM,MVTec-AD,cable,123,rescue,sensor_noise,mild,NLM Denoise,0.7518740892410278,augmented
PaDiM,MVTec-AD,cable,123,degradation,sensor_noise,moderate,none,0.7029610276222229,augmented
PaDiM,MVTec-AD,cable,123,rescue,sensor_noise,moderate,NLM Denoise,0.7460644841194153,augmented
PaDiM,MVTec-AD,cable,123,degradation,sensor_noise,severe,none,0.5961394309997559,augmented
PaDiM,MVTec-AD,cable,123,rescue,sensor_noise,severe,NLM Denoise,0.6932159066200256,augmented
PaDiM,MVTec-AD,cable,123,degradation,fog_haze,mild,none,0.7535607218742371,augmented
PaDiM,MVTec-AD,cable,123,rescue,fog_haze,mild,Dehaze (Dark Channel),0.5775861740112305,augmented
PaDiM,MVTec-AD,cable,123,degradation,fog_haze,moderate,none,0.7071776390075684,augmented
PaDiM,MVTec-AD,cable,123,rescue,fog_haze,moderate,Dehaze (Dark Channel),0.6241567134857178,augmented
PaDiM,MVTec-AD,cable,123,degradation,fog_haze,severe,none,0.5273613333702087,augmented
PaDiM,MVTec-AD,cable,123,rescue,fog_haze,severe,Dehaze (Dark Channel),0.5900486707687378,augmented
PaDiM,MVTec-AD,cable,456,baseline,clean,none,none,0.8191528916358948,augmented
PaDiM,MVTec-AD,cable,456,degradation,low_light,mild,none,0.7706146836280823,augmented
PaDiM,MVTec-AD,cable,456,rescue,low_light,mild,CLAHE,0.652923583984375,augmented
PaDiM,MVTec-AD,cable,456,rescue,low_light,mild,Retinex,0.7142053842544556,augmented
PaDiM,MVTec-AD,cable,456,degradation,low_light,moderate,none,0.7389430403709412,augmented
PaDiM,MVTec-AD,cable,456,rescue,low_light,moderate,CLAHE,0.6875936985015869,augmented
PaDiM,MVTec-AD,cable,456,rescue,low_light,moderate,Retinex,0.7203897833824158,augmented
PaDiM,MVTec-AD,cable,456,degradation,low_light,severe,none,0.697526216506958,augmented
PaDiM,MVTec-AD,cable,456,rescue,low_light,severe,CLAHE,0.6559220552444458,augmented
PaDiM,MVTec-AD,cable,456,rescue,low_light,severe,Retinex,0.6941529512405396,augmented
PaDiM,MVTec-AD,cable,456,degradation,gaussian_blur,mild,none,0.7674288153648376,augmented
PaDiM,MVTec-AD,cable,456,rescue,gaussian_blur,mild,Wiener,0.492316335439682,augmented
PaDiM,MVTec-AD,cable,456,degradation,gaussian_blur,moderate,none,0.6776611804962158,augmented
PaDiM,MVTec-AD,cable,456,rescue,gaussian_blur,moderate,Wiener,0.4651423990726471,augmented
PaDiM,MVTec-AD,cable,456,degradation,gaussian_blur,severe,none,0.6115067601203918,augmented
PaDiM,MVTec-AD,cable,456,rescue,gaussian_blur,severe,Wiener,0.5032795667648315,augmented
PaDiM,MVTec-AD,cable,456,degradation,motion_blur,mild,none,0.7891678810119629,augmented
PaDiM,MVTec-AD,cable,456,rescue,motion_blur,mild,Wiener (Motion PSF),0.4490255117416382,augmented
PaDiM,MVTec-AD,cable,456,degradation,motion_blur,moderate,none,0.7145801782608032,augmented
PaDiM,MVTec-AD,cable,456,rescue,motion_blur,moderate,Wiener (Motion PSF),0.5305472612380981,augmented
PaDiM,MVTec-AD,cable,456,degradation,motion_blur,severe,none,0.6265929937362671,augmented
PaDiM,MVTec-AD,cable,456,rescue,motion_blur,severe,Wiener (Motion PSF),0.5054348111152649,augmented
PaDiM,MVTec-AD,cable,456,degradation,sensor_noise,mild,none,0.7593703269958496,augmented
PaDiM,MVTec-AD,cable,456,rescue,sensor_noise,mild,NLM Denoise,0.7678036093711853,augmented
PaDiM,MVTec-AD,cable,456,degradation,sensor_noise,moderate,none,0.7100824117660522,augmented
PaDiM,MVTec-AD,cable,456,rescue,sensor_noise,moderate,NLM Denoise,0.677473783493042,augmented
PaDiM,MVTec-AD,cable,456,degradation,sensor_noise,severe,none,0.6336206793785095,augmented
PaDiM,MVTec-AD,cable,456,rescue,sensor_noise,severe,NLM Denoise,0.6317466497421265,augmented
PaDiM,MVTec-AD,cable,456,degradation,fog_haze,mild,none,0.8079085350036621,augmented
PaDiM,MVTec-AD,cable,456,rescue,fog_haze,mild,Dehaze (Dark Channel),0.7380059957504272,augmented
PaDiM,MVTec-AD,cable,456,degradation,fog_haze,moderate,none,0.7113942503929138,augmented
PaDiM,MVTec-AD,cable,456,rescue,fog_haze,moderate,Dehaze (Dark Channel),0.7353823184967041,augmented
PaDiM,MVTec-AD,cable,456,degradation,fog_haze,severe,none,0.5932345986366272,augmented
PaDiM,MVTec-AD,cable,456,rescue,fog_haze,severe,Dehaze (Dark Channel),0.6276236772537231,augmented
PaDiM,MVTec-AD,capsule,42,baseline,clean,none,none,0.8583964705467224,augmented
PaDiM,MVTec-AD,capsule,42,degradation,low_light,mild,none,0.7143996357917786,augmented
PaDiM,MVTec-AD,capsule,42,rescue,low_light,mild,CLAHE,0.6936577558517456,augmented
PaDiM,MVTec-AD,capsule,42,rescue,low_light,mild,Retinex,0.5710011720657349,augmented
PaDiM,MVTec-AD,capsule,42,degradation,low_light,moderate,none,0.7506980299949646,augmented
PaDiM,MVTec-AD,capsule,42,rescue,low_light,moderate,CLAHE,0.615077793598175,augmented
PaDiM,MVTec-AD,capsule,42,rescue,low_light,moderate,Retinex,0.6529716849327087,augmented
PaDiM,MVTec-AD,capsule,42,degradation,low_light,severe,none,0.6246509552001953,augmented
PaDiM,MVTec-AD,capsule,42,rescue,low_light,severe,CLAHE,0.635819673538208,augmented
PaDiM,MVTec-AD,capsule,42,rescue,low_light,severe,Retinex,0.5201435685157776,augmented
PaDiM,MVTec-AD,capsule,42,degradation,gaussian_blur,mild,none,0.8061428070068359,augmented
PaDiM,MVTec-AD,capsule,42,rescue,gaussian_blur,mild,Wiener,0.5783805847167969,augmented
PaDiM,MVTec-AD,capsule,42,degradation,gaussian_blur,moderate,none,0.7279617190361023,augmented
PaDiM,MVTec-AD,capsule,42,rescue,gaussian_blur,moderate,Wiener,0.5,augmented
PaDiM,MVTec-AD,capsule,42,degradation,gaussian_blur,severe,none,0.6126844882965088,augmented
PaDiM,MVTec-AD,capsule,42,rescue,gaussian_blur,severe,Wiener,0.5,augmented
PaDiM,MVTec-AD,capsule,42,degradation,motion_blur,mild,none,0.7132030725479126,augmented
PaDiM,MVTec-AD,capsule,42,rescue,motion_blur,mild,Wiener (Motion PSF),0.5819705128669739,augmented
PaDiM,MVTec-AD,capsule,42,degradation,motion_blur,moderate,none,0.7231751680374146,augmented
PaDiM,MVTec-AD,capsule,42,rescue,motion_blur,moderate,Wiener (Motion PSF),0.4954128563404083,augmented
PaDiM,MVTec-AD,capsule,42,degradation,motion_blur,severe,none,0.5672117471694946,augmented
PaDiM,MVTec-AD,capsule,42,rescue,motion_blur,severe,Wiener (Motion PSF),0.4954128563404083,augmented
PaDiM,MVTec-AD,capsule,42,degradation,sensor_noise,mild,none,0.6110889315605164,augmented
PaDiM,MVTec-AD,capsule,42,rescue,sensor_noise,mild,NLM Denoise,0.6633426547050476,augmented
PaDiM,MVTec-AD,capsule,42,degradation,sensor_noise,moderate,none,0.591942548751831,augmented
PaDiM,MVTec-AD,capsule,42,rescue,sensor_noise,moderate,NLM Denoise,0.6485839486122131,augmented
PaDiM,MVTec-AD,capsule,42,degradation,sensor_noise,severe,none,0.597327470779419,augmented
PaDiM,MVTec-AD,capsule,42,rescue,sensor_noise,severe,NLM Denoise,0.615077793598175,augmented
PaDiM,MVTec-AD,capsule,42,degradation,fog_haze,mild,none,0.5743917226791382,augmented
PaDiM,MVTec-AD,capsule,42,rescue,fog_haze,mild,Dehaze (Dark Channel),0.6406062841415405,augmented
PaDiM,MVTec-AD,capsule,42,degradation,fog_haze,moderate,none,0.442959725856781,augmented
PaDiM,MVTec-AD,capsule,42,rescue,fog_haze,moderate,Dehaze (Dark Channel),0.5141603350639343,augmented
PaDiM,MVTec-AD,capsule,42,degradation,fog_haze,severe,none,0.4848424792289734,augmented
PaDiM,MVTec-AD,capsule,42,rescue,fog_haze,severe,Dehaze (Dark Channel),0.4954128563404083,augmented
PaDiM,MVTec-AD,capsule,123,baseline,clean,none,none,0.7921819686889648,augmented
PaDiM,MVTec-AD,capsule,123,degradation,low_light,mild,none,0.725967288017273,augmented
PaDiM,MVTec-AD,capsule,123,rescue,low_light,mild,CLAHE,0.6557638645172119,augmented
PaDiM,MVTec-AD,capsule,123,rescue,low_light,mild,Retinex,0.6410051584243774,augmented
PaDiM,MVTec-AD,capsule,123,degradation,low_light,moderate,none,0.7215796113014221,augmented
PaDiM,MVTec-AD,capsule,123,rescue,low_light,moderate,CLAHE,0.6082967519760132,augmented
PaDiM,MVTec-AD,capsule,123,rescue,low_light,moderate,Retinex,0.6196649074554443,augmented
PaDiM,MVTec-AD,capsule,123,degradation,low_light,severe,none,0.668927013874054,augmented
PaDiM,MVTec-AD,capsule,123,rescue,low_light,severe,CLAHE,0.611487865447998,augmented
PaDiM,MVTec-AD,capsule,123,rescue,low_light,severe,Retinex,0.688472330570221,augmented
PaDiM,MVTec-AD,capsule,123,degradation,gaussian_blur,mild,none,0.7750299572944641,augmented
PaDiM,MVTec-AD,capsule,123,rescue,gaussian_blur,mild,Wiener,0.6035101413726807,augmented
PaDiM,MVTec-AD,capsule,123,degradation,gaussian_blur,moderate,none,0.6836856603622437,augmented
PaDiM,MVTec-AD,capsule,123,rescue,gaussian_blur,moderate,Wiener,0.5,augmented
PaDiM,MVTec-AD,capsule,123,degradation,gaussian_blur,severe,none,0.6852812170982361,augmented
PaDiM,MVTec-AD,capsule,123,rescue,gaussian_blur,severe,Wiener,0.4906262457370758,augmented
PaDiM,MVTec-AD,capsule,123,degradation,motion_blur,mild,none,0.7618667483329773,augmented
PaDiM,MVTec-AD,capsule,123,rescue,motion_blur,mild,Wiener (Motion PSF),0.6673314571380615,augmented
PaDiM,MVTec-AD,capsule,123,degradation,motion_blur,moderate,none,0.7163940668106079,augmented
PaDiM,MVTec-AD,capsule,123,rescue,motion_blur,moderate,Wiener (Motion PSF),0.4986039102077484,augmented
PaDiM,MVTec-AD,capsule,123,degradation,motion_blur,severe,none,0.6924611330032349,augmented
PaDiM,MVTec-AD,capsule,123,rescue,motion_blur,severe,Wiener (Motion PSF),0.5725967288017273,augmented
PaDiM,MVTec-AD,capsule,123,degradation,sensor_noise,mild,none,0.6110889911651611,augmented
PaDiM,MVTec-AD,capsule,123,rescue,sensor_noise,mild,NLM Denoise,0.5975269079208374,augmented
PaDiM,MVTec-AD,capsule,123,degradation,sensor_noise,moderate,none,0.6601516008377075,augmented
PaDiM,MVTec-AD,capsule,123,rescue,sensor_noise,moderate,NLM Denoise,0.5321100950241089,augmented
PaDiM,MVTec-AD,capsule,123,degradation,sensor_noise,severe,none,0.6429995894432068,augmented
PaDiM,MVTec-AD,capsule,123,rescue,sensor_noise,severe,NLM Denoise,0.5157558917999268,augmented
PaDiM,MVTec-AD,capsule,123,degradation,fog_haze,mild,none,0.6621459722518921,augmented
PaDiM,MVTec-AD,capsule,123,rescue,fog_haze,mild,Dehaze (Dark Channel),0.6043078899383545,augmented
PaDiM,MVTec-AD,capsule,123,degradation,fog_haze,moderate,none,0.4862385094165802,augmented
PaDiM,MVTec-AD,capsule,123,rescue,fog_haze,moderate,Dehaze (Dark Channel),0.571599543094635,augmented
PaDiM,MVTec-AD,capsule,123,degradation,fog_haze,severe,none,0.6202632784843445,augmented
PaDiM,MVTec-AD,capsule,123,rescue,fog_haze,severe,Dehaze (Dark Channel),0.5636218786239624,augmented
PaDiM,MVTec-AD,capsule,456,baseline,clean,none,none,0.9102513194084167,augmented
PaDiM,MVTec-AD,capsule,456,degradation,low_light,mild,none,0.785400927066803,augmented
PaDiM,MVTec-AD,capsule,456,rescue,low_light,mild,CLAHE,0.6733146905899048,augmented
PaDiM,MVTec-AD,capsule,456,rescue,low_light,mild,Retinex,0.5805743932723999,augmented
PaDiM,MVTec-AD,capsule,456,degradation,low_light,moderate,none,0.8149182200431824,augmented
PaDiM,MVTec-AD,capsule,456,rescue,low_light,moderate,CLAHE,0.4778619706630707,augmented
PaDiM,MVTec-AD,capsule,456,rescue,low_light,moderate,Retinex,0.5161547660827637,augmented
PaDiM,MVTec-AD,capsule,456,degradation,low_light,severe,none,0.6549661159515381,augmented
PaDiM,MVTec-AD,capsule,456,rescue,low_light,severe,CLAHE,0.5712006092071533,augmented
PaDiM,MVTec-AD,capsule,456,rescue,low_light,severe,Retinex,0.5528519749641418,augmented
PaDiM,MVTec-AD,capsule,456,degradation,gaussian_blur,mild,none,0.7842042446136475,augmented
PaDiM,MVTec-AD,capsule,456,rescue,gaussian_blur,mild,Wiener,0.6537694334983826,augmented
PaDiM,MVTec-AD,capsule,456,degradation,gaussian_blur,moderate,none,0.5492620468139648,augmented
PaDiM,MVTec-AD,capsule,456,rescue,gaussian_blur,moderate,Wiener,0.5025927424430847,augmented
PaDiM,MVTec-AD,capsule,456,degradation,gaussian_blur,severe,none,0.6765058040618896,augmented
PaDiM,MVTec-AD,capsule,456,rescue,gaussian_blur,severe,Wiener,0.5,augmented
PaDiM,MVTec-AD,capsule,456,degradation,motion_blur,mild,none,0.6788990497589111,augmented
PaDiM,MVTec-AD,capsule,456,rescue,motion_blur,mild,Wiener (Motion PSF),0.5588352680206299,augmented
PaDiM,MVTec-AD,capsule,456,degradation,motion_blur,moderate,none,0.6765057444572449,augmented
PaDiM,MVTec-AD,capsule,456,rescue,motion_blur,moderate,Wiener (Motion PSF),0.6816912889480591,augmented
PaDiM,MVTec-AD,capsule,456,degradation,motion_blur,severe,none,0.6310330629348755,augmented
PaDiM,MVTec-AD,capsule,456,rescue,motion_blur,severe,Wiener (Motion PSF),0.5654168128967285,augmented
PaDiM,MVTec-AD,capsule,456,degradation,sensor_noise,mild,none,0.4686876833438873,augmented
PaDiM,MVTec-AD,capsule,456,rescue,sensor_noise,mild,NLM Denoise,0.5117670297622681,augmented
PaDiM,MVTec-AD,capsule,456,degradation,sensor_noise,moderate,none,0.5468688011169434,augmented
PaDiM,MVTec-AD,capsule,456,rescue,sensor_noise,moderate,NLM Denoise,0.5680095553398132,augmented
PaDiM,MVTec-AD,capsule,456,degradation,sensor_noise,severe,none,0.5839649438858032,augmented
PaDiM,MVTec-AD,capsule,456,rescue,sensor_noise,severe,NLM Denoise,0.5544475317001343,augmented
PaDiM,MVTec-AD,capsule,456,degradation,fog_haze,mild,none,0.6238532066345215,augmented
PaDiM,MVTec-AD,capsule,456,rescue,fog_haze,mild,Dehaze (Dark Channel),0.601914644241333,augmented
PaDiM,MVTec-AD,capsule,456,degradation,fog_haze,moderate,none,0.5089749097824097,augmented
PaDiM,MVTec-AD,capsule,456,rescue,fog_haze,moderate,Dehaze (Dark Channel),0.6350219249725342,augmented
PaDiM,MVTec-AD,capsule,456,degradation,fog_haze,severe,none,0.4862385094165802,augmented
PaDiM,MVTec-AD,capsule,456,rescue,fog_haze,severe,Dehaze (Dark Channel),0.5185480713844299,augmented
PaDiM,MVTec-AD,carpet,42,baseline,clean,none,none,0.9851524829864502,augmented
PaDiM,MVTec-AD,carpet,42,degradation,low_light,mild,none,0.95184588432312,augmented
PaDiM,MVTec-AD,carpet,42,rescue,low_light,mild,CLAHE,0.9574639201164246,augmented
PaDiM,MVTec-AD,carpet,42,rescue,low_light,mild,Retinex,0.8739968538284302,augmented
PaDiM,MVTec-AD,carpet,42,degradation,low_light,moderate,none,0.9462279677391052,augmented
PaDiM,MVTec-AD,carpet,42,rescue,low_light,moderate,CLAHE,0.934992015361786,augmented
PaDiM,MVTec-AD,carpet,42,rescue,low_light,moderate,Retinex,0.9510433673858644,augmented
PaDiM,MVTec-AD,carpet,42,degradation,low_light,severe,none,0.8206260204315186,augmented
PaDiM,MVTec-AD,carpet,42,rescue,low_light,severe,CLAHE,0.9117175340652466,augmented
PaDiM,MVTec-AD,carpet,42,rescue,low_light,severe,Retinex,0.8892456293106079,augmented
PaDiM,MVTec-AD,carpet,42,degradation,gaussian_blur,mild,none,0.9177367687225342,augmented
PaDiM,MVTec-AD,carpet,42,rescue,gaussian_blur,mild,Wiener,0.882022500038147,augmented
PaDiM,MVTec-AD,carpet,42,degradation,gaussian_blur,moderate,none,0.6362359523773193,augmented
PaDiM,MVTec-AD,carpet,42,rescue,gaussian_blur,moderate,Wiener,0.5196629762649536,augmented
PaDiM,MVTec-AD,carpet,42,degradation,gaussian_blur,severe,none,0.6633226275444031,augmented
PaDiM,MVTec-AD,carpet,42,rescue,gaussian_blur,severe,Wiener,0.4337881207466125,augmented
PaDiM,MVTec-AD,carpet,42,degradation,motion_blur,mild,none,0.9257624745368958,augmented
PaDiM,MVTec-AD,carpet,42,rescue,motion_blur,mild,Wiener (Motion PSF),0.8033708333969116,augmented
PaDiM,MVTec-AD,carpet,42,degradation,motion_blur,moderate,none,0.80738365650177,augmented
PaDiM,MVTec-AD,carpet,42,rescue,motion_blur,moderate,Wiener (Motion PSF),0.6560995578765869,augmented
PaDiM,MVTec-AD,carpet,42,degradation,motion_blur,severe,none,0.6292134523391724,augmented
PaDiM,MVTec-AD,carpet,42,rescue,motion_blur,severe,Wiener (Motion PSF),0.4522472023963928,augmented
PaDiM,MVTec-AD,carpet,42,degradation,sensor_noise,mild,none,0.9642857313156128,augmented
PaDiM,MVTec-AD,carpet,42,rescue,sensor_noise,mild,NLM Denoise,0.8527287244796753,augmented
PaDiM,MVTec-AD,carpet,42,degradation,sensor_noise,moderate,none,0.9101123809814452,augmented
PaDiM,MVTec-AD,carpet,42,rescue,sensor_noise,moderate,NLM Denoise,0.6805778741836548,augmented
PaDiM,MVTec-AD,carpet,42,degradation,sensor_noise,severe,none,0.7881219983100891,augmented
PaDiM,MVTec-AD,carpet,42,rescue,sensor_noise,severe,NLM Denoise,0.6260032057762146,augmented
PaDiM,MVTec-AD,carpet,42,degradation,fog_haze,mild,none,0.7760834693908691,augmented
PaDiM,MVTec-AD,carpet,42,rescue,fog_haze,mild,Dehaze (Dark Channel),0.8467094898223877,augmented
PaDiM,MVTec-AD,carpet,42,degradation,fog_haze,moderate,none,0.6023274660110474,augmented
PaDiM,MVTec-AD,carpet,42,rescue,fog_haze,moderate,Dehaze (Dark Channel),0.5965088605880737,augmented
PaDiM,MVTec-AD,carpet,42,degradation,fog_haze,severe,none,0.6203852295875549,augmented
PaDiM,MVTec-AD,carpet,42,rescue,fog_haze,severe,Dehaze (Dark Channel),0.495987206697464,augmented
PaDiM,MVTec-AD,carpet,123,baseline,clean,none,none,0.9923755526542664,augmented
PaDiM,MVTec-AD,carpet,123,degradation,low_light,mild,none,0.9887640476226808,augmented
PaDiM,MVTec-AD,carpet,123,rescue,low_light,mild,CLAHE,0.995184600353241,augmented
PaDiM,MVTec-AD,carpet,123,rescue,low_light,mild,Retinex,0.9699037075042723,augmented
PaDiM,MVTec-AD,carpet,123,degradation,low_light,moderate,none,0.9630818367004396,augmented
PaDiM,MVTec-AD,carpet,123,rescue,low_light,moderate,CLAHE,0.9839486479759216,augmented
PaDiM,MVTec-AD,carpet,123,rescue,low_light,moderate,Retinex,0.9807382822036744,augmented
PaDiM,MVTec-AD,carpet,123,degradation,low_light,severe,none,0.8888442516326904,augmented
PaDiM,MVTec-AD,carpet,123,rescue,low_light,severe,CLAHE,0.9341894388198853,augmented
PaDiM,MVTec-AD,carpet,123,rescue,low_light,severe,Retinex,0.9297752976417542,augmented
PaDiM,MVTec-AD,carpet,123,degradation,gaussian_blur,mild,none,0.9767255187034608,augmented
PaDiM,MVTec-AD,carpet,123,rescue,gaussian_blur,mild,Wiener,0.9530497789382936,augmented
PaDiM,MVTec-AD,carpet,123,degradation,gaussian_blur,moderate,none,0.7451846599578857,augmented
PaDiM,MVTec-AD,carpet,123,rescue,gaussian_blur,moderate,Wiener,0.5104333758354187,augmented
PaDiM,MVTec-AD,carpet,123,degradation,gaussian_blur,severe,none,0.6673354506492615,augmented
PaDiM,MVTec-AD,carpet,123,rescue,gaussian_blur,severe,Wiener,0.4883627891540527,augmented
PaDiM,MVTec-AD,carpet,123,degradation,motion_blur,mild,none,0.9582664370536804,augmented
PaDiM,MVTec-AD,carpet,123,rescue,motion_blur,mild,Wiener (Motion PSF),0.957062602043152,augmented
PaDiM,MVTec-AD,carpet,123,degradation,motion_blur,moderate,none,0.8370785713195801,augmented
PaDiM,MVTec-AD,carpet,123,rescue,motion_blur,moderate,Wiener (Motion PSF),0.6119582653045654,augmented
PaDiM,MVTec-AD,carpet,123,degradation,motion_blur,severe,none,0.665730357170105,augmented
PaDiM,MVTec-AD,carpet,123,rescue,motion_blur,severe,Wiener (Motion PSF),0.5313001275062561,augmented
PaDiM,MVTec-AD,carpet,123,degradation,sensor_noise,mild,none,0.9382022619247437,augmented
PaDiM,MVTec-AD,carpet,123,rescue,sensor_noise,mild,NLM Denoise,0.7901284098625183,augmented
PaDiM,MVTec-AD,carpet,123,degradation,sensor_noise,moderate,none,0.9241572618484496,augmented
PaDiM,MVTec-AD,carpet,123,rescue,sensor_noise,moderate,NLM Denoise,0.7118780612945557,augmented
PaDiM,MVTec-AD,carpet,123,degradation,sensor_noise,severe,none,0.8563402891159058,augmented
PaDiM,MVTec-AD,carpet,123,rescue,sensor_noise,severe,NLM Denoise,0.6364365816116333,augmented
PaDiM,MVTec-AD,carpet,123,degradation,fog_haze,mild,none,0.9241572618484496,augmented
PaDiM,MVTec-AD,carpet,123,rescue,fog_haze,mild,Dehaze (Dark Channel),0.846308171749115,augmented
PaDiM,MVTec-AD,carpet,123,degradation,fog_haze,moderate,none,0.5850722193717957,augmented
PaDiM,MVTec-AD,carpet,123,rescue,fog_haze,moderate,Dehaze (Dark Channel),0.4426164031028747,augmented
PaDiM,MVTec-AD,carpet,123,degradation,fog_haze,severe,none,0.598314642906189,augmented
PaDiM,MVTec-AD,carpet,123,rescue,fog_haze,severe,Dehaze (Dark Channel),0.5371187925338745,augmented
PaDiM,MVTec-AD,carpet,456,baseline,clean,none,none,0.97592294216156,augmented
PaDiM,MVTec-AD,carpet,456,degradation,low_light,mild,none,0.9783306121826172,augmented
PaDiM,MVTec-AD,carpet,456,rescue,low_light,mild,CLAHE,0.9943820238113404,augmented
PaDiM,MVTec-AD,carpet,456,rescue,low_light,mild,Retinex,0.9125199913978576,augmented
PaDiM,MVTec-AD,carpet,456,degradation,low_light,moderate,none,0.9602729082107544,augmented
PaDiM,MVTec-AD,carpet,456,rescue,low_light,moderate,CLAHE,0.9811396598815918,augmented
PaDiM,MVTec-AD,carpet,456,rescue,low_light,moderate,Retinex,0.9502407908439636,augmented
PaDiM,MVTec-AD,carpet,456,degradation,low_light,severe,none,0.7203049659729004,augmented
PaDiM,MVTec-AD,carpet,456,rescue,low_light,severe,CLAHE,0.8278491497039795,augmented
PaDiM,MVTec-AD,carpet,456,rescue,low_light,severe,Retinex,0.9398073554039,augmented
PaDiM,MVTec-AD,carpet,456,degradation,gaussian_blur,mild,none,0.9293739795684814,augmented
PaDiM,MVTec-AD,carpet,456,rescue,gaussian_blur,mild,Wiener,0.9337880611419678,augmented
PaDiM,MVTec-AD,carpet,456,degradation,gaussian_blur,moderate,none,0.6436597108840942,augmented
PaDiM,MVTec-AD,carpet,456,rescue,gaussian_blur,moderate,Wiener,0.5509630441665649,augmented
PaDiM,MVTec-AD,carpet,456,degradation,gaussian_blur,severe,none,0.6284108757972717,augmented
PaDiM,MVTec-AD,carpet,456,rescue,gaussian_blur,severe,Wiener,0.5056179761886597,augmented
PaDiM,MVTec-AD,carpet,456,degradation,motion_blur,mild,none,0.9514446258544922,augmented
PaDiM,MVTec-AD,carpet,456,rescue,motion_blur,mild,Wiener (Motion PSF),0.9237560033798218,augmented
PaDiM,MVTec-AD,carpet,456,degradation,motion_blur,moderate,none,0.834269642829895,augmented
PaDiM,MVTec-AD,carpet,456,rescue,motion_blur,moderate,Wiener (Motion PSF),0.4638844132423401,augmented
PaDiM,MVTec-AD,carpet,456,degradation,motion_blur,severe,none,0.7796950340270996,augmented
PaDiM,MVTec-AD,carpet,456,rescue,motion_blur,severe,Wiener (Motion PSF),0.4153290390968323,augmented
PaDiM,MVTec-AD,carpet,456,degradation,sensor_noise,mild,none,0.9390048384666444,augmented
PaDiM,MVTec-AD,carpet,456,rescue,sensor_noise,mild,NLM Denoise,0.7451845407485962,augmented
PaDiM,MVTec-AD,carpet,456,degradation,sensor_noise,moderate,none,0.857945442199707,augmented
PaDiM,MVTec-AD,carpet,456,rescue,sensor_noise,moderate,NLM Denoise,0.7475923299789429,augmented
PaDiM,MVTec-AD,carpet,456,degradation,sensor_noise,severe,none,0.723114013671875,augmented
PaDiM,MVTec-AD,carpet,456,rescue,sensor_noise,severe,NLM Denoise,0.7122793197631836,augmented
PaDiM,MVTec-AD,carpet,456,degradation,fog_haze,mild,none,0.8471107482910156,augmented
PaDiM,MVTec-AD,carpet,456,rescue,fog_haze,mild,Dehaze (Dark Channel),0.9008828401565552,augmented
PaDiM,MVTec-AD,carpet,456,degradation,fog_haze,moderate,none,0.648876428604126,augmented
PaDiM,MVTec-AD,carpet,456,rescue,fog_haze,moderate,Dehaze (Dark Channel),0.7455858588218689,augmented
PaDiM,MVTec-AD,carpet,456,degradation,fog_haze,severe,none,0.5762439966201782,augmented
PaDiM,MVTec-AD,carpet,456,rescue,fog_haze,severe,Dehaze (Dark Channel),0.5517656207084656,augmented
PaDiM,MVTec-AD,grid,42,baseline,clean,none,none,0.8855471611022949,augmented
PaDiM,MVTec-AD,grid,42,degradation,low_light,mild,none,0.8613199591636658,augmented
PaDiM,MVTec-AD,grid,42,rescue,low_light,mild,CLAHE,0.7944862246513367,augmented
PaDiM,MVTec-AD,grid,42,rescue,low_light,mild,Retinex,0.8237259387969971,augmented
PaDiM,MVTec-AD,grid,42,degradation,low_light,moderate,none,0.8863825798034668,augmented
PaDiM,MVTec-AD,grid,42,rescue,low_light,moderate,CLAHE,0.8078529834747314,augmented
PaDiM,MVTec-AD,grid,42,rescue,low_light,moderate,Retinex,0.7911445498466492,augmented
PaDiM,MVTec-AD,grid,42,degradation,low_light,severe,none,0.7727652788162231,augmented
PaDiM,MVTec-AD,grid,42,rescue,low_light,severe,CLAHE,0.7593984603881836,augmented
PaDiM,MVTec-AD,grid,42,rescue,low_light,severe,Retinex,0.7034252882003784,augmented
PaDiM,MVTec-AD,grid,42,degradation,gaussian_blur,mild,none,0.8262321949005127,augmented
PaDiM,MVTec-AD,grid,42,rescue,gaussian_blur,mild,Wiener,0.5350877046585083,augmented
PaDiM,MVTec-AD,grid,42,degradation,gaussian_blur,moderate,none,0.8663325309753418,augmented
PaDiM,MVTec-AD,grid,42,rescue,gaussian_blur,moderate,Wiener,0.4302423000335693,augmented
PaDiM,MVTec-AD,grid,42,degradation,gaussian_blur,severe,none,0.8395990133285522,augmented
PaDiM,MVTec-AD,grid,42,rescue,gaussian_blur,severe,Wiener,0.485380083322525,augmented
PaDiM,MVTec-AD,grid,42,degradation,motion_blur,mild,none,0.7351713180541992,augmented
PaDiM,MVTec-AD,grid,42,rescue,motion_blur,mild,Wiener (Motion PSF),0.611528754234314,augmented
PaDiM,MVTec-AD,grid,42,degradation,motion_blur,moderate,none,0.621553897857666,augmented
PaDiM,MVTec-AD,grid,42,rescue,motion_blur,moderate,Wiener (Motion PSF),0.61654132604599,augmented
PaDiM,MVTec-AD,grid,42,degradation,motion_blur,severe,none,0.6499582529067993,augmented
PaDiM,MVTec-AD,grid,42,rescue,motion_blur,severe,Wiener (Motion PSF),0.5618212223052979,augmented
PaDiM,MVTec-AD,grid,42,degradation,sensor_noise,mild,none,0.6783626079559326,augmented
PaDiM,MVTec-AD,grid,42,rescue,sensor_noise,mild,NLM Denoise,0.8705096244812012,augmented
PaDiM,MVTec-AD,grid,42,degradation,sensor_noise,moderate,none,0.6658312678337097,augmented
PaDiM,MVTec-AD,grid,42,rescue,sensor_noise,moderate,NLM Denoise,0.8504594564437866,augmented
PaDiM,MVTec-AD,grid,42,degradation,sensor_noise,severe,none,0.614870548248291,augmented
PaDiM,MVTec-AD,grid,42,rescue,sensor_noise,severe,NLM Denoise,0.7777777910232544,augmented
PaDiM,MVTec-AD,grid,42,degradation,fog_haze,mild,none,0.847953200340271,augmented
PaDiM,MVTec-AD,grid,42,rescue,fog_haze,mild,Dehaze (Dark Channel),0.7610693573951721,augmented
PaDiM,MVTec-AD,grid,42,degradation,fog_haze,moderate,none,0.6307435035705566,augmented
PaDiM,MVTec-AD,grid,42,rescue,fog_haze,moderate,Dehaze (Dark Channel),0.4720133543014526,augmented
PaDiM,MVTec-AD,grid,42,degradation,fog_haze,severe,none,0.5121135711669922,augmented
PaDiM,MVTec-AD,grid,42,rescue,fog_haze,severe,Dehaze (Dark Channel),0.3993316292762756,augmented
PaDiM,MVTec-AD,grid,123,baseline,clean,none,none,0.9273183345794678,augmented
PaDiM,MVTec-AD,grid,123,degradation,low_light,mild,none,0.9106099605560304,augmented
PaDiM,MVTec-AD,grid,123,rescue,low_light,mild,CLAHE,0.8538011312484741,augmented
PaDiM,MVTec-AD,grid,123,rescue,low_light,mild,Retinex,0.8120300769805908,augmented
PaDiM,MVTec-AD,grid,123,degradation,low_light,moderate,none,0.8922305107116699,augmented
PaDiM,MVTec-AD,grid,123,rescue,low_light,moderate,CLAHE,0.8153717517852783,augmented
PaDiM,MVTec-AD,grid,123,rescue,low_light,moderate,Retinex,0.8220551609992981,augmented
PaDiM,MVTec-AD,grid,123,degradation,low_light,severe,none,0.8755221366882324,augmented
PaDiM,MVTec-AD,grid,123,rescue,low_light,severe,CLAHE,0.8220551013946533,augmented
PaDiM,MVTec-AD,grid,123,rescue,low_light,severe,Retinex,0.8220551609992981,augmented
PaDiM,MVTec-AD,grid,123,degradation,gaussian_blur,mild,none,0.8654970526695251,augmented
PaDiM,MVTec-AD,grid,123,rescue,gaussian_blur,mild,Wiener,0.6157059669494629,augmented
PaDiM,MVTec-AD,grid,123,degradation,gaussian_blur,moderate,none,0.6975772380828857,augmented
PaDiM,MVTec-AD,grid,123,rescue,gaussian_blur,moderate,Wiener,0.5,augmented
PaDiM,MVTec-AD,grid,123,degradation,gaussian_blur,severe,none,0.7251461744308472,augmented
PaDiM,MVTec-AD,grid,123,rescue,gaussian_blur,severe,Wiener,0.4803675711154938,augmented
PaDiM,MVTec-AD,grid,123,degradation,motion_blur,mild,none,0.8253967761993408,augmented
PaDiM,MVTec-AD,grid,123,rescue,motion_blur,mild,Wiener (Motion PSF),0.5563910007476807,augmented
PaDiM,MVTec-AD,grid,123,degradation,motion_blur,moderate,none,0.6073516607284546,augmented
PaDiM,MVTec-AD,grid,123,rescue,motion_blur,moderate,Wiener (Motion PSF),0.6908938884735107,augmented
PaDiM,MVTec-AD,grid,123,degradation,motion_blur,severe,none,0.6934001445770264,augmented
PaDiM,MVTec-AD,grid,123,rescue,motion_blur,severe,Wiener (Motion PSF),0.5129489898681641,augmented
PaDiM,MVTec-AD,grid,123,degradation,sensor_noise,mild,none,0.7736006379127502,augmented
PaDiM,MVTec-AD,grid,123,rescue,sensor_noise,mild,NLM Denoise,0.878028392791748,augmented
PaDiM,MVTec-AD,grid,123,degradation,sensor_noise,moderate,none,0.6867167949676514,augmented
PaDiM,MVTec-AD,grid,123,rescue,sensor_noise,moderate,NLM Denoise,0.6516290903091431,augmented
PaDiM,MVTec-AD,grid,123,degradation,sensor_noise,severe,none,0.6065162420272827,augmented
PaDiM,MVTec-AD,grid,123,rescue,sensor_noise,severe,NLM Denoise,0.5338345766067505,augmented
PaDiM,MVTec-AD,grid,123,degradation,fog_haze,mild,none,0.8663325309753418,augmented
PaDiM,MVTec-AD,grid,123,rescue,fog_haze,mild,Dehaze (Dark Channel),0.8638262748718262,augmented
PaDiM,MVTec-AD,grid,123,degradation,fog_haze,moderate,none,0.5630743503570557,augmented
PaDiM,MVTec-AD,grid,123,rescue,fog_haze,moderate,Dehaze (Dark Channel),0.3955722451210022,augmented
PaDiM,MVTec-AD,grid,123,degradation,fog_haze,severe,none,0.3901419937610626,augmented
PaDiM,MVTec-AD,grid,123,rescue,fog_haze,severe,Dehaze (Dark Channel),0.3329156041145324,augmented
PaDiM,MVTec-AD,grid,456,baseline,clean,none,none,0.9289891719818116,augmented
PaDiM,MVTec-AD,grid,456,degradation,low_light,mild,none,0.9306599497795104,augmented
PaDiM,MVTec-AD,grid,456,rescue,low_light,mild,CLAHE,0.8253967761993408,augmented
PaDiM,MVTec-AD,grid,456,rescue,low_light,mild,Retinex,0.8654970526695251,augmented
PaDiM,MVTec-AD,grid,456,degradation,low_light,moderate,none,0.9089390635490416,augmented
PaDiM,MVTec-AD,grid,456,rescue,low_light,moderate,CLAHE,0.7301587462425232,augmented
PaDiM,MVTec-AD,grid,456,rescue,low_light,moderate,Retinex,0.8245614171028137,augmented
PaDiM,MVTec-AD,grid,456,degradation,low_light,severe,none,0.8780284523963928,augmented
PaDiM,MVTec-AD,grid,456,rescue,low_light,severe,CLAHE,0.7560567855834961,augmented
PaDiM,MVTec-AD,grid,456,rescue,low_light,severe,Retinex,0.8279030919075012,augmented
PaDiM,MVTec-AD,grid,456,degradation,gaussian_blur,mild,none,0.9482039213180542,augmented
PaDiM,MVTec-AD,grid,456,rescue,gaussian_blur,mild,Wiener,0.5162907242774963,augmented
PaDiM,MVTec-AD,grid,456,degradation,gaussian_blur,moderate,none,0.8446115255355835,augmented
PaDiM,MVTec-AD,grid,456,rescue,gaussian_blur,moderate,Wiener,0.5,augmented
PaDiM,MVTec-AD,grid,456,degradation,gaussian_blur,severe,none,0.926482915878296,augmented
PaDiM,MVTec-AD,grid,456,rescue,gaussian_blur,severe,Wiener,0.5,augmented
PaDiM,MVTec-AD,grid,456,degradation,motion_blur,mild,none,0.7919799089431763,augmented
PaDiM,MVTec-AD,grid,456,rescue,motion_blur,mild,Wiener (Motion PSF),0.6240601539611816,augmented
PaDiM,MVTec-AD,grid,456,degradation,motion_blur,moderate,none,0.798663318157196,augmented
PaDiM,MVTec-AD,grid,456,rescue,motion_blur,moderate,Wiener (Motion PSF),0.5756056308746338,augmented
PaDiM,MVTec-AD,grid,456,degradation,motion_blur,severe,none,0.8053467273712158,augmented
PaDiM,MVTec-AD,grid,456,rescue,motion_blur,severe,Wiener (Motion PSF),0.530492901802063,augmented
PaDiM,MVTec-AD,grid,456,degradation,sensor_noise,mild,none,0.775271475315094,augmented
PaDiM,MVTec-AD,grid,456,rescue,sensor_noise,mild,NLM Denoise,0.8939014673233032,augmented
PaDiM,MVTec-AD,grid,456,degradation,sensor_noise,moderate,none,0.6925647258758545,augmented
PaDiM,MVTec-AD,grid,456,rescue,sensor_noise,moderate,NLM Denoise,0.5898078680038452,augmented
PaDiM,MVTec-AD,grid,456,degradation,sensor_noise,severe,none,0.6090225577354431,augmented
PaDiM,MVTec-AD,grid,456,rescue,sensor_noise,severe,NLM Denoise,0.5029239654541016,augmented
PaDiM,MVTec-AD,grid,456,degradation,fog_haze,mild,none,0.9214702844619752,augmented
PaDiM,MVTec-AD,grid,456,rescue,fog_haze,mild,Dehaze (Dark Channel),0.7660819292068481,augmented
PaDiM,MVTec-AD,grid,456,degradation,fog_haze,moderate,none,0.5868839025497437,augmented
PaDiM,MVTec-AD,grid,456,rescue,fog_haze,moderate,Dehaze (Dark Channel),0.4310776591300964,augmented
PaDiM,MVTec-AD,grid,456,degradation,fog_haze,severe,none,0.4030910730361938,augmented
PaDiM,MVTec-AD,grid,456,rescue,fog_haze,severe,Dehaze (Dark Channel),0.3575605750083923,augmented
PaDiM,MVTec-AD,hazelnut,42,baseline,clean,none,none,0.8896428942680359,augmented
PaDiM,MVTec-AD,hazelnut,42,degradation,low_light,mild,none,0.8732143044471741,augmented
PaDiM,MVTec-AD,hazelnut,42,rescue,low_light,mild,CLAHE,0.8485714197158813,augmented
PaDiM,MVTec-AD,hazelnut,42,rescue,low_light,mild,Retinex,0.6092857122421265,augmented
PaDiM,MVTec-AD,hazelnut,42,degradation,low_light,moderate,none,0.8767856955528259,augmented
PaDiM,MVTec-AD,hazelnut,42,rescue,low_light,moderate,CLAHE,0.8932142853736877,augmented
PaDiM,MVTec-AD,hazelnut,42,rescue,low_light,moderate,Retinex,0.6314285397529602,augmented
PaDiM,MVTec-AD,hazelnut,42,degradation,low_light,severe,none,0.8064286112785339,augmented
PaDiM,MVTec-AD,hazelnut,42,rescue,low_light,severe,CLAHE,0.8299999833106995,augmented
PaDiM,MVTec-AD,hazelnut,42,rescue,low_light,severe,Retinex,0.675000011920929,augmented
PaDiM,MVTec-AD,hazelnut,42,degradation,gaussian_blur,mild,none,0.8253570795059204,augmented
PaDiM,MVTec-AD,hazelnut,42,rescue,gaussian_blur,mild,Wiener,0.4664285778999328,augmented
PaDiM,MVTec-AD,hazelnut,42,degradation,gaussian_blur,moderate,none,0.7407143115997314,augmented
PaDiM,MVTec-AD,hazelnut,42,rescue,gaussian_blur,moderate,Wiener,0.5532143115997314,augmented
PaDiM,MVTec-AD,hazelnut,42,degradation,gaussian_blur,severe,none,0.6303571462631226,augmented
PaDiM,MVTec-AD,hazelnut,42,rescue,gaussian_blur,severe,Wiener,0.5264285802841187,augmented
PaDiM,MVTec-AD,hazelnut,42,degradation,motion_blur,mild,none,0.7996429204940796,augmented
PaDiM,MVTec-AD,hazelnut,42,rescue,motion_blur,mild,Wiener (Motion PSF),0.4808928668498993,augmented
PaDiM,MVTec-AD,hazelnut,42,degradation,motion_blur,moderate,none,0.7003570795059204,augmented
PaDiM,MVTec-AD,hazelnut,42,rescue,motion_blur,moderate,Wiener (Motion PSF),0.5710713863372803,augmented
PaDiM,MVTec-AD,hazelnut,42,degradation,motion_blur,severe,none,0.6721428632736206,augmented
PaDiM,MVTec-AD,hazelnut,42,rescue,motion_blur,severe,Wiener (Motion PSF),0.4514285922050476,augmented
PaDiM,MVTec-AD,hazelnut,42,degradation,sensor_noise,mild,none,0.5317856669425964,augmented
PaDiM,MVTec-AD,hazelnut,42,rescue,sensor_noise,mild,NLM Denoise,0.645714282989502,augmented
PaDiM,MVTec-AD,hazelnut,42,degradation,sensor_noise,moderate,none,0.5282142758369446,augmented
PaDiM,MVTec-AD,hazelnut,42,rescue,sensor_noise,moderate,NLM Denoise,0.5671428442001343,augmented
PaDiM,MVTec-AD,hazelnut,42,degradation,sensor_noise,severe,none,0.5266071557998657,augmented
PaDiM,MVTec-AD,hazelnut,42,rescue,sensor_noise,severe,NLM Denoise,0.5503571033477783,augmented
PaDiM,MVTec-AD,hazelnut,42,degradation,fog_haze,mild,none,0.6524999737739563,augmented
PaDiM,MVTec-AD,hazelnut,42,rescue,fog_haze,mild,Dehaze (Dark Channel),0.5244642496109009,augmented
PaDiM,MVTec-AD,hazelnut,42,degradation,fog_haze,moderate,none,0.576964259147644,augmented
PaDiM,MVTec-AD,hazelnut,42,rescue,fog_haze,moderate,Dehaze (Dark Channel),0.5341070890426636,augmented
PaDiM,MVTec-AD,hazelnut,42,degradation,fog_haze,severe,none,0.5400000214576721,augmented
PaDiM,MVTec-AD,hazelnut,42,rescue,fog_haze,severe,Dehaze (Dark Channel),0.4950000345706939,augmented
PaDiM,MVTec-AD,hazelnut,123,baseline,clean,none,none,0.8453571200370789,augmented
PaDiM,MVTec-AD,hazelnut,123,degradation,low_light,mild,none,0.8942856788635254,augmented
PaDiM,MVTec-AD,hazelnut,123,rescue,low_light,mild,CLAHE,0.8107142448425293,augmented
PaDiM,MVTec-AD,hazelnut,123,rescue,low_light,mild,Retinex,0.7932142615318298,augmented
PaDiM,MVTec-AD,hazelnut,123,degradation,low_light,moderate,none,0.918928563594818,augmented
PaDiM,MVTec-AD,hazelnut,123,rescue,low_light,moderate,CLAHE,0.8349999189376831,augmented
PaDiM,MVTec-AD,hazelnut,123,rescue,low_light,moderate,Retinex,0.5839285850524902,augmented
PaDiM,MVTec-AD,hazelnut,123,degradation,low_light,severe,none,0.9117857217788696,augmented
PaDiM,MVTec-AD,hazelnut,123,rescue,low_light,severe,CLAHE,0.9375,augmented
PaDiM,MVTec-AD,hazelnut,123,rescue,low_light,severe,Retinex,0.4700000286102295,augmented
PaDiM,MVTec-AD,hazelnut,123,degradation,gaussian_blur,mild,none,0.760357141494751,augmented
PaDiM,MVTec-AD,hazelnut,123,rescue,gaussian_blur,mild,Wiener,0.5635714530944824,augmented
PaDiM,MVTec-AD,hazelnut,123,degradation,gaussian_blur,moderate,none,0.6796428561210632,augmented
PaDiM,MVTec-AD,hazelnut,123,rescue,gaussian_blur,moderate,Wiener,0.5425000190734863,augmented
PaDiM,MVTec-AD,hazelnut,123,degradation,gaussian_blur,severe,none,0.6274999380111694,augmented
PaDiM,MVTec-AD,hazelnut,123,rescue,gaussian_blur,severe,Wiener,0.4439285397529602,augmented
PaDiM,MVTec-AD,hazelnut,123,degradation,motion_blur,mild,none,0.6503571271896362,augmented
PaDiM,MVTec-AD,hazelnut,123,rescue,motion_blur,mild,Wiener (Motion PSF),0.7339285612106323,augmented
PaDiM,MVTec-AD,hazelnut,123,degradation,motion_blur,moderate,none,0.6425000429153442,augmented
PaDiM,MVTec-AD,hazelnut,123,rescue,motion_blur,moderate,Wiener (Motion PSF),0.5864285826683044,augmented
PaDiM,MVTec-AD,hazelnut,123,degradation,motion_blur,severe,none,0.6910713911056519,augmented
PaDiM,MVTec-AD,hazelnut,123,rescue,motion_blur,severe,Wiener (Motion PSF),0.4775000214576721,augmented
PaDiM,MVTec-AD,hazelnut,123,degradation,sensor_noise,mild,none,0.6539285182952881,augmented
PaDiM,MVTec-AD,hazelnut,123,rescue,sensor_noise,mild,NLM Denoise,0.4664285778999328,augmented
PaDiM,MVTec-AD,hazelnut,123,degradation,sensor_noise,moderate,none,0.6592857241630554,augmented
PaDiM,MVTec-AD,hazelnut,123,rescue,sensor_noise,moderate,NLM Denoise,0.4439285695552826,augmented
PaDiM,MVTec-AD,hazelnut,123,degradation,sensor_noise,severe,none,0.6828571557998657,augmented
PaDiM,MVTec-AD,hazelnut,123,rescue,sensor_noise,severe,NLM Denoise,0.4753571450710296,augmented
PaDiM,MVTec-AD,hazelnut,123,degradation,fog_haze,mild,none,0.631428599357605,augmented
PaDiM,MVTec-AD,hazelnut,123,rescue,fog_haze,mild,Dehaze (Dark Channel),0.5298214554786682,augmented
PaDiM,MVTec-AD,hazelnut,123,degradation,fog_haze,moderate,none,0.5587500333786011,augmented
PaDiM,MVTec-AD,hazelnut,123,rescue,fog_haze,moderate,Dehaze (Dark Channel),0.3991071581840515,augmented
PaDiM,MVTec-AD,hazelnut,123,degradation,fog_haze,severe,none,0.5276786088943481,augmented
PaDiM,MVTec-AD,hazelnut,123,rescue,fog_haze,severe,Dehaze (Dark Channel),0.4239285886287689,augmented
PaDiM,MVTec-AD,hazelnut,456,baseline,clean,none,none,0.7828571796417236,augmented
PaDiM,MVTec-AD,hazelnut,456,degradation,low_light,mild,none,0.7685713768005371,augmented
PaDiM,MVTec-AD,hazelnut,456,rescue,low_light,mild,CLAHE,0.7469643354415894,augmented
PaDiM,MVTec-AD,hazelnut,456,rescue,low_light,mild,Retinex,0.4467857480049133,augmented
PaDiM,MVTec-AD,hazelnut,456,degradation,low_light,moderate,none,0.7053571939468384,augmented
PaDiM,MVTec-AD,hazelnut,456,rescue,low_light,moderate,CLAHE,0.725357174873352,augmented
PaDiM,MVTec-AD,hazelnut,456,rescue,low_light,moderate,Retinex,0.6775000095367432,augmented
PaDiM,MVTec-AD,hazelnut,456,degradation,low_light,severe,none,0.6635714173316956,augmented
PaDiM,MVTec-AD,hazelnut,456,rescue,low_light,severe,CLAHE,0.7142857313156128,augmented
PaDiM,MVTec-AD,hazelnut,456,rescue,low_light,severe,Retinex,0.7498214244842529,augmented
PaDiM,MVTec-AD,hazelnut,456,degradation,gaussian_blur,mild,none,0.7385714054107666,augmented
PaDiM,MVTec-AD,hazelnut,456,rescue,gaussian_blur,mild,Wiener,0.476250022649765,augmented
PaDiM,MVTec-AD,hazelnut,456,degradation,gaussian_blur,moderate,none,0.6328571438789368,augmented
PaDiM,MVTec-AD,hazelnut,456,rescue,gaussian_blur,moderate,Wiener,0.550000011920929,augmented
PaDiM,MVTec-AD,hazelnut,456,degradation,gaussian_blur,severe,none,0.5503571033477783,augmented
PaDiM,MVTec-AD,hazelnut,456,rescue,gaussian_blur,severe,Wiener,0.5,augmented
PaDiM,MVTec-AD,hazelnut,456,degradation,motion_blur,mild,none,0.6225000619888306,augmented
PaDiM,MVTec-AD,hazelnut,456,rescue,motion_blur,mild,Wiener (Motion PSF),0.4939285814762115,augmented
PaDiM,MVTec-AD,hazelnut,456,degradation,motion_blur,moderate,none,0.5178571343421936,augmented
PaDiM,MVTec-AD,hazelnut,456,rescue,motion_blur,moderate,Wiener (Motion PSF),0.5146428346633911,augmented
PaDiM,MVTec-AD,hazelnut,456,degradation,motion_blur,severe,none,0.6296428442001343,augmented
PaDiM,MVTec-AD,hazelnut,456,rescue,motion_blur,severe,Wiener (Motion PSF),0.4857142865657806,augmented
PaDiM,MVTec-AD,hazelnut,456,degradation,sensor_noise,mild,none,0.5628571510314941,augmented
PaDiM,MVTec-AD,hazelnut,456,rescue,sensor_noise,mild,NLM Denoise,0.523392915725708,augmented
PaDiM,MVTec-AD,hazelnut,456,degradation,sensor_noise,moderate,none,0.5591071844100952,augmented
PaDiM,MVTec-AD,hazelnut,456,rescue,sensor_noise,moderate,NLM Denoise,0.5457143187522888,augmented
PaDiM,MVTec-AD,hazelnut,456,degradation,sensor_noise,severe,none,0.5887500047683716,augmented
PaDiM,MVTec-AD,hazelnut,456,rescue,sensor_noise,severe,NLM Denoise,0.554107129573822,augmented
PaDiM,MVTec-AD,hazelnut,456,degradation,fog_haze,mild,none,0.5660714507102966,augmented
PaDiM,MVTec-AD,hazelnut,456,rescue,fog_haze,mild,Dehaze (Dark Channel),0.6053571701049805,augmented
PaDiM,MVTec-AD,hazelnut,456,degradation,fog_haze,moderate,none,0.5278571248054504,augmented
PaDiM,MVTec-AD,hazelnut,456,rescue,fog_haze,moderate,Dehaze (Dark Channel),0.4857142865657806,augmented
PaDiM,MVTec-AD,hazelnut,456,degradation,fog_haze,severe,none,0.5,augmented
PaDiM,MVTec-AD,hazelnut,456,rescue,fog_haze,severe,Dehaze (Dark Channel),0.4928571283817291,augmented
PaDiM,MVTec-AD,leather,42,baseline,clean,none,none,0.9728260040283204,augmented
PaDiM,MVTec-AD,leather,42,degradation,low_light,mild,none,0.9300271272659302,augmented
PaDiM,MVTec-AD,leather,42,rescue,low_light,mild,CLAHE,0.9171196222305298,augmented
PaDiM,MVTec-AD,leather,42,rescue,low_light,mild,Retinex,0.8508831262588501,augmented
PaDiM,MVTec-AD,leather,42,degradation,low_light,moderate,none,0.9042119979858398,augmented
PaDiM,MVTec-AD,leather,42,rescue,low_light,moderate,CLAHE,0.8930027484893799,augmented
PaDiM,MVTec-AD,leather,42,rescue,low_light,moderate,Retinex,0.8899456262588501,augmented
PaDiM,MVTec-AD,leather,42,degradation,low_light,severe,none,0.92289400100708,augmented
PaDiM,MVTec-AD,leather,42,rescue,low_light,severe,CLAHE,0.8963994979858398,augmented
PaDiM,MVTec-AD,leather,42,rescue,low_light,severe,Retinex,0.8685462474822998,augmented
PaDiM,MVTec-AD,leather,42,degradation,gaussian_blur,mild,none,0.9500678777694702,augmented
PaDiM,MVTec-AD,leather,42,rescue,gaussian_blur,mild,Wiener,0.91338312625885,augmented
PaDiM,MVTec-AD,leather,42,degradation,gaussian_blur,moderate,none,0.8223505020141602,augmented
PaDiM,MVTec-AD,leather,42,rescue,gaussian_blur,moderate,Wiener,0.5224184989929199,augmented
PaDiM,MVTec-AD,leather,42,degradation,gaussian_blur,severe,none,0.7445652484893799,augmented
PaDiM,MVTec-AD,leather,42,rescue,gaussian_blur,severe,Wiener,0.6671196222305298,augmented
PaDiM,MVTec-AD,leather,42,degradation,motion_blur,mild,none,0.93580162525177,augmented
PaDiM,MVTec-AD,leather,42,rescue,motion_blur,mild,Wiener (Motion PSF),0.91813862323761,augmented
PaDiM,MVTec-AD,leather,42,degradation,motion_blur,moderate,none,0.931046187877655,augmented
PaDiM,MVTec-AD,leather,42,rescue,motion_blur,moderate,Wiener (Motion PSF),0.91474187374115,augmented
PaDiM,MVTec-AD,leather,42,degradation,motion_blur,severe,none,0.944972813129425,augmented
PaDiM,MVTec-AD,leather,42,rescue,motion_blur,severe,Wiener (Motion PSF),0.7832880616188049,augmented
PaDiM,MVTec-AD,leather,42,degradation,sensor_noise,mild,none,0.94904887676239,augmented
PaDiM,MVTec-AD,leather,42,rescue,sensor_noise,mild,NLM Denoise,0.80910325050354,augmented
PaDiM,MVTec-AD,leather,42,degradation,sensor_noise,moderate,none,0.9161005020141602,augmented
PaDiM,MVTec-AD,leather,42,rescue,sensor_noise,moderate,NLM Denoise,0.6460597515106201,augmented
PaDiM,MVTec-AD,leather,42,degradation,sensor_noise,severe,none,0.85597825050354,augmented
PaDiM,MVTec-AD,leather,42,rescue,sensor_noise,severe,NLM Denoise,0.56419837474823,augmented
PaDiM,MVTec-AD,leather,42,degradation,fog_haze,mild,none,0.53464674949646,augmented
PaDiM,MVTec-AD,leather,42,rescue,fog_haze,mild,Dehaze (Dark Channel),0.691745936870575,augmented
PaDiM,MVTec-AD,leather,42,degradation,fog_haze,moderate,none,0.4928668439388275,augmented
PaDiM,MVTec-AD,leather,42,rescue,fog_haze,moderate,Dehaze (Dark Channel),0.42798912525177,augmented
PaDiM,MVTec-AD,leather,42,degradation,fog_haze,severe,none,0.4918478429317474,augmented
PaDiM,MVTec-AD,leather,42,rescue,fog_haze,severe,Dehaze (Dark Channel),0.493546187877655,augmented
PaDiM,MVTec-AD,leather,123,baseline,clean,none,none,0.99830162525177,augmented
PaDiM,MVTec-AD,leather,123,degradation,low_light,mild,none,0.91576087474823,augmented
PaDiM,MVTec-AD,leather,123,rescue,low_light,mild,CLAHE,0.885869562625885,augmented
PaDiM,MVTec-AD,leather,123,rescue,low_light,mild,Retinex,0.983016312122345,augmented
PaDiM,MVTec-AD,leather,123,degradation,low_light,moderate,none,0.90726900100708,augmented
PaDiM,MVTec-AD,leather,123,rescue,low_light,moderate,CLAHE,0.92730975151062,augmented
PaDiM,MVTec-AD,leather,123,rescue,low_light,moderate,Retinex,0.92255437374115,augmented
PaDiM,MVTec-AD,leather,123,degradation,low_light,severe,none,0.90353262424469,augmented
PaDiM,MVTec-AD,leather,123,rescue,low_light,severe,CLAHE,0.90726900100708,augmented
PaDiM,MVTec-AD,leather,123,rescue,low_light,severe,Retinex,0.81419837474823,augmented
PaDiM,MVTec-AD,leather,123,degradation,gaussian_blur,mild,none,0.99388587474823,augmented
PaDiM,MVTec-AD,leather,123,rescue,gaussian_blur,mild,Wiener,0.99558424949646,augmented
PaDiM,MVTec-AD,leather,123,degradation,gaussian_blur,moderate,none,0.98539400100708,augmented
PaDiM,MVTec-AD,leather,123,rescue,gaussian_blur,moderate,Wiener,0.4855638742446899,augmented
PaDiM,MVTec-AD,leather,123,degradation,gaussian_blur,severe,none,0.969089686870575,augmented
PaDiM,MVTec-AD,leather,123,rescue,gaussian_blur,severe,Wiener,0.56861412525177,augmented
PaDiM,MVTec-AD,leather,123,degradation,motion_blur,mild,none,0.97384512424469,augmented
PaDiM,MVTec-AD,leather,123,rescue,motion_blur,mild,Wiener (Motion PSF),0.9758831858634948,augmented
PaDiM,MVTec-AD,leather,123,degradation,motion_blur,moderate,none,0.96603262424469,augmented
PaDiM,MVTec-AD,leather,123,rescue,motion_blur,moderate,Wiener (Motion PSF),0.79076087474823,augmented
PaDiM,MVTec-AD,leather,123,degradation,motion_blur,severe,none,0.96773099899292,augmented
PaDiM,MVTec-AD,leather,123,rescue,motion_blur,severe,Wiener (Motion PSF),0.8332201242446899,augmented
PaDiM,MVTec-AD,leather,123,degradation,sensor_noise,mild,none,0.91644024848938,augmented
PaDiM,MVTec-AD,leather,123,rescue,sensor_noise,mild,NLM Denoise,0.90896737575531,augmented
PaDiM,MVTec-AD,leather,123,degradation,sensor_noise,moderate,none,0.86277174949646,augmented
PaDiM,MVTec-AD,leather,123,rescue,sensor_noise,moderate,NLM Denoise,0.7211277484893799,augmented
PaDiM,MVTec-AD,leather,123,degradation,sensor_noise,severe,none,0.8746603727340698,augmented
PaDiM,MVTec-AD,leather,123,rescue,sensor_noise,severe,NLM Denoise,0.6100543737411499,augmented
PaDiM,MVTec-AD,leather,123,degradation,fog_haze,mild,none,0.86379075050354,augmented
PaDiM,MVTec-AD,leather,123,rescue,fog_haze,mild,Dehaze (Dark Channel),0.760869562625885,augmented
PaDiM,MVTec-AD,leather,123,degradation,fog_haze,moderate,none,0.6694973111152649,augmented
PaDiM,MVTec-AD,leather,123,rescue,fog_haze,moderate,Dehaze (Dark Channel),0.4707880616188049,augmented
PaDiM,MVTec-AD,leather,123,degradation,fog_haze,severe,none,0.59816575050354,augmented
PaDiM,MVTec-AD,leather,123,rescue,fog_haze,severe,Dehaze (Dark Channel),0.55638587474823,augmented
PaDiM,MVTec-AD,leather,456,baseline,clean,none,none,1.0,augmented
PaDiM,MVTec-AD,leather,456,degradation,low_light,mild,none,0.960597813129425,augmented
PaDiM,MVTec-AD,leather,456,rescue,low_light,mild,CLAHE,0.96025812625885,augmented
PaDiM,MVTec-AD,leather,456,rescue,low_light,mild,Retinex,1.0,augmented
PaDiM,MVTec-AD,leather,456,degradation,low_light,moderate,none,0.93478262424469,augmented
PaDiM,MVTec-AD,leather,456,rescue,low_light,moderate,CLAHE,0.9249320030212402,augmented
PaDiM,MVTec-AD,leather,456,rescue,low_light,moderate,Retinex,0.9684103727340698,augmented
PaDiM,MVTec-AD,leather,456,degradation,low_light,severe,none,0.8994565010070801,augmented
PaDiM,MVTec-AD,leather,456,rescue,low_light,severe,CLAHE,0.9065897464752196,augmented
PaDiM,MVTec-AD,leather,456,rescue,low_light,severe,Retinex,0.8709238767623901,augmented
PaDiM,MVTec-AD,leather,456,degradation,gaussian_blur,mild,none,0.99320650100708,augmented
PaDiM,MVTec-AD,leather,456,rescue,gaussian_blur,mild,Wiener,0.8243886232376099,augmented
PaDiM,MVTec-AD,leather,456,degradation,gaussian_blur,moderate,none,0.94633150100708,augmented
PaDiM,MVTec-AD,leather,456,rescue,gaussian_blur,moderate,Wiener,0.6569293737411499,augmented
PaDiM,MVTec-AD,leather,456,degradation,gaussian_blur,severe,none,0.8879076242446899,augmented
PaDiM,MVTec-AD,leather,456,rescue,gaussian_blur,severe,Wiener,0.5169836282730103,augmented
PaDiM,MVTec-AD,leather,456,degradation,motion_blur,mild,none,0.99388587474823,augmented
PaDiM,MVTec-AD,leather,456,rescue,motion_blur,mild,Wiener (Motion PSF),0.90455162525177,augmented
PaDiM,MVTec-AD,leather,456,degradation,motion_blur,moderate,none,0.971807062625885,augmented
PaDiM,MVTec-AD,leather,456,rescue,motion_blur,moderate,Wiener (Motion PSF),0.792119562625885,augmented
PaDiM,MVTec-AD,leather,456,degradation,motion_blur,severe,none,0.96535325050354,augmented
PaDiM,MVTec-AD,leather,456,rescue,motion_blur,severe,Wiener (Motion PSF),0.8614130616188049,augmented
PaDiM,MVTec-AD,leather,456,degradation,sensor_noise,mild,none,0.9765625,augmented
PaDiM,MVTec-AD,leather,456,rescue,sensor_noise,mild,NLM Denoise,0.93851900100708,augmented
PaDiM,MVTec-AD,leather,456,degradation,sensor_noise,moderate,none,0.93206524848938,augmented
PaDiM,MVTec-AD,leather,456,rescue,sensor_noise,moderate,NLM Denoise,0.846807062625885,augmented
PaDiM,MVTec-AD,leather,456,degradation,sensor_noise,severe,none,0.8332200646400452,augmented
PaDiM,MVTec-AD,leather,456,rescue,sensor_noise,severe,NLM Denoise,0.7255434989929199,augmented
PaDiM,MVTec-AD,leather,456,degradation,fog_haze,mild,none,0.5621603727340698,augmented
PaDiM,MVTec-AD,leather,456,rescue,fog_haze,mild,Dehaze (Dark Channel),0.5657268762588501,augmented
PaDiM,MVTec-AD,leather,456,degradation,fog_haze,moderate,none,0.6025815010070801,augmented
PaDiM,MVTec-AD,leather,456,rescue,fog_haze,moderate,Dehaze (Dark Channel),0.50611412525177,augmented
PaDiM,MVTec-AD,leather,456,degradation,fog_haze,severe,none,0.6399456262588501,augmented
PaDiM,MVTec-AD,leather,456,rescue,fog_haze,severe,Dehaze (Dark Channel),0.51902174949646,augmented
PaDiM,MVTec-AD,metal_nut,42,baseline,clean,none,none,0.8773216605186462,augmented
PaDiM,MVTec-AD,metal_nut,42,degradation,low_light,mild,none,0.8958944082260132,augmented
PaDiM,MVTec-AD,metal_nut,42,rescue,low_light,mild,CLAHE,0.7223851084709167,augmented
PaDiM,MVTec-AD,metal_nut,42,rescue,low_light,mild,Retinex,0.5415444374084473,augmented
PaDiM,MVTec-AD,metal_nut,42,degradation,low_light,moderate,none,0.8357771635055542,augmented
PaDiM,MVTec-AD,metal_nut,42,rescue,low_light,moderate,CLAHE,0.8494623899459839,augmented
PaDiM,MVTec-AD,metal_nut,42,rescue,low_light,moderate,Retinex,0.5151515007019043,augmented
PaDiM,MVTec-AD,metal_nut,42,degradation,low_light,severe,none,0.6649559736251831,augmented
PaDiM,MVTec-AD,metal_nut,42,rescue,low_light,severe,CLAHE,0.7575757503509521,augmented
PaDiM,MVTec-AD,metal_nut,42,rescue,low_light,severe,Retinex,0.4753176867961883,augmented
PaDiM,MVTec-AD,metal_nut,42,degradation,gaussian_blur,mild,none,0.8563050031661987,augmented
PaDiM,MVTec-AD,metal_nut,42,rescue,gaussian_blur,mild,Wiener,0.7126100063323975,augmented
PaDiM,MVTec-AD,metal_nut,42,degradation,gaussian_blur,moderate,none,0.6901270747184753,augmented
PaDiM,MVTec-AD,metal_nut,42,rescue,gaussian_blur,moderate,Wiener,0.5615835785865784,augmented
PaDiM,MVTec-AD,metal_nut,42,degradation,gaussian_blur,severe,none,0.5899315476417542,augmented
PaDiM,MVTec-AD,metal_nut,42,rescue,gaussian_blur,severe,Wiener,0.5332356095314026,augmented
PaDiM,MVTec-AD,metal_nut,42,degradation,motion_blur,mild,none,0.8289345502853394,augmented
PaDiM,MVTec-AD,metal_nut,42,rescue,motion_blur,mild,Wiener (Motion PSF),0.5161290168762207,augmented
PaDiM,MVTec-AD,metal_nut,42,degradation,motion_blur,moderate,none,0.7785923480987549,augmented
PaDiM,MVTec-AD,metal_nut,42,rescue,motion_blur,moderate,Wiener (Motion PSF),0.4921798408031463,augmented
PaDiM,MVTec-AD,metal_nut,42,degradation,motion_blur,severe,none,0.6798630952835083,augmented
PaDiM,MVTec-AD,metal_nut,42,rescue,motion_blur,severe,Wiener (Motion PSF),0.4899804592132568,augmented
PaDiM,MVTec-AD,metal_nut,42,degradation,sensor_noise,mild,none,0.6265884637832642,augmented
PaDiM,MVTec-AD,metal_nut,42,rescue,sensor_noise,mild,NLM Denoise,0.599706768989563,augmented
PaDiM,MVTec-AD,metal_nut,42,degradation,sensor_noise,moderate,none,0.4547898173332214,augmented
PaDiM,MVTec-AD,metal_nut,42,rescue,sensor_noise,moderate,NLM Denoise,0.5222384929656982,augmented
PaDiM,MVTec-AD,metal_nut,42,degradation,sensor_noise,severe,none,0.5298142433166504,augmented
PaDiM,MVTec-AD,metal_nut,42,rescue,sensor_noise,severe,NLM Denoise,0.5283480286598206,augmented
PaDiM,MVTec-AD,metal_nut,42,degradation,fog_haze,mild,none,0.507331371307373,augmented
PaDiM,MVTec-AD,metal_nut,42,rescue,fog_haze,mild,Dehaze (Dark Channel),0.5909091234207153,augmented
PaDiM,MVTec-AD,metal_nut,42,degradation,fog_haze,moderate,none,0.6742424368858337,augmented
PaDiM,MVTec-AD,metal_nut,42,rescue,fog_haze,moderate,Dehaze (Dark Channel),0.5928641557693481,augmented
PaDiM,MVTec-AD,metal_nut,42,degradation,fog_haze,severe,none,0.502443790435791,augmented
PaDiM,MVTec-AD,metal_nut,42,rescue,fog_haze,severe,Dehaze (Dark Channel),0.4919354915618896,augmented
PaDiM,MVTec-AD,metal_nut,123,baseline,clean,none,none,0.8807429075241089,augmented
PaDiM,MVTec-AD,metal_nut,123,degradation,low_light,mild,none,0.9398826956748962,augmented
PaDiM,MVTec-AD,metal_nut,123,rescue,low_light,mild,CLAHE,0.8797653913497925,augmented
PaDiM,MVTec-AD,metal_nut,123,rescue,low_light,mild,Retinex,0.4758064746856689,augmented
PaDiM,MVTec-AD,metal_nut,123,degradation,low_light,moderate,none,0.8240469098091125,augmented
PaDiM,MVTec-AD,metal_nut,123,rescue,low_light,moderate,CLAHE,0.7438905239105225,augmented
PaDiM,MVTec-AD,metal_nut,123,rescue,low_light,moderate,Retinex,0.5454545021057129,augmented
PaDiM,MVTec-AD,metal_nut,123,degradation,low_light,severe,none,0.7360703945159912,augmented
PaDiM,MVTec-AD,metal_nut,123,rescue,low_light,severe,CLAHE,0.7292277216911316,augmented
PaDiM,MVTec-AD,metal_nut,123,rescue,low_light,severe,Retinex,0.4728738963603973,augmented
PaDiM,MVTec-AD,metal_nut,123,degradation,gaussian_blur,mild,none,0.7326490879058838,augmented
PaDiM,MVTec-AD,metal_nut,123,rescue,gaussian_blur,mild,Wiener,0.619012713432312,augmented
PaDiM,MVTec-AD,metal_nut,123,degradation,gaussian_blur,moderate,none,0.5845552086830139,augmented
PaDiM,MVTec-AD,metal_nut,123,rescue,gaussian_blur,moderate,Wiener,0.4946236610412597,augmented
PaDiM,MVTec-AD,metal_nut,123,degradation,gaussian_blur,severe,none,0.665200412273407,augmented
PaDiM,MVTec-AD,metal_nut,123,rescue,gaussian_blur,severe,Wiener,0.5,augmented
PaDiM,MVTec-AD,metal_nut,123,degradation,motion_blur,mild,none,0.7324046492576599,augmented
PaDiM,MVTec-AD,metal_nut,123,rescue,motion_blur,mild,Wiener (Motion PSF),0.6168133020401001,augmented
PaDiM,MVTec-AD,metal_nut,123,degradation,motion_blur,moderate,none,0.7248289585113525,augmented
PaDiM,MVTec-AD,metal_nut,123,rescue,motion_blur,moderate,Wiener (Motion PSF),0.5742912888526917,augmented
PaDiM,MVTec-AD,metal_nut,123,degradation,motion_blur,severe,none,0.6617791056632996,augmented
PaDiM,MVTec-AD,metal_nut,123,rescue,motion_blur,severe,Wiener (Motion PSF),0.4105571806430816,augmented
PaDiM,MVTec-AD,metal_nut,123,degradation,sensor_noise,mild,none,0.5354350209236145,augmented
PaDiM,MVTec-AD,metal_nut,123,rescue,sensor_noise,mild,NLM Denoise,0.4093352854251861,augmented
PaDiM,MVTec-AD,metal_nut,123,degradation,sensor_noise,moderate,none,0.5889540910720825,augmented
PaDiM,MVTec-AD,metal_nut,123,rescue,sensor_noise,moderate,NLM Denoise,0.4210655093193054,augmented
PaDiM,MVTec-AD,metal_nut,123,degradation,sensor_noise,severe,none,0.63587486743927,augmented
PaDiM,MVTec-AD,metal_nut,123,rescue,sensor_noise,severe,NLM Denoise,0.4242424368858337,augmented
PaDiM,MVTec-AD,metal_nut,123,degradation,fog_haze,mild,none,0.567937433719635,augmented
PaDiM,MVTec-AD,metal_nut,123,rescue,fog_haze,mild,Dehaze (Dark Channel),0.5725806355476379,augmented
PaDiM,MVTec-AD,metal_nut,123,degradation,fog_haze,moderate,none,0.6104594469070435,augmented
PaDiM,MVTec-AD,metal_nut,123,rescue,fog_haze,moderate,Dehaze (Dark Channel),0.5821114778518677,augmented
PaDiM,MVTec-AD,metal_nut,123,degradation,fog_haze,severe,none,0.4872922897338867,augmented
PaDiM,MVTec-AD,metal_nut,123,rescue,fog_haze,severe,Dehaze (Dark Channel),0.5205278396606445,augmented
PaDiM,MVTec-AD,metal_nut,456,baseline,clean,none,none,0.9007819890975952,augmented
PaDiM,MVTec-AD,metal_nut,456,degradation,low_light,mild,none,0.8885630965232849,augmented
PaDiM,MVTec-AD,metal_nut,456,rescue,low_light,mild,CLAHE,0.8445747494697571,augmented
PaDiM,MVTec-AD,metal_nut,456,rescue,low_light,mild,Retinex,0.3998045027256012,augmented
PaDiM,MVTec-AD,metal_nut,456,degradation,low_light,moderate,none,0.8201369047164917,augmented
PaDiM,MVTec-AD,metal_nut,456,rescue,low_light,moderate,CLAHE,0.7800586223602295,augmented
PaDiM,MVTec-AD,metal_nut,456,rescue,low_light,moderate,Retinex,0.609481930732727,augmented
PaDiM,MVTec-AD,metal_nut,456,degradation,low_light,severe,none,0.733137845993042,augmented
PaDiM,MVTec-AD,metal_nut,456,rescue,low_light,severe,CLAHE,0.7194526195526123,augmented
PaDiM,MVTec-AD,metal_nut,456,rescue,low_light,severe,Retinex,0.6480938196182251,augmented
PaDiM,MVTec-AD,metal_nut,456,degradation,gaussian_blur,mild,none,0.7785923480987549,augmented
PaDiM,MVTec-AD,metal_nut,456,rescue,gaussian_blur,mild,Wiener,0.6994134783744812,augmented
PaDiM,MVTec-AD,metal_nut,456,degradation,gaussian_blur,moderate,none,0.6006842851638794,augmented
PaDiM,MVTec-AD,metal_nut,456,rescue,gaussian_blur,moderate,Wiener,0.582844614982605,augmented
PaDiM,MVTec-AD,metal_nut,456,degradation,gaussian_blur,severe,none,0.6681329011917114,augmented
PaDiM,MVTec-AD,metal_nut,456,rescue,gaussian_blur,severe,Wiener,0.5,augmented
PaDiM,MVTec-AD,metal_nut,456,degradation,motion_blur,mild,none,0.7844574451446533,augmented
PaDiM,MVTec-AD,metal_nut,456,rescue,motion_blur,mild,Wiener (Motion PSF),0.5874877572059631,augmented
PaDiM,MVTec-AD,metal_nut,456,degradation,motion_blur,moderate,none,0.7463343143463135,augmented
PaDiM,MVTec-AD,metal_nut,456,rescue,motion_blur,moderate,Wiener (Motion PSF),0.5122189521789551,augmented
PaDiM,MVTec-AD,metal_nut,456,degradation,motion_blur,severe,none,0.667155385017395,augmented
PaDiM,MVTec-AD,metal_nut,456,rescue,motion_blur,severe,Wiener (Motion PSF),0.5356793403625488,augmented
PaDiM,MVTec-AD,metal_nut,456,degradation,sensor_noise,mild,none,0.6461387872695923,augmented
PaDiM,MVTec-AD,metal_nut,456,rescue,sensor_noise,mild,NLM Denoise,0.5195503234863281,augmented
PaDiM,MVTec-AD,metal_nut,456,degradation,sensor_noise,moderate,none,0.6490713357925415,augmented
PaDiM,MVTec-AD,metal_nut,456,rescue,sensor_noise,moderate,NLM Denoise,0.5021994113922119,augmented
PaDiM,MVTec-AD,metal_nut,456,degradation,sensor_noise,severe,none,0.6649559736251831,augmented
PaDiM,MVTec-AD,metal_nut,456,rescue,sensor_noise,severe,NLM Denoise,0.4824047088623047,augmented
PaDiM,MVTec-AD,metal_nut,456,degradation,fog_haze,mild,none,0.6412512063980103,augmented
PaDiM,MVTec-AD,metal_nut,456,rescue,fog_haze,mild,Dehaze (Dark Channel),0.5786901116371155,augmented
PaDiM,MVTec-AD,metal_nut,456,degradation,fog_haze,moderate,none,0.6177907586097717,augmented
PaDiM,MVTec-AD,metal_nut,456,rescue,fog_haze,moderate,Dehaze (Dark Channel),0.5596285462379456,augmented
PaDiM,MVTec-AD,metal_nut,456,degradation,fog_haze,severe,none,0.4731182754039764,augmented
PaDiM,MVTec-AD,metal_nut,456,rescue,fog_haze,severe,Dehaze (Dark Channel),0.609481930732727,augmented
PaDiM,MVTec-AD,pill,42,baseline,clean,none,none,0.8226950168609619,augmented
PaDiM,MVTec-AD,pill,42,degradation,low_light,mild,none,0.7214947938919067,augmented
PaDiM,MVTec-AD,pill,42,rescue,low_light,mild,CLAHE,0.6789416074752808,augmented
PaDiM,MVTec-AD,pill,42,rescue,low_light,mild,Retinex,0.5646480917930603,augmented
PaDiM,MVTec-AD,pill,42,degradation,low_light,moderate,none,0.786415696144104,augmented
PaDiM,MVTec-AD,pill,42,rescue,low_light,moderate,CLAHE,0.6332514882087708,augmented
PaDiM,MVTec-AD,pill,42,rescue,low_light,moderate,Retinex,0.5081833004951477,augmented
PaDiM,MVTec-AD,pill,42,degradation,low_light,severe,none,0.7876431941986084,augmented
PaDiM,MVTec-AD,pill,42,rescue,low_light,severe,CLAHE,0.6369339823722839,augmented
PaDiM,MVTec-AD,pill,42,rescue,low_light,severe,Retinex,0.4929077923297882,augmented
PaDiM,MVTec-AD,pill,42,degradation,gaussian_blur,mild,none,0.6953082084655762,augmented
PaDiM,MVTec-AD,pill,42,rescue,gaussian_blur,mild,Wiener,0.6688488721847534,augmented
PaDiM,MVTec-AD,pill,42,degradation,gaussian_blur,moderate,none,0.6028368473052979,augmented
PaDiM,MVTec-AD,pill,42,rescue,gaussian_blur,moderate,Wiener,0.515821099281311,augmented
PaDiM,MVTec-AD,pill,42,degradation,gaussian_blur,severe,none,0.6282051205635071,augmented
PaDiM,MVTec-AD,pill,42,rescue,gaussian_blur,severe,Wiener,0.5087288618087769,augmented
PaDiM,MVTec-AD,pill,42,degradation,motion_blur,mild,none,0.7757773995399475,augmented
PaDiM,MVTec-AD,pill,42,rescue,motion_blur,mild,Wiener (Motion PSF),0.4045280814170837,augmented
PaDiM,MVTec-AD,pill,42,degradation,motion_blur,moderate,none,0.6733496785163879,augmented
PaDiM,MVTec-AD,pill,42,rescue,motion_blur,moderate,Wiener (Motion PSF),0.4566284716129303,augmented
PaDiM,MVTec-AD,pill,42,degradation,motion_blur,severe,none,0.527550458908081,augmented
PaDiM,MVTec-AD,pill,42,rescue,motion_blur,severe,Wiener (Motion PSF),0.4680851101875305,augmented
PaDiM,MVTec-AD,pill,42,degradation,sensor_noise,mild,none,0.4367157816886902,augmented
PaDiM,MVTec-AD,pill,42,rescue,sensor_noise,mild,NLM Denoise,0.607201337814331,augmented
PaDiM,MVTec-AD,pill,42,degradation,sensor_noise,moderate,none,0.4899072647094726,augmented
PaDiM,MVTec-AD,pill,42,rescue,sensor_noise,moderate,NLM Denoise,0.5623295307159424,augmented
PaDiM,MVTec-AD,pill,42,degradation,sensor_noise,severe,none,0.4811784029006958,augmented
PaDiM,MVTec-AD,pill,42,rescue,sensor_noise,severe,NLM Denoise,0.5062738656997681,augmented
PaDiM,MVTec-AD,pill,42,degradation,fog_haze,mild,none,0.566693902015686,augmented
PaDiM,MVTec-AD,pill,42,rescue,fog_haze,mild,Dehaze (Dark Channel),0.5152755379676819,augmented
PaDiM,MVTec-AD,pill,42,degradation,fog_haze,moderate,none,0.4532187581062317,augmented
PaDiM,MVTec-AD,pill,42,rescue,fog_haze,moderate,Dehaze (Dark Channel),0.4893617033958435,augmented
PaDiM,MVTec-AD,pill,42,degradation,fog_haze,severe,none,0.478723406791687,augmented
PaDiM,MVTec-AD,pill,42,rescue,fog_haze,severe,Dehaze (Dark Channel),0.5,augmented
PaDiM,MVTec-AD,pill,123,baseline,clean,none,none,0.8720676898956299,augmented
PaDiM,MVTec-AD,pill,123,degradation,low_light,mild,none,0.8237861394882202,augmented
PaDiM,MVTec-AD,pill,123,rescue,low_light,mild,CLAHE,0.7302236557006836,augmented
PaDiM,MVTec-AD,pill,123,rescue,low_light,mild,Retinex,0.5992907881736755,augmented
PaDiM,MVTec-AD,pill,123,degradation,low_light,moderate,none,0.798417866230011,augmented
PaDiM,MVTec-AD,pill,123,rescue,low_light,moderate,CLAHE,0.6478450298309326,augmented
PaDiM,MVTec-AD,pill,123,rescue,low_light,moderate,Retinex,0.6021549105644226,augmented
PaDiM,MVTec-AD,pill,123,degradation,low_light,severe,none,0.8139661550521851,augmented
PaDiM,MVTec-AD,pill,123,rescue,low_light,severe,CLAHE,0.7206764817237854,augmented
PaDiM,MVTec-AD,pill,123,rescue,low_light,severe,Retinex,0.5162302255630493,augmented
PaDiM,MVTec-AD,pill,123,degradation,gaussian_blur,mild,none,0.8387888669967651,augmented
PaDiM,MVTec-AD,pill,123,rescue,gaussian_blur,mild,Wiener,0.6767594218254089,augmented
PaDiM,MVTec-AD,pill,123,degradation,gaussian_blur,moderate,none,0.6887615919113159,augmented
PaDiM,MVTec-AD,pill,123,rescue,gaussian_blur,moderate,Wiener,0.5,augmented
PaDiM,MVTec-AD,pill,123,degradation,gaussian_blur,severe,none,0.6429350972175598,augmented
PaDiM,MVTec-AD,pill,123,rescue,gaussian_blur,severe,Wiener,0.5,augmented
PaDiM,MVTec-AD,pill,123,degradation,motion_blur,mild,none,0.777141273021698,augmented
PaDiM,MVTec-AD,pill,123,rescue,motion_blur,mild,Wiener (Motion PSF),0.4929077923297882,augmented
PaDiM,MVTec-AD,pill,123,degradation,motion_blur,moderate,none,0.7414075136184692,augmented
PaDiM,MVTec-AD,pill,123,rescue,motion_blur,moderate,Wiener (Motion PSF),0.4929077923297882,augmented
PaDiM,MVTec-AD,pill,123,degradation,motion_blur,severe,none,0.7179486751556396,augmented
PaDiM,MVTec-AD,pill,123,rescue,motion_blur,severe,Wiener (Motion PSF),0.478723406791687,augmented
PaDiM,MVTec-AD,pill,123,degradation,sensor_noise,mild,none,0.4446263015270233,augmented
PaDiM,MVTec-AD,pill,123,rescue,sensor_noise,mild,NLM Denoise,0.5908347368240356,augmented
PaDiM,MVTec-AD,pill,123,degradation,sensor_noise,moderate,none,0.5171849727630615,augmented
PaDiM,MVTec-AD,pill,123,rescue,sensor_noise,moderate,NLM Denoise,0.4885433912277221,augmented
PaDiM,MVTec-AD,pill,123,degradation,sensor_noise,severe,none,0.4934533536434173,augmented
PaDiM,MVTec-AD,pill,123,rescue,sensor_noise,severe,NLM Denoise,0.4953628182411194,augmented
PaDiM,MVTec-AD,pill,123,degradation,fog_haze,mild,none,0.6002455353736877,augmented
PaDiM,MVTec-AD,pill,123,rescue,fog_haze,mild,Dehaze (Dark Channel),0.5623295307159424,augmented
PaDiM,MVTec-AD,pill,123,degradation,fog_haze,moderate,none,0.5439170598983765,augmented
PaDiM,MVTec-AD,pill,123,rescue,fog_haze,moderate,Dehaze (Dark Channel),0.4653573334217071,augmented
PaDiM,MVTec-AD,pill,123,degradation,fog_haze,severe,none,0.51172935962677,augmented
PaDiM,MVTec-AD,pill,123,rescue,fog_haze,severe,Dehaze (Dark Channel),0.4026186466217041,augmented
PaDiM,MVTec-AD,pill,456,baseline,clean,none,none,0.8682487607002258,augmented
PaDiM,MVTec-AD,pill,456,degradation,low_light,mild,none,0.8199672698974609,augmented
PaDiM,MVTec-AD,pill,456,rescue,low_light,mild,CLAHE,0.6037915945053101,augmented
PaDiM,MVTec-AD,pill,456,rescue,low_light,mild,Retinex,0.6751227378845215,augmented
PaDiM,MVTec-AD,pill,456,degradation,low_light,moderate,none,0.8300600051879883,augmented
PaDiM,MVTec-AD,pill,456,rescue,low_light,moderate,CLAHE,0.7138570547103882,augmented
PaDiM,MVTec-AD,pill,456,rescue,low_light,moderate,Retinex,0.7157664895057678,augmented
PaDiM,MVTec-AD,pill,456,degradation,low_light,severe,none,0.8679760098457336,augmented
PaDiM,MVTec-AD,pill,456,rescue,low_light,severe,CLAHE,0.6265684366226196,augmented
PaDiM,MVTec-AD,pill,456,rescue,low_light,severe,Retinex,0.6961265802383423,augmented
PaDiM,MVTec-AD,pill,456,degradation,gaussian_blur,mild,none,0.7951445579528809,augmented
PaDiM,MVTec-AD,pill,456,rescue,gaussian_blur,mild,Wiener,0.6440261602401733,augmented
PaDiM,MVTec-AD,pill,456,degradation,gaussian_blur,moderate,none,0.6232951283454895,augmented
PaDiM,MVTec-AD,pill,456,rescue,gaussian_blur,moderate,Wiener,0.4931805729866028,augmented
PaDiM,MVTec-AD,pill,456,degradation,gaussian_blur,severe,none,0.5837424993515015,augmented
PaDiM,MVTec-AD,pill,456,rescue,gaussian_blur,severe,Wiener,0.5741952657699585,augmented
PaDiM,MVTec-AD,pill,456,degradation,motion_blur,mild,none,0.6653028130531311,augmented
PaDiM,MVTec-AD,pill,456,rescue,motion_blur,mild,Wiener (Motion PSF),0.5024549961090088,augmented
PaDiM,MVTec-AD,pill,456,degradation,motion_blur,moderate,none,0.615384578704834,augmented
PaDiM,MVTec-AD,pill,456,rescue,motion_blur,moderate,Wiener (Motion PSF),0.4819967448711395,augmented
PaDiM,MVTec-AD,pill,456,degradation,motion_blur,severe,none,0.5649208426475525,augmented
PaDiM,MVTec-AD,pill,456,rescue,motion_blur,severe,Wiener (Motion PSF),0.4365793764591217,augmented
PaDiM,MVTec-AD,pill,456,degradation,sensor_noise,mild,none,0.561102032661438,augmented
PaDiM,MVTec-AD,pill,456,rescue,sensor_noise,mild,NLM Denoise,0.5660120248794556,augmented
PaDiM,MVTec-AD,pill,456,degradation,sensor_noise,moderate,none,0.59138023853302,augmented
PaDiM,MVTec-AD,pill,456,rescue,sensor_noise,moderate,NLM Denoise,0.5716038942337036,augmented
PaDiM,MVTec-AD,pill,456,degradation,sensor_noise,severe,none,0.5752863883972168,augmented
PaDiM,MVTec-AD,pill,456,rescue,sensor_noise,severe,NLM Denoise,0.5355973839759827,augmented
PaDiM,MVTec-AD,pill,456,degradation,fog_haze,mild,none,0.5070921778678894,augmented
PaDiM,MVTec-AD,pill,456,rescue,fog_haze,mild,Dehaze (Dark Channel),0.4649481773376465,augmented
PaDiM,MVTec-AD,pill,456,degradation,fog_haze,moderate,none,0.6467539668083191,augmented
PaDiM,MVTec-AD,pill,456,rescue,fog_haze,moderate,Dehaze (Dark Channel),0.4444898962974548,augmented
PaDiM,MVTec-AD,pill,456,degradation,fog_haze,severe,none,0.6418439745903015,augmented
PaDiM,MVTec-AD,pill,456,rescue,fog_haze,severe,Dehaze (Dark Channel),0.4629023373126983,augmented
PaDiM,MVTec-AD,screw,42,baseline,clean,none,none,0.7555851936340332,augmented
PaDiM,MVTec-AD,screw,42,degradation,low_light,mild,none,0.6050419807434082,augmented
PaDiM,MVTec-AD,screw,42,rescue,low_light,mild,CLAHE,0.6332240700721741,augmented
PaDiM,MVTec-AD,screw,42,rescue,low_light,mild,Retinex,0.5507276058197021,augmented
PaDiM,MVTec-AD,screw,42,degradation,low_light,moderate,none,0.7302725911140442,augmented
PaDiM,MVTec-AD,screw,42,rescue,low_light,moderate,CLAHE,0.6011477708816528,augmented
PaDiM,MVTec-AD,screw,42,rescue,low_light,moderate,Retinex,0.4889321625232696,augmented
PaDiM,MVTec-AD,screw,42,degradation,low_light,severe,none,0.689895510673523,augmented
PaDiM,MVTec-AD,screw,42,rescue,low_light,severe,CLAHE,0.6424472332000732,augmented
PaDiM,MVTec-AD,screw,42,rescue,low_light,severe,Retinex,0.3431031107902527,augmented
PaDiM,MVTec-AD,screw,42,degradation,gaussian_blur,mild,none,0.6005328893661499,augmented
PaDiM,MVTec-AD,screw,42,rescue,gaussian_blur,mild,Wiener,0.5975610017776489,augmented
PaDiM,MVTec-AD,screw,42,degradation,gaussian_blur,moderate,none,0.4603402614593506,augmented
PaDiM,MVTec-AD,screw,42,rescue,gaussian_blur,moderate,Wiener,0.5,augmented
PaDiM,MVTec-AD,screw,42,degradation,gaussian_blur,severe,none,0.4196556806564331,augmented
PaDiM,MVTec-AD,screw,42,rescue,gaussian_blur,severe,Wiener,0.5,augmented
PaDiM,MVTec-AD,screw,42,degradation,motion_blur,mild,none,0.6036072969436646,augmented
PaDiM,MVTec-AD,screw,42,rescue,motion_blur,mild,Wiener (Motion PSF),0.5458086133003235,augmented
PaDiM,MVTec-AD,screw,42,degradation,motion_blur,moderate,none,0.5265423059463501,augmented
PaDiM,MVTec-AD,screw,42,rescue,motion_blur,moderate,Wiener (Motion PSF),0.5322811603546143,augmented
PaDiM,MVTec-AD,screw,42,degradation,motion_blur,severe,none,0.4701783359050751,augmented
PaDiM,MVTec-AD,screw,42,rescue,motion_blur,severe,Wiener (Motion PSF),0.6111907958984375,augmented
PaDiM,MVTec-AD,screw,42,degradation,sensor_noise,mild,none,0.5109653472900391,augmented
PaDiM,MVTec-AD,screw,42,rescue,sensor_noise,mild,NLM Denoise,0.6386554837226868,augmented
PaDiM,MVTec-AD,screw,42,degradation,sensor_noise,moderate,none,0.5279770493507385,augmented
PaDiM,MVTec-AD,screw,42,rescue,sensor_noise,moderate,NLM Denoise,0.5117852091789246,augmented
PaDiM,MVTec-AD,screw,42,degradation,sensor_noise,severe,none,0.5428366661071777,augmented
PaDiM,MVTec-AD,screw,42,rescue,sensor_noise,severe,NLM Denoise,0.5162943601608276,augmented
PaDiM,MVTec-AD,screw,42,degradation,fog_haze,mild,none,0.5478581786155701,augmented
PaDiM,MVTec-AD,screw,42,rescue,fog_haze,mild,Dehaze (Dark Channel),0.410739928483963,augmented
PaDiM,MVTec-AD,screw,42,degradation,fog_haze,moderate,none,0.3455626368522644,augmented
PaDiM,MVTec-AD,screw,42,rescue,fog_haze,moderate,Dehaze (Dark Channel),0.4579831957817077,augmented
PaDiM,MVTec-AD,screw,42,degradation,fog_haze,severe,none,0.3576552867889404,augmented
PaDiM,MVTec-AD,screw,42,rescue,fog_haze,severe,Dehaze (Dark Channel),0.5,augmented
PaDiM,MVTec-AD,screw,456,baseline,clean,none,none,0.7720844149589539,augmented
PaDiM,MVTec-AD,screw,456,degradation,low_light,mild,none,0.6067841649055481,augmented
PaDiM,MVTec-AD,screw,456,rescue,low_light,mild,CLAHE,0.6037098169326782,augmented
PaDiM,MVTec-AD,screw,456,rescue,low_light,mild,Retinex,0.5870055556297302,augmented
PaDiM,MVTec-AD,screw,456,degradation,low_light,moderate,none,0.592949390411377,augmented
PaDiM,MVTec-AD,screw,456,rescue,low_light,moderate,CLAHE,0.6492109298706055,augmented
PaDiM,MVTec-AD,screw,456,rescue,low_light,moderate,Retinex,0.588850200176239,augmented
PaDiM,MVTec-AD,screw,456,degradation,low_light,severe,none,0.6603811979293823,augmented
PaDiM,MVTec-AD,screw,456,rescue,low_light,severe,CLAHE,0.7132608890533447,augmented
PaDiM,MVTec-AD,screw,456,rescue,low_light,severe,Retinex,0.5872105360031128,augmented
PaDiM,MVTec-AD,screw,456,degradation,gaussian_blur,mild,none,0.5827013850212097,augmented
PaDiM,MVTec-AD,screw,456,rescue,gaussian_blur,mild,Wiener,0.5742980241775513,augmented
PaDiM,MVTec-AD,screw,456,degradation,gaussian_blur,moderate,none,0.4146341681480407,augmented
PaDiM,MVTec-AD,screw,456,rescue,gaussian_blur,moderate,Wiener,0.5,augmented
PaDiM,MVTec-AD,screw,456,degradation,gaussian_blur,severe,none,0.4180159866809845,augmented
PaDiM,MVTec-AD,screw,456,rescue,gaussian_blur,severe,Wiener,0.5,augmented
PaDiM,MVTec-AD,screw,456,degradation,motion_blur,mild,none,0.5401722192764282,augmented
PaDiM,MVTec-AD,screw,456,rescue,motion_blur,mild,Wiener (Motion PSF),0.592334508895874,augmented
PaDiM,MVTec-AD,screw,456,degradation,motion_blur,moderate,none,0.6034023761749268,augmented
PaDiM,MVTec-AD,screw,456,rescue,motion_blur,moderate,Wiener (Motion PSF),0.5365853309631348,augmented
PaDiM,MVTec-AD,screw,456,degradation,motion_blur,severe,none,0.6038122773170471,augmented
PaDiM,MVTec-AD,screw,456,rescue,motion_blur,severe,Wiener (Motion PSF),0.6166223287582397,augmented
PaDiM,MVTec-AD,screw,456,degradation,sensor_noise,mild,none,0.5410944819450378,augmented
PaDiM,MVTec-AD,screw,456,rescue,sensor_noise,mild,NLM Denoise,0.5941791534423828,augmented
PaDiM,MVTec-AD,screw,456,degradation,sensor_noise,moderate,none,0.5802419185638428,augmented
PaDiM,MVTec-AD,screw,456,rescue,sensor_noise,moderate,NLM Denoise,0.4638245403766632,augmented
PaDiM,MVTec-AD,screw,456,degradation,sensor_noise,severe,none,0.5513424873352051,augmented
PaDiM,MVTec-AD,screw,456,rescue,sensor_noise,severe,NLM Denoise,0.4952859282493591,augmented
PaDiM,MVTec-AD,screw,456,degradation,fog_haze,mild,none,0.4732527136802673,augmented
PaDiM,MVTec-AD,screw,456,rescue,fog_haze,mild,Dehaze (Dark Channel),0.4976429641246795,augmented
PaDiM,MVTec-AD,screw,456,degradation,fog_haze,moderate,none,0.4578807353973388,augmented
PaDiM,MVTec-AD,screw,456,rescue,fog_haze,moderate,Dehaze (Dark Channel),0.4039762318134308,augmented
PaDiM,MVTec-AD,screw,456,degradation,fog_haze,severe,none,0.3059028387069702,augmented
PaDiM,MVTec-AD,screw,456,rescue,fog_haze,severe,Dehaze (Dark Channel),0.4896495044231415,augmented
PaDiM,MVTec-AD,tile,42,baseline,clean,none,none,0.9949495196342468,augmented
PaDiM,MVTec-AD,tile,42,degradation,low_light,mild,none,0.9747475385665894,augmented
PaDiM,MVTec-AD,tile,42,rescue,low_light,mild,CLAHE,0.9365079402923584,augmented
PaDiM,MVTec-AD,tile,42,rescue,low_light,mild,Retinex,0.7950937747955322,augmented
PaDiM,MVTec-AD,tile,42,degradation,low_light,moderate,none,0.9790765047073364,augmented
PaDiM,MVTec-AD,tile,42,rescue,low_light,moderate,CLAHE,0.9567099809646606,augmented
PaDiM,MVTec-AD,tile,42,rescue,low_light,moderate,Retinex,0.7756132483482361,augmented
PaDiM,MVTec-AD,tile,42,degradation,low_light,severe,none,0.9736652374267578,augmented
PaDiM,MVTec-AD,tile,42,rescue,low_light,severe,CLAHE,0.9527417421340942,augmented
PaDiM,MVTec-AD,tile,42,rescue,low_light,severe,Retinex,0.9653679728507996,augmented
PaDiM,MVTec-AD,tile,42,degradation,gaussian_blur,mild,none,0.9332611560821532,augmented
PaDiM,MVTec-AD,tile,42,rescue,gaussian_blur,mild,Wiener,0.7128427028656006,augmented
PaDiM,MVTec-AD,tile,42,degradation,gaussian_blur,moderate,none,0.8066377639770508,augmented
PaDiM,MVTec-AD,tile,42,rescue,gaussian_blur,moderate,Wiener,0.5685425400733948,augmented
PaDiM,MVTec-AD,tile,42,degradation,gaussian_blur,severe,none,0.8300865888595581,augmented
PaDiM,MVTec-AD,tile,42,rescue,gaussian_blur,severe,Wiener,0.4458874464035034,augmented
PaDiM,MVTec-AD,tile,42,degradation,motion_blur,mild,none,0.9278498888015748,augmented
PaDiM,MVTec-AD,tile,42,rescue,motion_blur,mild,Wiener (Motion PSF),0.8636363744735718,augmented
PaDiM,MVTec-AD,tile,42,degradation,motion_blur,moderate,none,0.7886002659797668,augmented
PaDiM,MVTec-AD,tile,42,rescue,motion_blur,moderate,Wiener (Motion PSF),0.616161584854126,augmented
PaDiM,MVTec-AD,tile,42,degradation,motion_blur,severe,none,0.7774170637130737,augmented
PaDiM,MVTec-AD,tile,42,rescue,motion_blur,severe,Wiener (Motion PSF),0.6028138399124146,augmented
PaDiM,MVTec-AD,tile,42,degradation,sensor_noise,mild,none,0.9007936716079712,augmented
PaDiM,MVTec-AD,tile,42,rescue,sensor_noise,mild,NLM Denoise,0.8910534381866455,augmented
PaDiM,MVTec-AD,tile,42,degradation,sensor_noise,moderate,none,0.8647186160087585,augmented
PaDiM,MVTec-AD,tile,42,rescue,sensor_noise,moderate,NLM Denoise,0.8279221057891846,augmented
PaDiM,MVTec-AD,tile,42,degradation,sensor_noise,severe,none,0.803030252456665,augmented
PaDiM,MVTec-AD,tile,42,rescue,sensor_noise,severe,NLM Denoise,0.7777777910232544,augmented
PaDiM,MVTec-AD,tile,42,degradation,fog_haze,mild,none,0.9368687272071838,augmented
PaDiM,MVTec-AD,tile,42,rescue,fog_haze,mild,Dehaze (Dark Channel),0.8524531126022339,augmented
PaDiM,MVTec-AD,tile,42,degradation,fog_haze,moderate,none,0.8524531126022339,augmented
PaDiM,MVTec-AD,tile,42,rescue,fog_haze,moderate,Dehaze (Dark Channel),0.79365074634552,augmented
PaDiM,MVTec-AD,tile,42,degradation,fog_haze,severe,none,0.6832611560821533,augmented
PaDiM,MVTec-AD,tile,42,rescue,fog_haze,severe,Dehaze (Dark Channel),0.7586579918861389,augmented
PaDiM,MVTec-AD,tile,123,baseline,clean,none,none,0.992424249649048,augmented
PaDiM,MVTec-AD,tile,123,degradation,low_light,mild,none,0.965007185935974,augmented
PaDiM,MVTec-AD,tile,123,rescue,low_light,mild,CLAHE,0.9570707082748412,augmented
PaDiM,MVTec-AD,tile,123,rescue,low_light,mild,Retinex,0.9354256391525269,augmented
PaDiM,MVTec-AD,tile,123,degradation,low_light,moderate,none,0.9390331506729126,augmented
PaDiM,MVTec-AD,tile,123,rescue,low_light,moderate,CLAHE,0.9534631967544556,augmented
PaDiM,MVTec-AD,tile,123,rescue,low_light,moderate,Retinex,0.9354256987571716,augmented
PaDiM,MVTec-AD,tile,123,degradation,low_light,severe,none,0.8766233921051025,augmented
PaDiM,MVTec-AD,tile,123,rescue,low_light,severe,CLAHE,0.9430014491081238,augmented
PaDiM,MVTec-AD,tile,123,rescue,low_light,severe,Retinex,0.9664502143859864,augmented
PaDiM,MVTec-AD,tile,123,degradation,gaussian_blur,mild,none,0.953823983669281,augmented
PaDiM,MVTec-AD,tile,123,rescue,gaussian_blur,mild,Wiener,0.6695526242256165,augmented
PaDiM,MVTec-AD,tile,123,degradation,gaussian_blur,moderate,none,0.8445165753364563,augmented
PaDiM,MVTec-AD,tile,123,rescue,gaussian_blur,moderate,Wiener,0.4285714030265808,augmented
PaDiM,MVTec-AD,tile,123,degradation,gaussian_blur,severe,none,0.7858946323394775,augmented
PaDiM,MVTec-AD,tile,123,rescue,gaussian_blur,severe,Wiener,0.5714285373687744,augmented
PaDiM,MVTec-AD,tile,123,degradation,motion_blur,mild,none,0.9195526838302612,augmented
PaDiM,MVTec-AD,tile,123,rescue,motion_blur,mild,Wiener (Motion PSF),0.8611111640930176,augmented
PaDiM,MVTec-AD,tile,123,degradation,motion_blur,moderate,none,0.8005050420761108,augmented
PaDiM,MVTec-AD,tile,123,rescue,motion_blur,moderate,Wiener (Motion PSF),0.6085858345031738,augmented
PaDiM,MVTec-AD,tile,123,degradation,motion_blur,severe,none,0.7536075115203857,augmented
PaDiM,MVTec-AD,tile,123,rescue,motion_blur,severe,Wiener (Motion PSF),0.6482684016227722,augmented
PaDiM,MVTec-AD,tile,123,degradation,sensor_noise,mild,none,0.9372293949127196,augmented
PaDiM,MVTec-AD,tile,123,rescue,sensor_noise,mild,NLM Denoise,0.9083694219589232,augmented
PaDiM,MVTec-AD,tile,123,degradation,sensor_noise,moderate,none,0.8488456010818481,augmented
PaDiM,MVTec-AD,tile,123,rescue,sensor_noise,moderate,NLM Denoise,0.8430736064910889,augmented
PaDiM,MVTec-AD,tile,123,degradation,sensor_noise,severe,none,0.7463924884796143,augmented
PaDiM,MVTec-AD,tile,123,rescue,sensor_noise,severe,NLM Denoise,0.7572150230407715,augmented
PaDiM,MVTec-AD,tile,123,degradation,fog_haze,mild,none,0.9256854057312012,augmented
PaDiM,MVTec-AD,tile,123,rescue,fog_haze,mild,Dehaze (Dark Channel),0.8827561140060425,augmented
PaDiM,MVTec-AD,tile,123,degradation,fog_haze,moderate,none,0.8643578886985779,augmented
PaDiM,MVTec-AD,tile,123,rescue,fog_haze,moderate,Dehaze (Dark Channel),0.7554112672805786,augmented
PaDiM,MVTec-AD,tile,123,degradation,fog_haze,severe,none,0.6663058996200562,augmented
PaDiM,MVTec-AD,tile,123,rescue,fog_haze,severe,Dehaze (Dark Channel),0.6432178616523743,augmented
PaDiM,MVTec-AD,tile,456,baseline,clean,none,none,0.990620493888855,augmented
PaDiM,MVTec-AD,tile,456,degradation,low_light,mild,none,0.9891775250434875,augmented
PaDiM,MVTec-AD,tile,456,rescue,low_light,mild,CLAHE,0.9725829362869264,augmented
PaDiM,MVTec-AD,tile,456,rescue,low_light,mild,Retinex,0.9610390067100524,augmented
PaDiM,MVTec-AD,tile,456,degradation,low_light,moderate,none,0.9664502143859864,augmented
PaDiM,MVTec-AD,tile,456,rescue,low_light,moderate,CLAHE,0.9509379267692566,augmented
PaDiM,MVTec-AD,tile,456,rescue,low_light,moderate,Retinex,0.935064971446991,augmented
PaDiM,MVTec-AD,tile,456,degradation,low_light,severe,none,0.9289321899414062,augmented
PaDiM,MVTec-AD,tile,456,rescue,low_light,severe,CLAHE,0.9206348657608032,augmented
PaDiM,MVTec-AD,tile,456,rescue,low_light,severe,Retinex,0.9707791805267334,augmented
PaDiM,MVTec-AD,tile,456,degradation,gaussian_blur,mild,none,0.963925004005432,augmented
PaDiM,MVTec-AD,tile,456,rescue,gaussian_blur,mild,Wiener,0.6702741384506226,augmented
PaDiM,MVTec-AD,tile,456,degradation,gaussian_blur,moderate,none,0.8109667897224426,augmented
PaDiM,MVTec-AD,tile,456,rescue,gaussian_blur,moderate,Wiener,0.5465368032455444,augmented
PaDiM,MVTec-AD,tile,456,degradation,gaussian_blur,severe,none,0.7442280054092407,augmented
PaDiM,MVTec-AD,tile,456,rescue,gaussian_blur,severe,Wiener,0.4963924884796142,augmented
PaDiM,MVTec-AD,tile,456,degradation,motion_blur,mild,none,0.9433621764183044,augmented
PaDiM,MVTec-AD,tile,456,rescue,motion_blur,mild,Wiener (Motion PSF),0.6632394790649414,augmented
PaDiM,MVTec-AD,tile,456,degradation,motion_blur,moderate,none,0.850649356842041,augmented
PaDiM,MVTec-AD,tile,456,rescue,motion_blur,moderate,Wiener (Motion PSF),0.6237373352050781,augmented
PaDiM,MVTec-AD,tile,456,degradation,motion_blur,severe,none,0.838744580745697,augmented
PaDiM,MVTec-AD,tile,456,rescue,motion_blur,severe,Wiener (Motion PSF),0.6511543989181519,augmented
PaDiM,MVTec-AD,tile,456,degradation,sensor_noise,mild,none,0.9458874464035034,augmented
PaDiM,MVTec-AD,tile,456,rescue,sensor_noise,mild,NLM Denoise,0.8474025726318359,augmented
PaDiM,MVTec-AD,tile,456,degradation,sensor_noise,moderate,none,0.8672438859939575,augmented
PaDiM,MVTec-AD,tile,456,rescue,sensor_noise,moderate,NLM Denoise,0.691919207572937,augmented
PaDiM,MVTec-AD,tile,456,degradation,sensor_noise,severe,none,0.7442280054092407,augmented
PaDiM,MVTec-AD,tile,456,rescue,sensor_noise,severe,NLM Denoise,0.6461039185523987,augmented
PaDiM,MVTec-AD,tile,456,degradation,fog_haze,mild,none,0.9675323963165284,augmented
PaDiM,MVTec-AD,tile,456,rescue,fog_haze,mild,Dehaze (Dark Channel),0.93434339761734,augmented
PaDiM,MVTec-AD,tile,456,degradation,fog_haze,moderate,none,0.8809523582458496,augmented
PaDiM,MVTec-AD,tile,456,rescue,fog_haze,moderate,Dehaze (Dark Channel),0.9188311100006104,augmented
PaDiM,MVTec-AD,tile,456,degradation,fog_haze,severe,none,0.7709234952926636,augmented
PaDiM,MVTec-AD,tile,456,rescue,fog_haze,severe,Dehaze (Dark Channel),0.8427128195762634,augmented
PaDiM,MVTec-AD,toothbrush,42,baseline,clean,none,none,0.8402777910232544,augmented
PaDiM,MVTec-AD,toothbrush,42,degradation,low_light,mild,none,0.9361111521720886,augmented
PaDiM,MVTec-AD,toothbrush,42,rescue,low_light,mild,CLAHE,0.9555555582046508,augmented
PaDiM,MVTec-AD,toothbrush,42,rescue,low_light,mild,Retinex,0.75,augmented
PaDiM,MVTec-AD,toothbrush,42,degradation,low_light,moderate,none,0.969444453716278,augmented
PaDiM,MVTec-AD,toothbrush,42,rescue,low_light,moderate,CLAHE,0.6499999761581421,augmented
PaDiM,MVTec-AD,toothbrush,42,rescue,low_light,moderate,Retinex,0.8527777194976807,augmented
PaDiM,MVTec-AD,toothbrush,42,degradation,low_light,severe,none,0.9472222328186036,augmented
PaDiM,MVTec-AD,toothbrush,42,rescue,low_light,severe,CLAHE,0.9194444417953492,augmented
PaDiM,MVTec-AD,toothbrush,42,rescue,low_light,severe,Retinex,0.7444444298744202,augmented
PaDiM,MVTec-AD,toothbrush,42,degradation,gaussian_blur,mild,none,0.8083333969116211,augmented
PaDiM,MVTec-AD,toothbrush,42,rescue,gaussian_blur,mild,Wiener,0.5,augmented
PaDiM,MVTec-AD,toothbrush,42,degradation,gaussian_blur,moderate,none,0.5972222089767456,augmented
PaDiM,MVTec-AD,toothbrush,42,rescue,gaussian_blur,moderate,Wiener,0.5,augmented
PaDiM,MVTec-AD,toothbrush,42,degradation,gaussian_blur,severe,none,0.5111110806465149,augmented
PaDiM,MVTec-AD,toothbrush,42,rescue,gaussian_blur,severe,Wiener,0.5,augmented
PaDiM,MVTec-AD,toothbrush,42,degradation,motion_blur,mild,none,0.7916666269302368,augmented
PaDiM,MVTec-AD,toothbrush,42,rescue,motion_blur,mild,Wiener (Motion PSF),0.7277777791023254,augmented
PaDiM,MVTec-AD,toothbrush,42,degradation,motion_blur,moderate,none,0.699999988079071,augmented
PaDiM,MVTec-AD,toothbrush,42,rescue,motion_blur,moderate,Wiener (Motion PSF),0.6166666746139526,augmented
PaDiM,MVTec-AD,toothbrush,42,degradation,motion_blur,severe,none,0.7277777791023254,augmented
PaDiM,MVTec-AD,toothbrush,42,rescue,motion_blur,severe,Wiener (Motion PSF),0.6583333015441895,augmented
PaDiM,MVTec-AD,toothbrush,42,degradation,sensor_noise,mild,none,0.7916666269302368,augmented
PaDiM,MVTec-AD,toothbrush,42,rescue,sensor_noise,mild,NLM Denoise,0.7888888716697693,augmented
PaDiM,MVTec-AD,toothbrush,42,degradation,sensor_noise,moderate,none,0.8083332777023315,augmented
PaDiM,MVTec-AD,toothbrush,42,rescue,sensor_noise,moderate,NLM Denoise,0.7527778148651123,augmented
PaDiM,MVTec-AD,toothbrush,42,degradation,sensor_noise,severe,none,0.6972222328186035,augmented
PaDiM,MVTec-AD,toothbrush,42,rescue,sensor_noise,severe,NLM Denoise,0.7388889193534851,augmented
PaDiM,MVTec-AD,toothbrush,42,degradation,fog_haze,mild,none,0.6666666269302368,augmented
PaDiM,MVTec-AD,toothbrush,42,rescue,fog_haze,mild,Dehaze (Dark Channel),0.3972222506999969,augmented
PaDiM,MVTec-AD,toothbrush,42,degradation,fog_haze,moderate,none,0.5319445133209229,augmented
PaDiM,MVTec-AD,toothbrush,42,rescue,fog_haze,moderate,Dehaze (Dark Channel),0.5833333730697632,augmented
PaDiM,MVTec-AD,toothbrush,42,degradation,fog_haze,severe,none,0.581944465637207,augmented
PaDiM,MVTec-AD,toothbrush,42,rescue,fog_haze,severe,Dehaze (Dark Channel),0.5527777671813965,augmented
PaDiM,MVTec-AD,toothbrush,123,baseline,clean,none,none,0.7722222208976746,augmented
PaDiM,MVTec-AD,toothbrush,123,degradation,low_light,mild,none,0.9611111283302308,augmented
PaDiM,MVTec-AD,toothbrush,123,rescue,low_light,mild,CLAHE,0.841666579246521,augmented
PaDiM,MVTec-AD,toothbrush,123,rescue,low_light,mild,Retinex,0.7666666507720947,augmented
PaDiM,MVTec-AD,toothbrush,123,degradation,low_light,moderate,none,0.9444444179534912,augmented
PaDiM,MVTec-AD,toothbrush,123,rescue,low_light,moderate,CLAHE,0.7416666746139526,augmented
PaDiM,MVTec-AD,toothbrush,123,rescue,low_light,moderate,Retinex,0.824999988079071,augmented
PaDiM,MVTec-AD,toothbrush,123,degradation,low_light,severe,none,0.8277777433395386,augmented
PaDiM,MVTec-AD,toothbrush,123,rescue,low_light,severe,CLAHE,0.7944444417953491,augmented
PaDiM,MVTec-AD,toothbrush,123,rescue,low_light,severe,Retinex,0.6666666269302368,augmented
PaDiM,MVTec-AD,toothbrush,123,degradation,gaussian_blur,mild,none,0.7111111283302307,augmented
PaDiM,MVTec-AD,toothbrush,123,rescue,gaussian_blur,mild,Wiener,0.4666666686534881,augmented
PaDiM,MVTec-AD,toothbrush,123,degradation,gaussian_blur,moderate,none,0.6277778148651123,augmented
PaDiM,MVTec-AD,toothbrush,123,rescue,gaussian_blur,moderate,Wiener,0.5,augmented
PaDiM,MVTec-AD,toothbrush,123,degradation,gaussian_blur,severe,none,0.5611110925674438,augmented
PaDiM,MVTec-AD,toothbrush,123,rescue,gaussian_blur,severe,Wiener,0.5,augmented
PaDiM,MVTec-AD,toothbrush,123,degradation,motion_blur,mild,none,0.7194443941116333,augmented
PaDiM,MVTec-AD,toothbrush,123,rescue,motion_blur,mild,Wiener (Motion PSF),0.5916666984558105,augmented
PaDiM,MVTec-AD,toothbrush,123,degradation,motion_blur,moderate,none,0.7527777552604675,augmented
PaDiM,MVTec-AD,toothbrush,123,rescue,motion_blur,moderate,Wiener (Motion PSF),0.6305555105209351,augmented
PaDiM,MVTec-AD,toothbrush,123,degradation,motion_blur,severe,none,0.7388889193534851,augmented
PaDiM,MVTec-AD,toothbrush,123,rescue,motion_blur,severe,Wiener (Motion PSF),0.4805555939674377,augmented
PaDiM,MVTec-AD,toothbrush,123,degradation,sensor_noise,mild,none,0.7611111402511597,augmented
PaDiM,MVTec-AD,toothbrush,123,rescue,sensor_noise,mild,NLM Denoise,0.6972222328186035,augmented
PaDiM,MVTec-AD,toothbrush,123,degradation,sensor_noise,moderate,none,0.644444465637207,augmented
PaDiM,MVTec-AD,toothbrush,123,rescue,sensor_noise,moderate,NLM Denoise,0.4638888835906982,augmented
PaDiM,MVTec-AD,toothbrush,123,degradation,sensor_noise,severe,none,0.5666667222976685,augmented
PaDiM,MVTec-AD,toothbrush,123,rescue,sensor_noise,severe,NLM Denoise,0.5249999761581421,augmented
PaDiM,MVTec-AD,toothbrush,123,degradation,fog_haze,mild,none,0.7277778387069702,augmented
PaDiM,MVTec-AD,toothbrush,123,rescue,fog_haze,mild,Dehaze (Dark Channel),0.605555534362793,augmented
PaDiM,MVTec-AD,toothbrush,123,degradation,fog_haze,moderate,none,0.4208333492279053,augmented
PaDiM,MVTec-AD,toothbrush,123,rescue,fog_haze,moderate,Dehaze (Dark Channel),0.449999988079071,augmented
PaDiM,MVTec-AD,toothbrush,123,degradation,fog_haze,severe,none,0.5,augmented
PaDiM,MVTec-AD,toothbrush,123,rescue,fog_haze,severe,Dehaze (Dark Channel),0.4833333194255829,augmented
PaDiM,MVTec-AD,toothbrush,456,baseline,clean,none,none,0.8138889074325562,augmented
PaDiM,MVTec-AD,toothbrush,456,degradation,low_light,mild,none,0.9583333134651184,augmented
PaDiM,MVTec-AD,toothbrush,456,rescue,low_light,mild,CLAHE,0.8833333253860474,augmented
PaDiM,MVTec-AD,toothbrush,456,rescue,low_light,mild,Retinex,0.8347222208976746,augmented
PaDiM,MVTec-AD,toothbrush,456,degradation,low_light,moderate,none,0.9472222328186036,augmented
PaDiM,MVTec-AD,toothbrush,456,rescue,low_light,moderate,CLAHE,0.7749999761581421,augmented
PaDiM,MVTec-AD,toothbrush,456,rescue,low_light,moderate,Retinex,0.7833333611488342,augmented
PaDiM,MVTec-AD,toothbrush,456,degradation,low_light,severe,none,0.9166666865348816,augmented
PaDiM,MVTec-AD,toothbrush,456,rescue,low_light,severe,CLAHE,0.925000011920929,augmented
PaDiM,MVTec-AD,toothbrush,456,rescue,low_light,severe,Retinex,0.7541666626930237,augmented
PaDiM,MVTec-AD,toothbrush,456,degradation,gaussian_blur,mild,none,0.7888889312744141,augmented
PaDiM,MVTec-AD,toothbrush,456,rescue,gaussian_blur,mild,Wiener,0.5,augmented
PaDiM,MVTec-AD,toothbrush,456,degradation,gaussian_blur,moderate,none,0.5916666984558105,augmented
PaDiM,MVTec-AD,toothbrush,456,rescue,gaussian_blur,moderate,Wiener,0.5,augmented
PaDiM,MVTec-AD,toothbrush,456,degradation,gaussian_blur,severe,none,0.5777778029441833,augmented
PaDiM,MVTec-AD,toothbrush,456,rescue,gaussian_blur,severe,Wiener,0.5,augmented
PaDiM,MVTec-AD,toothbrush,456,degradation,motion_blur,mild,none,0.7055555582046509,augmented
PaDiM,MVTec-AD,toothbrush,456,rescue,motion_blur,mild,Wiener (Motion PSF),0.6333333253860474,augmented
PaDiM,MVTec-AD,toothbrush,456,degradation,motion_blur,moderate,none,0.7625000476837158,augmented
PaDiM,MVTec-AD,toothbrush,456,rescue,motion_blur,moderate,Wiener (Motion PSF),0.6291667222976685,augmented
PaDiM,MVTec-AD,toothbrush,456,degradation,motion_blur,severe,none,0.7861111164093018,augmented
PaDiM,MVTec-AD,toothbrush,456,rescue,motion_blur,severe,Wiener (Motion PSF),0.4666666686534881,augmented
PaDiM,MVTec-AD,toothbrush,456,degradation,sensor_noise,mild,none,0.8694444894790649,augmented
PaDiM,MVTec-AD,toothbrush,456,rescue,sensor_noise,mild,NLM Denoise,0.6791666150093079,augmented
PaDiM,MVTec-AD,toothbrush,456,degradation,sensor_noise,moderate,none,0.7333333492279053,augmented
PaDiM,MVTec-AD,toothbrush,456,rescue,sensor_noise,moderate,NLM Denoise,0.7152777910232544,augmented
PaDiM,MVTec-AD,toothbrush,456,degradation,sensor_noise,severe,none,0.5888888835906982,augmented
PaDiM,MVTec-AD,toothbrush,456,rescue,sensor_noise,severe,NLM Denoise,0.6611111164093018,augmented
PaDiM,MVTec-AD,toothbrush,456,degradation,fog_haze,mild,none,0.6097221970558167,augmented
PaDiM,MVTec-AD,toothbrush,456,rescue,fog_haze,mild,Dehaze (Dark Channel),0.5361111164093018,augmented
PaDiM,MVTec-AD,toothbrush,456,degradation,fog_haze,moderate,none,0.5,augmented
PaDiM,MVTec-AD,toothbrush,456,rescue,fog_haze,moderate,Dehaze (Dark Channel),0.5,augmented
PaDiM,MVTec-AD,toothbrush,456,degradation,fog_haze,severe,none,0.5,augmented
PaDiM,MVTec-AD,toothbrush,456,rescue,fog_haze,severe,Dehaze (Dark Channel),0.5,augmented
PaDiM,MVTec-AD,transistor,42,baseline,clean,none,none,0.8995833396911621,augmented
PaDiM,MVTec-AD,transistor,42,degradation,low_light,mild,none,0.8999999761581421,augmented
PaDiM,MVTec-AD,transistor,42,rescue,low_light,mild,CLAHE,0.8350000381469727,augmented
PaDiM,MVTec-AD,transistor,42,rescue,low_light,mild,Retinex,0.8020833730697632,augmented
PaDiM,MVTec-AD,transistor,42,degradation,low_light,moderate,none,0.8837499618530273,augmented
PaDiM,MVTec-AD,transistor,42,rescue,low_light,moderate,CLAHE,0.8424999713897705,augmented
PaDiM,MVTec-AD,transistor,42,rescue,low_light,moderate,Retinex,0.7804166674613953,augmented
PaDiM,MVTec-AD,transistor,42,degradation,low_light,severe,none,0.815833330154419,augmented
PaDiM,MVTec-AD,transistor,42,rescue,low_light,severe,CLAHE,0.8079166412353516,augmented
PaDiM,MVTec-AD,transistor,42,rescue,low_light,severe,Retinex,0.715416669845581,augmented
PaDiM,MVTec-AD,transistor,42,degradation,gaussian_blur,mild,none,0.9270833730697632,augmented
PaDiM,MVTec-AD,transistor,42,rescue,gaussian_blur,mild,Wiener,0.6262500286102295,augmented
PaDiM,MVTec-AD,transistor,42,degradation,gaussian_blur,moderate,none,0.9166667461395264,augmented
PaDiM,MVTec-AD,transistor,42,rescue,gaussian_blur,moderate,Wiener,0.4875000119209289,augmented
PaDiM,MVTec-AD,transistor,42,degradation,gaussian_blur,severe,none,0.8695833086967468,augmented
PaDiM,MVTec-AD,transistor,42,rescue,gaussian_blur,severe,Wiener,0.5224999785423279,augmented
PaDiM,MVTec-AD,transistor,42,degradation,motion_blur,mild,none,0.7849999666213989,augmented
PaDiM,MVTec-AD,transistor,42,rescue,motion_blur,mild,Wiener (Motion PSF),0.7775000333786011,augmented
PaDiM,MVTec-AD,transistor,42,degradation,motion_blur,moderate,none,0.7758333086967468,augmented
PaDiM,MVTec-AD,transistor,42,rescue,motion_blur,moderate,Wiener (Motion PSF),0.5687500238418579,augmented
PaDiM,MVTec-AD,transistor,42,degradation,motion_blur,severe,none,0.7279166579246521,augmented
PaDiM,MVTec-AD,transistor,42,rescue,motion_blur,severe,Wiener (Motion PSF),0.5462499856948853,augmented
PaDiM,MVTec-AD,transistor,42,degradation,sensor_noise,mild,none,0.8266666531562805,augmented
PaDiM,MVTec-AD,transistor,42,rescue,sensor_noise,mild,NLM Denoise,0.8400000333786011,augmented
PaDiM,MVTec-AD,transistor,42,degradation,sensor_noise,moderate,none,0.68791663646698,augmented
PaDiM,MVTec-AD,transistor,42,rescue,sensor_noise,moderate,NLM Denoise,0.8087499737739563,augmented
PaDiM,MVTec-AD,transistor,42,degradation,sensor_noise,severe,none,0.6654166579246521,augmented
PaDiM,MVTec-AD,transistor,42,rescue,sensor_noise,severe,NLM Denoise,0.7816666960716248,augmented
PaDiM,MVTec-AD,transistor,42,degradation,fog_haze,mild,none,0.7716666460037231,augmented
PaDiM,MVTec-AD,transistor,42,rescue,fog_haze,mild,Dehaze (Dark Channel),0.7716666460037231,augmented
PaDiM,MVTec-AD,transistor,42,degradation,fog_haze,moderate,none,0.7358333468437195,augmented
PaDiM,MVTec-AD,transistor,42,rescue,fog_haze,moderate,Dehaze (Dark Channel),0.7254166603088379,augmented
PaDiM,MVTec-AD,transistor,42,degradation,fog_haze,severe,none,0.4920833110809326,augmented
PaDiM,MVTec-AD,transistor,42,rescue,fog_haze,severe,Dehaze (Dark Channel),0.6358333230018616,augmented
PaDiM,MVTec-AD,transistor,123,baseline,clean,none,none,0.8787500262260437,augmented
PaDiM,MVTec-AD,transistor,123,degradation,low_light,mild,none,0.8508333563804626,augmented
PaDiM,MVTec-AD,transistor,123,rescue,low_light,mild,CLAHE,0.8087499737739563,augmented
PaDiM,MVTec-AD,transistor,123,rescue,low_light,mild,Retinex,0.7145833373069763,augmented
PaDiM,MVTec-AD,transistor,123,degradation,low_light,moderate,none,0.8474999666213989,augmented
PaDiM,MVTec-AD,transistor,123,rescue,low_light,moderate,CLAHE,0.7929166555404663,augmented
PaDiM,MVTec-AD,transistor,123,rescue,low_light,moderate,Retinex,0.65604168176651,augmented
PaDiM,MVTec-AD,transistor,123,degradation,low_light,severe,none,0.8058333396911621,augmented
PaDiM,MVTec-AD,transistor,123,rescue,low_light,severe,CLAHE,0.8245832920074463,augmented
PaDiM,MVTec-AD,transistor,123,rescue,low_light,severe,Retinex,0.5397917032241821,augmented
PaDiM,MVTec-AD,transistor,123,degradation,gaussian_blur,mild,none,0.89083331823349,augmented
PaDiM,MVTec-AD,transistor,123,rescue,gaussian_blur,mild,Wiener,0.6504167318344116,augmented
PaDiM,MVTec-AD,transistor,123,degradation,gaussian_blur,moderate,none,0.9100000262260436,augmented
PaDiM,MVTec-AD,transistor,123,rescue,gaussian_blur,moderate,Wiener,0.5349999666213989,augmented
PaDiM,MVTec-AD,transistor,123,degradation,gaussian_blur,severe,none,0.8616666793823242,augmented
PaDiM,MVTec-AD,transistor,123,rescue,gaussian_blur,severe,Wiener,0.4464583396911621,augmented
PaDiM,MVTec-AD,transistor,123,degradation,motion_blur,mild,none,0.8266667127609253,augmented
PaDiM,MVTec-AD,transistor,123,rescue,motion_blur,mild,Wiener (Motion PSF),0.7849999666213989,augmented
PaDiM,MVTec-AD,transistor,123,degradation,motion_blur,moderate,none,0.7925000190734863,augmented
PaDiM,MVTec-AD,transistor,123,rescue,motion_blur,moderate,Wiener (Motion PSF),0.7083333730697632,augmented
PaDiM,MVTec-AD,transistor,123,degradation,motion_blur,severe,none,0.75041663646698,augmented
PaDiM,MVTec-AD,transistor,123,rescue,motion_blur,severe,Wiener (Motion PSF),0.6079167127609253,augmented
PaDiM,MVTec-AD,transistor,123,degradation,sensor_noise,mild,none,0.8350000381469727,augmented
PaDiM,MVTec-AD,transistor,123,rescue,sensor_noise,mild,NLM Denoise,0.8295834064483643,augmented
PaDiM,MVTec-AD,transistor,123,degradation,sensor_noise,moderate,none,0.8612499833106995,augmented
PaDiM,MVTec-AD,transistor,123,rescue,sensor_noise,moderate,NLM Denoise,0.71791672706604,augmented
PaDiM,MVTec-AD,transistor,123,degradation,sensor_noise,severe,none,0.8029166460037231,augmented
PaDiM,MVTec-AD,transistor,123,rescue,sensor_noise,severe,NLM Denoise,0.68708336353302,augmented
PaDiM,MVTec-AD,transistor,123,degradation,fog_haze,mild,none,0.8379167318344116,augmented
PaDiM,MVTec-AD,transistor,123,rescue,fog_haze,mild,Dehaze (Dark Channel),0.8208333253860474,augmented
PaDiM,MVTec-AD,transistor,123,degradation,fog_haze,moderate,none,0.6937500238418579,augmented
PaDiM,MVTec-AD,transistor,123,rescue,fog_haze,moderate,Dehaze (Dark Channel),0.659583330154419,augmented
PaDiM,MVTec-AD,transistor,123,degradation,fog_haze,severe,none,0.565833330154419,augmented
PaDiM,MVTec-AD,transistor,123,rescue,fog_haze,severe,Dehaze (Dark Channel),0.6135417222976685,augmented
PaDiM,MVTec-AD,transistor,456,baseline,clean,none,none,0.8770833611488342,augmented
PaDiM,MVTec-AD,transistor,456,degradation,low_light,mild,none,0.9075000286102296,augmented
PaDiM,MVTec-AD,transistor,456,rescue,low_light,mild,CLAHE,0.8483333587646484,augmented
PaDiM,MVTec-AD,transistor,456,rescue,low_light,mild,Retinex,0.6147916316986084,augmented
PaDiM,MVTec-AD,transistor,456,degradation,low_light,moderate,none,0.8662499785423279,augmented
PaDiM,MVTec-AD,transistor,456,rescue,low_light,moderate,CLAHE,0.8229166865348816,augmented
PaDiM,MVTec-AD,transistor,456,rescue,low_light,moderate,Retinex,0.5879166722297668,augmented
PaDiM,MVTec-AD,transistor,456,degradation,low_light,severe,none,0.7754166722297668,augmented
PaDiM,MVTec-AD,transistor,456,rescue,low_light,severe,CLAHE,0.7729166746139526,augmented
PaDiM,MVTec-AD,transistor,456,rescue,low_light,severe,Retinex,0.6712499856948853,augmented
PaDiM,MVTec-AD,transistor,456,degradation,gaussian_blur,mild,none,0.8962500095367432,augmented
PaDiM,MVTec-AD,transistor,456,rescue,gaussian_blur,mild,Wiener,0.5924999713897705,augmented
PaDiM,MVTec-AD,transistor,456,degradation,gaussian_blur,moderate,none,0.875,augmented
PaDiM,MVTec-AD,transistor,456,rescue,gaussian_blur,moderate,Wiener,0.6120833158493042,augmented
PaDiM,MVTec-AD,transistor,456,degradation,gaussian_blur,severe,none,0.8137500286102295,augmented
PaDiM,MVTec-AD,transistor,456,rescue,gaussian_blur,severe,Wiener,0.5458333492279053,augmented
PaDiM,MVTec-AD,transistor,456,degradation,motion_blur,mild,none,0.71916663646698,augmented
PaDiM,MVTec-AD,transistor,456,rescue,motion_blur,mild,Wiener (Motion PSF),0.7599999904632568,augmented
PaDiM,MVTec-AD,transistor,456,degradation,motion_blur,moderate,none,0.7312499284744263,augmented
PaDiM,MVTec-AD,transistor,456,rescue,motion_blur,moderate,Wiener (Motion PSF),0.5672916769981384,augmented
PaDiM,MVTec-AD,transistor,456,degradation,motion_blur,severe,none,0.7204166650772095,augmented
PaDiM,MVTec-AD,transistor,456,rescue,motion_blur,severe,Wiener (Motion PSF),0.6399999856948853,augmented
PaDiM,MVTec-AD,transistor,456,degradation,sensor_noise,mild,none,0.8899999856948853,augmented
PaDiM,MVTec-AD,transistor,456,rescue,sensor_noise,mild,NLM Denoise,0.9091666340827942,augmented
PaDiM,MVTec-AD,transistor,456,degradation,sensor_noise,moderate,none,0.793749988079071,augmented
PaDiM,MVTec-AD,transistor,456,rescue,sensor_noise,moderate,NLM Denoise,0.824999988079071,augmented
PaDiM,MVTec-AD,transistor,456,degradation,sensor_noise,severe,none,0.7570833563804626,augmented
PaDiM,MVTec-AD,transistor,456,rescue,sensor_noise,severe,NLM Denoise,0.7612500190734863,augmented
PaDiM,MVTec-AD,transistor,456,degradation,fog_haze,mild,none,0.777916669845581,augmented
PaDiM,MVTec-AD,transistor,456,rescue,fog_haze,mild,Dehaze (Dark Channel),0.7116666436195374,augmented
PaDiM,MVTec-AD,transistor,456,degradation,fog_haze,moderate,none,0.7475000023841858,augmented
PaDiM,MVTec-AD,transistor,456,rescue,fog_haze,moderate,Dehaze (Dark Channel),0.7024999856948853,augmented
PaDiM,MVTec-AD,transistor,456,degradation,fog_haze,severe,none,0.5614582896232605,augmented
PaDiM,MVTec-AD,transistor,456,rescue,fog_haze,severe,Dehaze (Dark Channel),0.6129167079925537,augmented
PaDiM,MVTec-AD,wood,42,baseline,clean,none,none,0.9956141114234924,augmented
PaDiM,MVTec-AD,wood,42,degradation,low_light,mild,none,0.9833333492279052,augmented
PaDiM,MVTec-AD,wood,42,rescue,low_light,mild,CLAHE,0.9745614528656006,augmented
PaDiM,MVTec-AD,wood,42,rescue,low_light,mild,Retinex,0.8684210777282715,augmented
PaDiM,MVTec-AD,wood,42,degradation,low_light,moderate,none,0.9745614528656006,augmented
PaDiM,MVTec-AD,wood,42,rescue,low_light,moderate,CLAHE,0.9429824352264404,augmented
PaDiM,MVTec-AD,wood,42,rescue,low_light,moderate,Retinex,0.8736842274665833,augmented
PaDiM,MVTec-AD,wood,42,degradation,low_light,severe,none,0.9491228461265564,augmented
PaDiM,MVTec-AD,wood,42,rescue,low_light,severe,CLAHE,0.9543859362602234,augmented
PaDiM,MVTec-AD,wood,42,rescue,low_light,severe,Retinex,0.969298243522644,augmented
PaDiM,MVTec-AD,wood,42,degradation,gaussian_blur,mild,none,0.9122806787490844,augmented
PaDiM,MVTec-AD,wood,42,rescue,gaussian_blur,mild,Wiener,0.9403508901596068,augmented
PaDiM,MVTec-AD,wood,42,degradation,gaussian_blur,moderate,none,0.8061403632164001,augmented
PaDiM,MVTec-AD,wood,42,rescue,gaussian_blur,moderate,Wiener,0.536403477191925,augmented
PaDiM,MVTec-AD,wood,42,degradation,gaussian_blur,severe,none,0.6464912295341492,augmented
PaDiM,MVTec-AD,wood,42,rescue,gaussian_blur,severe,Wiener,0.6543859243392944,augmented
PaDiM,MVTec-AD,wood,42,degradation,motion_blur,mild,none,0.9684209823608398,augmented
PaDiM,MVTec-AD,wood,42,rescue,motion_blur,mild,Wiener (Motion PSF),0.936842143535614,augmented
PaDiM,MVTec-AD,wood,42,degradation,motion_blur,moderate,none,0.9385965466499328,augmented
PaDiM,MVTec-AD,wood,42,rescue,motion_blur,moderate,Wiener (Motion PSF),0.9631578922271729,augmented
PaDiM,MVTec-AD,wood,42,degradation,motion_blur,severe,none,0.8991228342056274,augmented
PaDiM,MVTec-AD,wood,42,rescue,motion_blur,severe,Wiener (Motion PSF),0.9201754331588744,augmented
PaDiM,MVTec-AD,wood,42,degradation,sensor_noise,mild,none,0.8763158321380615,augmented
PaDiM,MVTec-AD,wood,42,rescue,sensor_noise,mild,NLM Denoise,0.8868421316146851,augmented
PaDiM,MVTec-AD,wood,42,degradation,sensor_noise,moderate,none,0.6916666626930237,augmented
PaDiM,MVTec-AD,wood,42,rescue,sensor_noise,moderate,NLM Denoise,0.6394737362861633,augmented
PaDiM,MVTec-AD,wood,42,degradation,sensor_noise,severe,none,0.5921052694320679,augmented
PaDiM,MVTec-AD,wood,42,rescue,sensor_noise,severe,NLM Denoise,0.569298267364502,augmented
PaDiM,MVTec-AD,wood,42,degradation,fog_haze,mild,none,0.8552631139755249,augmented
PaDiM,MVTec-AD,wood,42,rescue,fog_haze,mild,Dehaze (Dark Channel),0.9228070378303528,augmented
PaDiM,MVTec-AD,wood,42,degradation,fog_haze,moderate,none,0.7754386067390442,augmented
PaDiM,MVTec-AD,wood,42,rescue,fog_haze,moderate,Dehaze (Dark Channel),0.7912280559539795,augmented
PaDiM,MVTec-AD,wood,42,degradation,fog_haze,severe,none,0.4596491158008575,augmented
PaDiM,MVTec-AD,wood,42,rescue,fog_haze,severe,Dehaze (Dark Channel),0.6912280917167664,augmented
PaDiM,MVTec-AD,wood,123,baseline,clean,none,none,0.9903508424758912,augmented
PaDiM,MVTec-AD,wood,123,degradation,low_light,mild,none,0.9894736409187316,augmented
PaDiM,MVTec-AD,wood,123,rescue,low_light,mild,CLAHE,0.957894802093506,augmented
PaDiM,MVTec-AD,wood,123,rescue,low_light,mild,Retinex,0.8666666746139526,augmented
PaDiM,MVTec-AD,wood,123,degradation,low_light,moderate,none,0.9877192974090576,augmented
PaDiM,MVTec-AD,wood,123,rescue,low_light,moderate,CLAHE,0.9377192854881288,augmented
PaDiM,MVTec-AD,wood,123,rescue,low_light,moderate,Retinex,0.9596492052078248,augmented
PaDiM,MVTec-AD,wood,123,degradation,low_light,severe,none,0.957894802093506,augmented
PaDiM,MVTec-AD,wood,123,rescue,low_light,severe,CLAHE,0.9675438404083252,augmented
PaDiM,MVTec-AD,wood,123,rescue,low_light,severe,Retinex,0.9719297885894777,augmented
PaDiM,MVTec-AD,wood,123,degradation,gaussian_blur,mild,none,0.932456076145172,augmented
PaDiM,MVTec-AD,wood,123,rescue,gaussian_blur,mild,Wiener,0.9166666269302368,augmented
PaDiM,MVTec-AD,wood,123,degradation,gaussian_blur,moderate,none,0.8561403751373291,augmented
PaDiM,MVTec-AD,wood,123,rescue,gaussian_blur,moderate,Wiener,0.8184210062026978,augmented
PaDiM,MVTec-AD,wood,123,degradation,gaussian_blur,severe,none,0.7552631497383118,augmented
PaDiM,MVTec-AD,wood,123,rescue,gaussian_blur,severe,Wiener,0.7657895088195801,augmented
PaDiM,MVTec-AD,wood,123,degradation,motion_blur,mild,none,0.9394736289978028,augmented
PaDiM,MVTec-AD,wood,123,rescue,motion_blur,mild,Wiener (Motion PSF),0.9508771896362304,augmented
PaDiM,MVTec-AD,wood,123,degradation,motion_blur,moderate,none,0.9798245429992676,augmented
PaDiM,MVTec-AD,wood,123,rescue,motion_blur,moderate,Wiener (Motion PSF),0.7973684072494507,augmented
PaDiM,MVTec-AD,wood,123,degradation,motion_blur,severe,none,0.9587719440460204,augmented
PaDiM,MVTec-AD,wood,123,rescue,motion_blur,severe,Wiener (Motion PSF),0.793859601020813,augmented
PaDiM,MVTec-AD,wood,123,degradation,sensor_noise,mild,none,0.980701744556427,augmented
PaDiM,MVTec-AD,wood,123,rescue,sensor_noise,mild,NLM Denoise,0.8894736170768738,augmented
PaDiM,MVTec-AD,wood,123,degradation,sensor_noise,moderate,none,0.8315788507461548,augmented
PaDiM,MVTec-AD,wood,123,rescue,sensor_noise,moderate,NLM Denoise,0.6096491813659668,augmented
PaDiM,MVTec-AD,wood,123,degradation,sensor_noise,severe,none,0.7350877523422241,augmented
PaDiM,MVTec-AD,wood,123,rescue,sensor_noise,severe,NLM Denoise,0.5798245668411255,augmented
PaDiM,MVTec-AD,wood,123,degradation,fog_haze,mild,none,0.8447368144989014,augmented
PaDiM,MVTec-AD,wood,123,rescue,fog_haze,mild,Dehaze (Dark Channel),0.7254385352134705,augmented
PaDiM,MVTec-AD,wood,123,degradation,fog_haze,moderate,none,0.7701754570007324,augmented
PaDiM,MVTec-AD,wood,123,rescue,fog_haze,moderate,Dehaze (Dark Channel),0.5061403512954712,augmented
PaDiM,MVTec-AD,wood,123,degradation,fog_haze,severe,none,0.6850876808166504,augmented
PaDiM,MVTec-AD,wood,123,rescue,fog_haze,severe,Dehaze (Dark Channel),0.5438596606254578,augmented
PaDiM,MVTec-AD,wood,456,baseline,clean,none,none,0.9649122953414916,augmented
PaDiM,MVTec-AD,wood,456,degradation,low_light,mild,none,0.9631578922271729,augmented
PaDiM,MVTec-AD,wood,456,rescue,low_light,mild,CLAHE,0.928947389125824,augmented
PaDiM,MVTec-AD,wood,456,rescue,low_light,mild,Retinex,0.9026316404342652,augmented
PaDiM,MVTec-AD,wood,456,degradation,low_light,moderate,none,0.9368420839309692,augmented
PaDiM,MVTec-AD,wood,456,rescue,low_light,moderate,CLAHE,0.871052622795105,augmented
PaDiM,MVTec-AD,wood,456,rescue,low_light,moderate,Retinex,0.9710526466369628,augmented
PaDiM,MVTec-AD,wood,456,degradation,low_light,severe,none,0.8807017803192139,augmented
PaDiM,MVTec-AD,wood,456,rescue,low_light,severe,CLAHE,0.827193021774292,augmented
PaDiM,MVTec-AD,wood,456,rescue,low_light,severe,Retinex,0.9701754450798036,augmented
PaDiM,MVTec-AD,wood,456,degradation,gaussian_blur,mild,none,0.8745614290237427,augmented
PaDiM,MVTec-AD,wood,456,rescue,gaussian_blur,mild,Wiener,0.6885964870452881,augmented
PaDiM,MVTec-AD,wood,456,degradation,gaussian_blur,moderate,none,0.8122806549072266,augmented
PaDiM,MVTec-AD,wood,456,rescue,gaussian_blur,moderate,Wiener,0.7315789461135864,augmented
PaDiM,MVTec-AD,wood,456,degradation,gaussian_blur,severe,none,0.659649133682251,augmented
PaDiM,MVTec-AD,wood,456,rescue,gaussian_blur,severe,Wiener,0.4907894730567932,augmented
PaDiM,MVTec-AD,wood,456,degradation,motion_blur,mild,none,0.9561403393745422,augmented
PaDiM,MVTec-AD,wood,456,rescue,motion_blur,mild,Wiener (Motion PSF),0.9184210300445556,augmented
PaDiM,MVTec-AD,wood,456,degradation,motion_blur,moderate,none,0.9412280917167664,augmented
PaDiM,MVTec-AD,wood,456,rescue,motion_blur,moderate,Wiener (Motion PSF),0.7491227388381958,augmented
PaDiM,MVTec-AD,wood,456,degradation,motion_blur,severe,none,0.8929824829101562,augmented
PaDiM,MVTec-AD,wood,456,rescue,motion_blur,severe,Wiener (Motion PSF),0.8350876569747925,augmented
PaDiM,MVTec-AD,wood,456,degradation,sensor_noise,mild,none,0.8315789699554443,augmented
PaDiM,MVTec-AD,wood,456,rescue,sensor_noise,mild,NLM Denoise,0.8315789699554443,augmented
PaDiM,MVTec-AD,wood,456,degradation,sensor_noise,moderate,none,0.7333333492279053,augmented
PaDiM,MVTec-AD,wood,456,rescue,sensor_noise,moderate,NLM Denoise,0.6780701875686646,augmented
PaDiM,MVTec-AD,wood,456,degradation,sensor_noise,severe,none,0.7947368025779724,augmented
PaDiM,MVTec-AD,wood,456,rescue,sensor_noise,severe,NLM Denoise,0.6622806787490845,augmented
PaDiM,MVTec-AD,wood,456,degradation,fog_haze,mild,none,0.8280701637268066,augmented
PaDiM,MVTec-AD,wood,456,rescue,fog_haze,mild,Dehaze (Dark Channel),0.7280701994895935,augmented
PaDiM,MVTec-AD,wood,456,degradation,fog_haze,moderate,none,0.7991228103637695,augmented
PaDiM,MVTec-AD,wood,456,rescue,fog_haze,moderate,Dehaze (Dark Channel),0.7833333015441895,augmented
PaDiM,MVTec-AD,wood,456,degradation,fog_haze,severe,none,0.7956140041351318,augmented
PaDiM,MVTec-AD,wood,456,rescue,fog_haze,severe,Dehaze (Dark Channel),0.7385965585708618,augmented
PaDiM,MVTec-AD,zipper,42,baseline,clean,none,none,0.8568803071975708,augmented
PaDiM,MVTec-AD,zipper,42,degradation,low_light,mild,none,0.7313550710678101,augmented
PaDiM,MVTec-AD,zipper,42,rescue,low_light,mild,CLAHE,0.6334033608436584,augmented
PaDiM,MVTec-AD,zipper,42,rescue,low_light,mild,Retinex,0.7134978771209717,augmented
PaDiM,MVTec-AD,zipper,42,degradation,low_light,moderate,none,0.6909139156341553,augmented
PaDiM,MVTec-AD,zipper,42,rescue,low_light,moderate,CLAHE,0.6575630307197571,augmented
PaDiM,MVTec-AD,zipper,42,rescue,low_light,moderate,Retinex,0.7158613204956055,augmented
PaDiM,MVTec-AD,zipper,42,degradation,low_light,severe,none,0.7544642686843872,augmented
PaDiM,MVTec-AD,zipper,42,rescue,low_light,severe,CLAHE,0.6909139156341553,augmented
PaDiM,MVTec-AD,zipper,42,rescue,low_light,severe,Retinex,0.6909138560295105,augmented
PaDiM,MVTec-AD,zipper,42,degradation,gaussian_blur,mild,none,0.8705357313156128,augmented
PaDiM,MVTec-AD,zipper,42,rescue,gaussian_blur,mild,Wiener,0.661239504814148,augmented
PaDiM,MVTec-AD,zipper,42,degradation,gaussian_blur,moderate,none,0.9729516506195068,augmented
PaDiM,MVTec-AD,zipper,42,rescue,gaussian_blur,moderate,Wiener,0.5136554837226868,augmented
PaDiM,MVTec-AD,zipper,42,degradation,gaussian_blur,severe,none,0.9627100825309752,augmented
PaDiM,MVTec-AD,zipper,42,rescue,gaussian_blur,severe,Wiener,0.5336134433746338,augmented
PaDiM,MVTec-AD,zipper,42,degradation,motion_blur,mild,none,0.886292040348053,augmented
PaDiM,MVTec-AD,zipper,42,rescue,motion_blur,mild,Wiener (Motion PSF),0.7455357313156128,augmented
PaDiM,MVTec-AD,zipper,42,degradation,motion_blur,moderate,none,0.8269432783126831,augmented
PaDiM,MVTec-AD,zipper,42,rescue,motion_blur,moderate,Wiener (Motion PSF),0.8395482897758484,augmented
PaDiM,MVTec-AD,zipper,42,degradation,motion_blur,severe,none,0.8492646813392639,augmented
PaDiM,MVTec-AD,zipper,42,rescue,motion_blur,severe,Wiener (Motion PSF),0.7345063090324402,augmented
PaDiM,MVTec-AD,zipper,42,degradation,sensor_noise,mild,none,0.5976890921592712,augmented
PaDiM,MVTec-AD,zipper,42,rescue,sensor_noise,mild,NLM Denoise,0.7158613204956055,augmented
PaDiM,MVTec-AD,zipper,42,degradation,sensor_noise,moderate,none,0.6286765336990356,augmented
PaDiM,MVTec-AD,zipper,42,rescue,sensor_noise,moderate,NLM Denoise,0.6475840210914612,augmented
PaDiM,MVTec-AD,zipper,42,degradation,sensor_noise,severe,none,0.640099823474884,augmented
PaDiM,MVTec-AD,zipper,42,rescue,sensor_noise,severe,NLM Denoise,0.6525735855102539,augmented
PaDiM,MVTec-AD,zipper,42,degradation,fog_haze,mild,none,0.7358193397521973,augmented
PaDiM,MVTec-AD,zipper,42,rescue,fog_haze,mild,Dehaze (Dark Channel),0.6969537734985352,augmented
PaDiM,MVTec-AD,zipper,42,degradation,fog_haze,moderate,none,0.6373424530029297,augmented
PaDiM,MVTec-AD,zipper,42,rescue,fog_haze,moderate,Dehaze (Dark Channel),0.5267857313156128,augmented
PaDiM,MVTec-AD,zipper,42,degradation,fog_haze,severe,none,0.6685924530029297,augmented
PaDiM,MVTec-AD,zipper,42,rescue,fog_haze,severe,Dehaze (Dark Channel),0.6213235855102539,augmented
PaDiM,MVTec-AD,zipper,123,baseline,clean,none,none,0.8918067216873169,augmented
PaDiM,MVTec-AD,zipper,123,degradation,low_light,mild,none,0.7935924530029297,augmented
PaDiM,MVTec-AD,zipper,123,rescue,low_light,mild,CLAHE,0.5456932783126831,augmented
PaDiM,MVTec-AD,zipper,123,rescue,low_light,mild,Retinex,0.5900735259056091,augmented
PaDiM,MVTec-AD,zipper,123,degradation,low_light,moderate,none,0.6945903301239014,augmented
PaDiM,MVTec-AD,zipper,123,rescue,low_light,moderate,CLAHE,0.5756303071975708,augmented
PaDiM,MVTec-AD,zipper,123,rescue,low_light,moderate,Retinex,0.6504727602005005,augmented
PaDiM,MVTec-AD,zipper,123,degradation,low_light,severe,none,0.7198004722595215,augmented
PaDiM,MVTec-AD,zipper,123,rescue,low_light,severe,CLAHE,0.6418067216873169,augmented
PaDiM,MVTec-AD,zipper,123,rescue,low_light,severe,Retinex,0.6152836084365845,augmented
PaDiM,MVTec-AD,zipper,123,degradation,gaussian_blur,mild,none,0.8395483493804932,augmented
PaDiM,MVTec-AD,zipper,123,rescue,gaussian_blur,mild,Wiener,0.7316176891326904,augmented
PaDiM,MVTec-AD,zipper,123,degradation,gaussian_blur,moderate,none,0.9193801879882812,augmented
PaDiM,MVTec-AD,zipper,123,rescue,gaussian_blur,moderate,Wiener,0.723739504814148,augmented
PaDiM,MVTec-AD,zipper,123,degradation,gaussian_blur,severe,none,0.9238445162773132,augmented
PaDiM,MVTec-AD,zipper,123,rescue,gaussian_blur,severe,Wiener,0.5477941036224365,augmented
PaDiM,MVTec-AD,zipper,123,degradation,motion_blur,mild,none,0.8728991746902466,augmented
PaDiM,MVTec-AD,zipper,123,rescue,motion_blur,mild,Wiener (Motion PSF),0.5349264740943909,augmented
PaDiM,MVTec-AD,zipper,123,degradation,motion_blur,moderate,none,0.8739495873451233,augmented
PaDiM,MVTec-AD,zipper,123,rescue,motion_blur,moderate,Wiener (Motion PSF),0.5940126180648804,augmented
PaDiM,MVTec-AD,zipper,123,degradation,motion_blur,severe,none,0.8639705777168274,augmented
PaDiM,MVTec-AD,zipper,123,rescue,motion_blur,severe,Wiener (Motion PSF),0.6832983493804932,augmented
PaDiM,MVTec-AD,zipper,123,degradation,sensor_noise,mild,none,0.5685399770736694,augmented
PaDiM,MVTec-AD,zipper,123,rescue,sensor_noise,mild,NLM Denoise,0.5698529481887817,augmented
PaDiM,MVTec-AD,zipper,123,degradation,sensor_noise,moderate,none,0.6263130307197571,augmented
PaDiM,MVTec-AD,zipper,123,rescue,sensor_noise,moderate,NLM Denoise,0.5945378541946411,augmented
PaDiM,MVTec-AD,zipper,123,degradation,sensor_noise,severe,none,0.623161792755127,augmented
PaDiM,MVTec-AD,zipper,123,rescue,sensor_noise,severe,NLM Denoise,0.5024948120117188,augmented
PaDiM,MVTec-AD,zipper,123,degradation,fog_haze,mild,none,0.7313550710678101,augmented
PaDiM,MVTec-AD,zipper,123,rescue,fog_haze,mild,Dehaze (Dark Channel),0.7576155662536621,augmented
PaDiM,MVTec-AD,zipper,123,degradation,fog_haze,moderate,none,0.6184349060058594,augmented
PaDiM,MVTec-AD,zipper,123,rescue,fog_haze,moderate,Dehaze (Dark Channel),0.494747906923294,augmented
PaDiM,MVTec-AD,zipper,123,degradation,fog_haze,severe,none,0.4902836382389068,augmented
PaDiM,MVTec-AD,zipper,123,rescue,fog_haze,severe,Dehaze (Dark Channel),0.5347951650619507,augmented
PaDiM,MVTec-AD,zipper,456,baseline,clean,none,none,0.9262080192565918,augmented
PaDiM,MVTec-AD,zipper,456,degradation,low_light,mild,none,0.8518908023834229,augmented
PaDiM,MVTec-AD,zipper,456,rescue,low_light,mild,CLAHE,0.7174369692802429,augmented
PaDiM,MVTec-AD,zipper,456,rescue,low_light,mild,Retinex,0.7242647409439087,augmented
PaDiM,MVTec-AD,zipper,456,degradation,low_light,moderate,none,0.8069852590560913,augmented
PaDiM,MVTec-AD,zipper,456,rescue,low_light,moderate,CLAHE,0.7003676891326904,augmented
PaDiM,MVTec-AD,zipper,456,rescue,low_light,moderate,Retinex,0.6323529481887817,augmented
PaDiM,MVTec-AD,zipper,456,degradation,low_light,severe,none,0.8595063090324402,augmented
PaDiM,MVTec-AD,zipper,456,rescue,low_light,severe,CLAHE,0.7605042457580566,augmented
PaDiM,MVTec-AD,zipper,456,rescue,low_light,severe,Retinex,0.5814076066017151,augmented
PaDiM,MVTec-AD,zipper,456,degradation,gaussian_blur,mild,none,0.9340861439704896,augmented
PaDiM,MVTec-AD,zipper,456,rescue,gaussian_blur,mild,Wiener,0.7507878541946411,augmented
PaDiM,MVTec-AD,zipper,456,degradation,gaussian_blur,moderate,none,0.9965860843658448,augmented
PaDiM,MVTec-AD,zipper,456,rescue,gaussian_blur,moderate,Wiener,0.4831932783126831,augmented
PaDiM,MVTec-AD,zipper,456,degradation,gaussian_blur,severe,none,0.9661239385604858,augmented
PaDiM,MVTec-AD,zipper,456,rescue,gaussian_blur,severe,Wiener,0.5462185144424438,augmented
PaDiM,MVTec-AD,zipper,456,degradation,motion_blur,mild,none,0.8595063090324402,augmented
PaDiM,MVTec-AD,zipper,456,rescue,motion_blur,mild,Wiener (Motion PSF),0.8266806602478027,augmented
PaDiM,MVTec-AD,zipper,456,degradation,motion_blur,moderate,none,0.8996847867965698,augmented
PaDiM,MVTec-AD,zipper,456,rescue,motion_blur,moderate,Wiener (Motion PSF),0.8054096102714539,augmented
PaDiM,MVTec-AD,zipper,456,degradation,motion_blur,severe,none,0.9030987024307252,augmented
PaDiM,MVTec-AD,zipper,456,rescue,motion_blur,severe,Wiener (Motion PSF),0.6502100825309753,augmented
PaDiM,MVTec-AD,zipper,456,degradation,sensor_noise,mild,none,0.6467962265014648,augmented
PaDiM,MVTec-AD,zipper,456,rescue,sensor_noise,mild,NLM Denoise,0.5842962265014648,augmented
PaDiM,MVTec-AD,zipper,456,degradation,sensor_noise,moderate,none,0.611344575881958,augmented
PaDiM,MVTec-AD,zipper,456,rescue,sensor_noise,moderate,NLM Denoise,0.6105567216873169,augmented
PaDiM,MVTec-AD,zipper,456,degradation,sensor_noise,severe,none,0.625,augmented
PaDiM,MVTec-AD,zipper,456,rescue,sensor_noise,severe,NLM Denoise,0.5546218156814575,augmented
PaDiM,MVTec-AD,zipper,456,degradation,fog_haze,mild,none,0.7510504126548767,augmented
PaDiM,MVTec-AD,zipper,456,rescue,fog_haze,mild,Dehaze (Dark Channel),0.7318803071975708,augmented
PaDiM,MVTec-AD,zipper,456,degradation,fog_haze,moderate,none,0.6320903301239014,augmented
PaDiM,MVTec-AD,zipper,456,rescue,fog_haze,moderate,Dehaze (Dark Channel),0.6583508253097534,augmented
PaDiM,MVTec-AD,zipper,456,degradation,fog_haze,severe,none,0.6594012975692749,augmented
PaDiM,MVTec-AD,zipper,456,rescue,fog_haze,severe,Dehaze (Dark Channel),0.6851365566253662,augmented
PaDiM,MVTec-AD,screw,123,baseline,clean,none,none,0.7647058367729187,augmented
PaDiM,MVTec-AD,screw,123,degradation,low_light,mild,none,0.5779873132705688,augmented
PaDiM,MVTec-AD,screw,123,rescue,low_light,mild,CLAHE,0.581881582736969,augmented
PaDiM,MVTec-AD,screw,123,rescue,low_light,mild,Retinex,0.4925189614295959,augmented
PaDiM,MVTec-AD,screw,123,degradation,low_light,moderate,none,0.5562615394592285,augmented
PaDiM,MVTec-AD,screw,123,rescue,low_light,moderate,CLAHE,0.5160893797874451,augmented
PaDiM,MVTec-AD,screw,123,rescue,low_light,moderate,Retinex,0.5312564373016357,augmented
PaDiM,MVTec-AD,screw,123,degradation,low_light,severe,none,0.6282025575637817,augmented
PaDiM,MVTec-AD,screw,123,rescue,low_light,severe,CLAHE,0.6249231100082397,augmented
PaDiM,MVTec-AD,screw,123,rescue,low_light,severe,Retinex,0.7032178640365601,augmented
PaDiM,MVTec-AD,screw,123,degradation,gaussian_blur,mild,none,0.5814716219902039,augmented
PaDiM,MVTec-AD,screw,123,rescue,gaussian_blur,mild,Wiener,0.5587210655212402,augmented
PaDiM,MVTec-AD,screw,123,degradation,gaussian_blur,moderate,none,0.4597253799438476,augmented
PaDiM,MVTec-AD,screw,123,rescue,gaussian_blur,moderate,Wiener,0.5,augmented
PaDiM,MVTec-AD,screw,123,degradation,gaussian_blur,severe,none,0.3971100747585296,augmented
PaDiM,MVTec-AD,screw,123,rescue,gaussian_blur,severe,Wiener,0.5,augmented
PaDiM,MVTec-AD,screw,123,degradation,motion_blur,mild,none,0.591309666633606,augmented
PaDiM,MVTec-AD,screw,123,rescue,motion_blur,mild,Wiener (Motion PSF),0.6149826049804688,augmented
PaDiM,MVTec-AD,screw,123,degradation,motion_blur,moderate,none,0.4931338429450989,augmented
PaDiM,MVTec-AD,screw,123,rescue,motion_blur,moderate,Wiener (Motion PSF),0.6636605858802795,augmented
PaDiM,MVTec-AD,screw,123,degradation,motion_blur,severe,none,0.5244927406311035,augmented
PaDiM,MVTec-AD,screw,123,rescue,motion_blur,severe,Wiener (Motion PSF),0.6754457950592041,augmented
PaDiM,MVTec-AD,screw,123,degradation,sensor_noise,mild,none,0.5355605483055115,augmented
PaDiM,MVTec-AD,screw,123,rescue,sensor_noise,mild,NLM Denoise,0.5150645971298218,augmented
PaDiM,MVTec-AD,screw,123,degradation,sensor_noise,moderate,none,0.5740931034088135,augmented
PaDiM,MVTec-AD,screw,123,rescue,sensor_noise,moderate,NLM Denoise,0.4984627962112427,augmented
PaDiM,MVTec-AD,screw,123,degradation,sensor_noise,severe,none,0.5437589883804321,augmented
PaDiM,MVTec-AD,screw,123,rescue,sensor_noise,severe,NLM Denoise,0.4944660663604736,augmented
PaDiM,MVTec-AD,screw,123,degradation,fog_haze,mild,none,0.5193687081336975,augmented
PaDiM,MVTec-AD,screw,123,rescue,fog_haze,mild,Dehaze (Dark Channel),0.4732527136802673,augmented
PaDiM,MVTec-AD,screw,123,degradation,fog_haze,moderate,none,0.3959828019142151,augmented
PaDiM,MVTec-AD,screw,123,rescue,fog_haze,moderate,Dehaze (Dark Channel),0.3498668074607849,augmented
PaDiM,MVTec-AD,screw,123,degradation,fog_haze,severe,none,0.4446607828140259,augmented
PaDiM,MVTec-AD,screw,123,rescue,fog_haze,severe,Dehaze (Dark Channel),0.5101455450057983,augmented
PatchCore,VisA,candle,42,baseline,clean,none,none,0.9721999168395996,clean
PatchCore,VisA,candle,42,degradation,low_light,mild,none,0.8928999900817871,clean
PatchCore,VisA,candle,42,rescue,low_light,mild,CLAHE,0.5,clean
PatchCore,VisA,candle,42,rescue,low_light,mild,Retinex,0.6092000007629395,clean
PatchCore,VisA,candle,42,degradation,low_light,moderate,none,0.630050003528595,clean
PatchCore,VisA,candle,42,rescue,low_light,moderate,CLAHE,0.5,clean
PatchCore,VisA,candle,42,rescue,low_light,moderate,Retinex,0.5,clean
PatchCore,VisA,candle,42,degradation,low_light,severe,none,0.5,clean
PatchCore,VisA,candle,42,rescue,low_light,severe,CLAHE,0.5,clean
PatchCore,VisA,candle,42,rescue,low_light,severe,Retinex,0.5,clean
PatchCore,VisA,candle,42,degradation,gaussian_blur,mild,none,0.901699960231781,clean
PatchCore,VisA,candle,42,rescue,gaussian_blur,mild,Wiener,0.7559000253677368,clean
PatchCore,VisA,candle,42,degradation,gaussian_blur,moderate,none,0.5,clean
PatchCore,VisA,candle,42,rescue,gaussian_blur,moderate,Wiener,0.5,clean
PatchCore,VisA,candle,42,degradation,gaussian_blur,severe,none,0.5,clean
PatchCore,VisA,candle,42,rescue,gaussian_blur,severe,Wiener,0.5,clean
PatchCore,VisA,candle,42,degradation,motion_blur,mild,none,0.843000054359436,clean
PatchCore,VisA,candle,42,rescue,motion_blur,mild,Wiener (Motion PSF),0.5,clean
PatchCore,VisA,candle,42,degradation,motion_blur,moderate,none,0.5,clean
PatchCore,VisA,candle,42,rescue,motion_blur,moderate,Wiener (Motion PSF),0.5,clean
PatchCore,VisA,candle,42,degradation,motion_blur,severe,none,0.5,clean
PatchCore,VisA,candle,42,rescue,motion_blur,severe,Wiener (Motion PSF),0.5,clean
PatchCore,VisA,candle,42,degradation,sensor_noise,mild,none,0.5,clean
PatchCore,VisA,candle,42,rescue,sensor_noise,mild,NLM Denoise,0.4589000344276428,clean
PatchCore,VisA,candle,42,degradation,sensor_noise,moderate,none,0.5,clean
PatchCore,VisA,candle,42,rescue,sensor_noise,moderate,NLM Denoise,0.5,clean
PatchCore,VisA,candle,42,degradation,sensor_noise,severe,none,0.5,clean
PatchCore,VisA,candle,42,rescue,sensor_noise,severe,NLM Denoise,0.5,clean
PatchCore,VisA,candle,42,degradation,fog_haze,mild,none,0.5048999786376953,clean
PatchCore,VisA,candle,42,rescue,fog_haze,mild,Dehaze (Dark Channel),0.5,clean
PatchCore,VisA,candle,42,degradation,fog_haze,moderate,none,0.5,clean
PatchCore,VisA,candle,42,rescue,fog_haze,moderate,Dehaze (Dark Channel),0.5,clean
PatchCore,VisA,candle,42,degradation,fog_haze,severe,none,0.5,clean
PatchCore,VisA,candle,42,rescue,fog_haze,severe,Dehaze (Dark Channel),0.5,clean
PatchCore,VisA,candle,123,baseline,clean,none,none,0.9745999574661256,clean
PatchCore,VisA,candle,123,degradation,low_light,mild,none,0.8855999708175659,clean
PatchCore,VisA,candle,123,rescue,low_light,mild,CLAHE,0.5,clean
PatchCore,VisA,candle,123,rescue,low_light,mild,Retinex,0.6234999895095825,clean
PatchCore,VisA,candle,123,degradation,low_light,moderate,none,0.6577500104904175,clean
PatchCore,VisA,candle,123,rescue,low_light,moderate,CLAHE,0.5,clean
PatchCore,VisA,candle,123,rescue,low_light,moderate,Retinex,0.4950000047683716,clean
PatchCore,VisA,candle,123,degradation,low_light,severe,none,0.5,clean
PatchCore,VisA,candle,123,rescue,low_light,severe,CLAHE,0.5,clean
PatchCore,VisA,candle,123,rescue,low_light,severe,Retinex,0.5,clean
PatchCore,VisA,candle,123,degradation,gaussian_blur,mild,none,0.9047999978065492,clean
PatchCore,VisA,candle,123,rescue,gaussian_blur,mild,Wiener,0.776900053024292,clean
PatchCore,VisA,candle,123,degradation,gaussian_blur,moderate,none,0.5,clean
PatchCore,VisA,candle,123,rescue,gaussian_blur,moderate,Wiener,0.5,clean
PatchCore,VisA,candle,123,degradation,gaussian_blur,severe,none,0.5,clean
PatchCore,VisA,candle,123,rescue,gaussian_blur,severe,Wiener,0.5,clean
PatchCore,VisA,candle,123,degradation,motion_blur,mild,none,0.848099946975708,clean
PatchCore,VisA,candle,123,rescue,motion_blur,mild,Wiener (Motion PSF),0.5,clean
PatchCore,VisA,candle,123,degradation,motion_blur,moderate,none,0.5,clean
PatchCore,VisA,candle,123,rescue,motion_blur,moderate,Wiener (Motion PSF),0.5,clean
PatchCore,VisA,candle,123,degradation,motion_blur,severe,none,0.5,clean
PatchCore,VisA,candle,123,rescue,motion_blur,severe,Wiener (Motion PSF),0.5,clean
PatchCore,VisA,candle,123,degradation,sensor_noise,mild,none,0.5,clean
PatchCore,VisA,candle,123,rescue,sensor_noise,mild,NLM Denoise,0.449349969625473,clean
PatchCore,VisA,candle,123,degradation,sensor_noise,moderate,none,0.5,clean
PatchCore,VisA,candle,123,rescue,sensor_noise,moderate,NLM Denoise,0.5,clean
PatchCore,VisA,candle,123,degradation,sensor_noise,severe,none,0.5,clean
PatchCore,VisA,candle,123,rescue,sensor_noise,severe,NLM Denoise,0.5,clean
PatchCore,VisA,candle,123,degradation,fog_haze,mild,none,0.4950000047683716,clean
PatchCore,VisA,candle,123,rescue,fog_haze,mild,Dehaze (Dark Channel),0.5,clean
PatchCore,VisA,candle,123,degradation,fog_haze,moderate,none,0.5,clean
PatchCore,VisA,candle,123,rescue,fog_haze,moderate,Dehaze (Dark Channel),0.5,clean
PatchCore,VisA,candle,123,degradation,fog_haze,severe,none,0.5,clean
PatchCore,VisA,candle,123,rescue,fog_haze,severe,Dehaze (Dark Channel),0.5,clean
PatchCore,VisA,candle,456,baseline,clean,none,none,0.9690000414848328,clean
PatchCore,VisA,candle,456,degradation,low_light,mild,none,0.8986999988555908,clean
PatchCore,VisA,candle,456,rescue,low_light,mild,CLAHE,0.5,clean
PatchCore,VisA,candle,456,rescue,low_light,mild,Retinex,0.5973999500274658,clean
PatchCore,VisA,candle,456,degradation,low_light,moderate,none,0.6227999925613403,clean
PatchCore,VisA,candle,456,rescue,low_light,moderate,CLAHE,0.5,clean
PatchCore,VisA,candle,456,rescue,low_light,moderate,Retinex,0.5,clean
PatchCore,VisA,candle,456,degradation,low_light,severe,none,0.5,clean
PatchCore,VisA,candle,456,rescue,low_light,severe,CLAHE,0.5,clean
PatchCore,VisA,candle,456,rescue,low_light,severe,Retinex,0.5,clean
PatchCore,VisA,candle,456,degradation,gaussian_blur,mild,none,0.9101000428199768,clean
PatchCore,VisA,candle,456,rescue,gaussian_blur,mild,Wiener,0.7922000288963318,clean
PatchCore,VisA,candle,456,degradation,gaussian_blur,moderate,none,0.5,clean
PatchCore,VisA,candle,456,rescue,gaussian_blur,moderate,Wiener,0.5,clean
PatchCore,VisA,candle,456,degradation,gaussian_blur,severe,none,0.5,clean
PatchCore,VisA,candle,456,rescue,gaussian_blur,severe,Wiener,0.5,clean
PatchCore,VisA,candle,456,degradation,motion_blur,mild,none,0.8337000012397766,clean
PatchCore,VisA,candle,456,rescue,motion_blur,mild,Wiener (Motion PSF),0.5,clean
PatchCore,VisA,candle,456,degradation,motion_blur,moderate,none,0.5,clean
PatchCore,VisA,candle,456,rescue,motion_blur,moderate,Wiener (Motion PSF),0.5,clean
PatchCore,VisA,candle,456,degradation,motion_blur,severe,none,0.5,clean
PatchCore,VisA,candle,456,rescue,motion_blur,severe,Wiener (Motion PSF),0.5,clean
PatchCore,VisA,candle,456,degradation,sensor_noise,mild,none,0.5,clean
PatchCore,VisA,candle,456,rescue,sensor_noise,mild,NLM Denoise,0.4691500067710876,clean
PatchCore,VisA,candle,456,degradation,sensor_noise,moderate,none,0.5,clean
PatchCore,VisA,candle,456,rescue,sensor_noise,moderate,NLM Denoise,0.5,clean
PatchCore,VisA,candle,456,degradation,sensor_noise,severe,none,0.5,clean
PatchCore,VisA,candle,456,rescue,sensor_noise,severe,NLM Denoise,0.5,clean
PatchCore,VisA,candle,456,degradation,fog_haze,mild,none,0.5099999904632568,clean
PatchCore,VisA,candle,456,rescue,fog_haze,mild,Dehaze (Dark Channel),0.5,clean
PatchCore,VisA,candle,456,degradation,fog_haze,moderate,none,0.5,clean
PatchCore,VisA,candle,456,rescue,fog_haze,moderate,Dehaze (Dark Channel),0.5,clean
PatchCore,VisA,candle,456,degradation,fog_haze,severe,none,0.5,clean
PatchCore,VisA,candle,456,rescue,fog_haze,severe,Dehaze (Dark Channel),0.5,clean
PatchCore,VisA,capsules,42,baseline,clean,none,none,0.7173332571983337,clean
PatchCore,VisA,capsules,42,degradation,low_light,mild,none,0.7595000267028809,clean
PatchCore,VisA,capsules,42,rescue,low_light,mild,CLAHE,0.6635833382606506,clean
PatchCore,VisA,capsules,42,rescue,low_light,mild,Retinex,0.684999942779541,clean
PatchCore,VisA,capsules,42,degradation,low_light,moderate,none,0.7418333292007446,clean
PatchCore,VisA,capsules,42,rescue,low_light,moderate,CLAHE,0.5803333520889282,clean
PatchCore,VisA,capsules,42,rescue,low_light,moderate,Retinex,0.7510000467300415,clean
PatchCore,VisA,capsules,42,degradation,low_light,severe,none,0.5,clean
PatchCore,VisA,capsules,42,rescue,low_light,severe,CLAHE,0.5,clean
PatchCore,VisA,capsules,42,rescue,low_light,severe,Retinex,0.5981666445732117,clean
PatchCore,VisA,capsules,42,degradation,gaussian_blur,mild,none,0.6881666779518127,clean
PatchCore,VisA,capsules,42,rescue,gaussian_blur,mild,Wiener,0.606166660785675,clean
PatchCore,VisA,capsules,42,degradation,gaussian_blur,moderate,none,0.5,clean
PatchCore,VisA,capsules,42,rescue,gaussian_blur,moderate,Wiener,0.5,clean
PatchCore,VisA,capsules,42,degradation,gaussian_blur,severe,none,0.5,clean
PatchCore,VisA,capsules,42,rescue,gaussian_blur,severe,Wiener,0.5,clean
PatchCore,VisA,capsules,42,degradation,motion_blur,mild,none,0.6608332991600037,clean
PatchCore,VisA,capsules,42,rescue,motion_blur,mild,Wiener (Motion PSF),0.5,clean
PatchCore,VisA,capsules,42,degradation,motion_blur,moderate,none,0.5,clean
PatchCore,VisA,capsules,42,rescue,motion_blur,moderate,Wiener (Motion PSF),0.5,clean
PatchCore,VisA,capsules,42,degradation,motion_blur,severe,none,0.5,clean
PatchCore,VisA,capsules,42,rescue,motion_blur,severe,Wiener (Motion PSF),0.5,clean
PatchCore,VisA,capsules,42,degradation,sensor_noise,mild,none,0.6288333535194397,clean
PatchCore,VisA,capsules,42,rescue,sensor_noise,mild,NLM Denoise,0.5098333358764648,clean
PatchCore,VisA,capsules,42,degradation,sensor_noise,moderate,none,0.4900000095367431,clean
PatchCore,VisA,capsules,42,rescue,sensor_noise,moderate,NLM Denoise,0.5,clean
PatchCore,VisA,capsules,42,degradation,sensor_noise,severe,none,0.5,clean
PatchCore,VisA,capsules,42,rescue,sensor_noise,severe,NLM Denoise,0.5,clean
PatchCore,VisA,capsules,42,degradation,fog_haze,mild,none,0.6596666574478149,clean
PatchCore,VisA,capsules,42,rescue,fog_haze,mild,Dehaze (Dark Channel),0.5083333253860474,clean
PatchCore,VisA,capsules,42,degradation,fog_haze,moderate,none,0.5418334007263184,clean
PatchCore,VisA,capsules,42,rescue,fog_haze,moderate,Dehaze (Dark Channel),0.5,clean
PatchCore,VisA,capsules,42,degradation,fog_haze,severe,none,0.5,clean
PatchCore,VisA,capsules,42,rescue,fog_haze,severe,Dehaze (Dark Channel),0.5,clean
PatchCore,VisA,capsules,123,baseline,clean,none,none,0.7505000233650208,clean
PatchCore,VisA,capsules,123,degradation,low_light,mild,none,0.762833297252655,clean
PatchCore,VisA,capsules,123,rescue,low_light,mild,CLAHE,0.6623333096504211,clean
PatchCore,VisA,capsules,123,rescue,low_light,mild,Retinex,0.6545000076293945,clean
PatchCore,VisA,capsules,123,degradation,low_light,moderate,none,0.7350000143051147,clean
PatchCore,VisA,capsules,123,rescue,low_light,moderate,CLAHE,0.6140833497047424,clean
PatchCore,VisA,capsules,123,rescue,low_light,moderate,Retinex,0.7451666593551636,clean
PatchCore,VisA,capsules,123,degradation,low_light,severe,none,0.5,clean
PatchCore,VisA,capsules,123,rescue,low_light,severe,CLAHE,0.5,clean
PatchCore,VisA,capsules,123,rescue,low_light,severe,Retinex,0.6729999780654907,clean
PatchCore,VisA,capsules,123,degradation,gaussian_blur,mild,none,0.6985833644866943,clean
PatchCore,VisA,capsules,123,rescue,gaussian_blur,mild,Wiener,0.6833333969116211,clean
PatchCore,VisA,capsules,123,degradation,gaussian_blur,moderate,none,0.5,clean
PatchCore,VisA,capsules,123,rescue,gaussian_blur,moderate,Wiener,0.5,clean
PatchCore,VisA,capsules,123,degradation,gaussian_blur,severe,none,0.5,clean
PatchCore,VisA,capsules,123,rescue,gaussian_blur,severe,Wiener,0.5,clean
PatchCore,VisA,capsules,123,degradation,motion_blur,mild,none,0.6875,clean
PatchCore,VisA,capsules,123,rescue,motion_blur,mild,Wiener (Motion PSF),0.5,clean
PatchCore,VisA,capsules,123,degradation,motion_blur,moderate,none,0.5,clean
PatchCore,VisA,capsules,123,rescue,motion_blur,moderate,Wiener (Motion PSF),0.5,clean
PatchCore,VisA,capsules,123,degradation,motion_blur,severe,none,0.5,clean
PatchCore,VisA,capsules,123,rescue,motion_blur,severe,Wiener (Motion PSF),0.5,clean
PatchCore,VisA,capsules,123,degradation,sensor_noise,mild,none,0.6484166383743286,clean
PatchCore,VisA,capsules,123,rescue,sensor_noise,mild,NLM Denoise,0.5361666679382324,clean
PatchCore,VisA,capsules,123,degradation,sensor_noise,moderate,none,0.5165000557899475,clean
PatchCore,VisA,capsules,123,rescue,sensor_noise,moderate,NLM Denoise,0.5,clean
PatchCore,VisA,capsules,123,degradation,sensor_noise,severe,none,0.5,clean
PatchCore,VisA,capsules,123,rescue,sensor_noise,severe,NLM Denoise,0.5,clean
PatchCore,VisA,capsules,123,degradation,fog_haze,mild,none,0.6784999966621399,clean
PatchCore,VisA,capsules,123,rescue,fog_haze,mild,Dehaze (Dark Channel),0.5424166917800903,clean
PatchCore,VisA,capsules,123,degradation,fog_haze,moderate,none,0.625083327293396,clean
PatchCore,VisA,capsules,123,rescue,fog_haze,moderate,Dehaze (Dark Channel),0.5083333253860474,clean
PatchCore,VisA,capsules,123,degradation,fog_haze,severe,none,0.5083333253860474,clean
PatchCore,VisA,capsules,123,rescue,fog_haze,severe,Dehaze (Dark Channel),0.5,clean
PatchCore,VisA,capsules,456,baseline,clean,none,none,0.7214999794960022,clean
PatchCore,VisA,capsules,456,degradation,low_light,mild,none,0.7484999895095825,clean
PatchCore,VisA,capsules,456,rescue,low_light,mild,CLAHE,0.6523333191871643,clean
PatchCore,VisA,capsules,456,rescue,low_light,mild,Retinex,0.6661666631698608,clean
PatchCore,VisA,capsules,456,degradation,low_light,moderate,none,0.7235000133514404,clean
PatchCore,VisA,capsules,456,rescue,low_light,moderate,CLAHE,0.5721666812896729,clean
PatchCore,VisA,capsules,456,rescue,low_light,moderate,Retinex,0.7421666383743286,clean
PatchCore,VisA,capsules,456,degradation,low_light,severe,none,0.5,clean
PatchCore,VisA,capsules,456,rescue,low_light,severe,CLAHE,0.5,clean
PatchCore,VisA,capsules,456,rescue,low_light,severe,Retinex,0.593666672706604,clean
PatchCore,VisA,capsules,456,degradation,gaussian_blur,mild,none,0.7026666402816772,clean
PatchCore,VisA,capsules,456,rescue,gaussian_blur,mild,Wiener,0.609666645526886,clean
PatchCore,VisA,capsules,456,degradation,gaussian_blur,moderate,none,0.5,clean
PatchCore,VisA,capsules,456,rescue,gaussian_blur,moderate,Wiener,0.5,clean
PatchCore,VisA,capsules,456,degradation,gaussian_blur,severe,none,0.5,clean
PatchCore,VisA,capsules,456,rescue,gaussian_blur,severe,Wiener,0.5,clean
PatchCore,VisA,capsules,456,degradation,motion_blur,mild,none,0.6819999814033508,clean
PatchCore,VisA,capsules,456,rescue,motion_blur,mild,Wiener (Motion PSF),0.5,clean
PatchCore,VisA,capsules,456,degradation,motion_blur,moderate,none,0.5,clean
PatchCore,VisA,capsules,456,rescue,motion_blur,moderate,Wiener (Motion PSF),0.5,clean
PatchCore,VisA,capsules,456,degradation,motion_blur,severe,none,0.5,clean
PatchCore,VisA,capsules,456,rescue,motion_blur,severe,Wiener (Motion PSF),0.5,clean
PatchCore,VisA,capsules,456,degradation,sensor_noise,mild,none,0.6428333520889282,clean
PatchCore,VisA,capsules,456,rescue,sensor_noise,mild,NLM Denoise,0.503083348274231,clean
PatchCore,VisA,capsules,456,degradation,sensor_noise,moderate,none,0.4984999895095825,clean
PatchCore,VisA,capsules,456,rescue,sensor_noise,moderate,NLM Denoise,0.5,clean
PatchCore,VisA,capsules,456,degradation,sensor_noise,severe,none,0.5,clean
PatchCore,VisA,capsules,456,rescue,sensor_noise,severe,NLM Denoise,0.5,clean
PatchCore,VisA,capsules,456,degradation,fog_haze,mild,none,0.5903333425521851,clean
PatchCore,VisA,capsules,456,rescue,fog_haze,mild,Dehaze (Dark Channel),0.5200833678245544,clean
PatchCore,VisA,capsules,456,degradation,fog_haze,moderate,none,0.6271666884422302,clean
PatchCore,VisA,capsules,456,rescue,fog_haze,moderate,Dehaze (Dark Channel),0.5,clean
PatchCore,VisA,capsules,456,degradation,fog_haze,severe,none,0.5,clean
PatchCore,VisA,capsules,456,rescue,fog_haze,severe,Dehaze (Dark Channel),0.5,clean
PatchCore,VisA,cashew,123,baseline,clean,none,none,0.960200011730194,clean
PatchCore,VisA,cashew,123,degradation,low_light,mild,none,0.8989999890327454,clean
PatchCore,VisA,cashew,123,rescue,low_light,mild,CLAHE,0.8122000098228455,clean
PatchCore,VisA,cashew,123,rescue,low_light,mild,Retinex,0.5009000301361084,clean
PatchCore,VisA,cashew,123,degradation,low_light,moderate,none,0.7747999429702759,clean
PatchCore,VisA,cashew,123,rescue,low_light,moderate,CLAHE,0.7520000338554382,clean
PatchCore,VisA,cashew,123,rescue,low_light,moderate,Retinex,0.4900000095367431,clean
PatchCore,VisA,cashew,123,degradation,low_light,severe,none,0.451799988746643,clean
PatchCore,VisA,cashew,123,rescue,low_light,severe,CLAHE,0.4863000512123108,clean
PatchCore,VisA,cashew,123,rescue,low_light,severe,Retinex,0.5,clean
PatchCore,VisA,cashew,123,degradation,gaussian_blur,mild,none,0.913599967956543,clean
PatchCore,VisA,cashew,123,rescue,gaussian_blur,mild,Wiener,0.923799991607666,clean
PatchCore,VisA,cashew,123,degradation,gaussian_blur,moderate,none,0.5,clean
PatchCore,VisA,cashew,123,rescue,gaussian_blur,moderate,Wiener,0.5,clean
PatchCore,VisA,cashew,123,degradation,gaussian_blur,severe,none,0.5,clean
PatchCore,VisA,cashew,123,rescue,gaussian_blur,severe,Wiener,0.5,clean
PatchCore,VisA,cashew,123,degradation,motion_blur,mild,none,0.913599967956543,clean
PatchCore,VisA,cashew,123,rescue,motion_blur,mild,Wiener (Motion PSF),0.6988000273704529,clean
PatchCore,VisA,cashew,123,degradation,motion_blur,moderate,none,0.5,clean
PatchCore,VisA,cashew,123,rescue,motion_blur,moderate,Wiener (Motion PSF),0.5,clean
PatchCore,VisA,cashew,123,degradation,motion_blur,severe,none,0.5,clean
PatchCore,VisA,cashew,123,rescue,motion_blur,severe,Wiener (Motion PSF),0.5,clean
PatchCore,VisA,cashew,123,degradation,sensor_noise,mild,none,0.7529999613761902,clean
PatchCore,VisA,cashew,123,rescue,sensor_noise,mild,NLM Denoise,0.670799970626831,clean
PatchCore,VisA,cashew,123,degradation,sensor_noise,moderate,none,0.6047999858856201,clean
PatchCore,VisA,cashew,123,rescue,sensor_noise,moderate,NLM Denoise,0.611299991607666,clean
PatchCore,VisA,cashew,123,degradation,sensor_noise,severe,none,0.4826000034809112,clean
PatchCore,VisA,cashew,123,rescue,sensor_noise,severe,NLM Denoise,0.4094000160694122,clean
PatchCore,VisA,cashew,123,degradation,fog_haze,mild,none,0.4705999791622162,clean
PatchCore,VisA,cashew,123,rescue,fog_haze,mild,Dehaze (Dark Channel),0.5806000232696533,clean
PatchCore,VisA,cashew,123,degradation,fog_haze,moderate,none,0.5,clean
PatchCore,VisA,cashew,123,rescue,fog_haze,moderate,Dehaze (Dark Channel),0.5,clean
PatchCore,VisA,cashew,123,degradation,fog_haze,severe,none,0.5,clean
PatchCore,VisA,cashew,123,rescue,fog_haze,severe,Dehaze (Dark Channel),0.5,clean
PatchCore,VisA,cashew,456,baseline,clean,none,none,0.9613999724388124,clean
PatchCore,VisA,cashew,456,degradation,low_light,mild,none,0.9031999707221984,clean
PatchCore,VisA,cashew,456,rescue,low_light,mild,CLAHE,0.8159999847412109,clean
PatchCore,VisA,cashew,456,rescue,low_light,mild,Retinex,0.4968999922275543,clean
PatchCore,VisA,cashew,456,degradation,low_light,moderate,none,0.7860000133514404,clean
PatchCore,VisA,cashew,456,rescue,low_light,moderate,CLAHE,0.7508000135421753,clean
PatchCore,VisA,cashew,456,rescue,low_light,moderate,Retinex,0.4900000095367431,clean
PatchCore,VisA,cashew,456,degradation,low_light,severe,none,0.4899999797344208,clean
PatchCore,VisA,cashew,456,rescue,low_light,severe,CLAHE,0.4770000278949737,clean
PatchCore,VisA,cashew,456,rescue,low_light,severe,Retinex,0.5,clean
PatchCore,VisA,cashew,456,degradation,gaussian_blur,mild,none,0.9120000004768372,clean
PatchCore,VisA,cashew,456,rescue,gaussian_blur,mild,Wiener,0.9167999625205994,clean
PatchCore,VisA,cashew,456,degradation,gaussian_blur,moderate,none,0.5,clean
PatchCore,VisA,cashew,456,rescue,gaussian_blur,moderate,Wiener,0.5,clean
PatchCore,VisA,cashew,456,degradation,gaussian_blur,severe,none,0.5,clean
PatchCore,VisA,cashew,456,rescue,gaussian_blur,severe,Wiener,0.5,clean
PatchCore,VisA,cashew,456,degradation,motion_blur,mild,none,0.9199999570846558,clean
PatchCore,VisA,cashew,456,rescue,motion_blur,mild,Wiener (Motion PSF),0.6993999481201172,clean
PatchCore,VisA,cashew,456,degradation,motion_blur,moderate,none,0.5,clean
PatchCore,VisA,cashew,456,rescue,motion_blur,moderate,Wiener (Motion PSF),0.5,clean
PatchCore,VisA,cashew,456,degradation,motion_blur,severe,none,0.5,clean
PatchCore,VisA,cashew,456,rescue,motion_blur,severe,Wiener (Motion PSF),0.5,clean
PatchCore,VisA,cashew,456,degradation,sensor_noise,mild,none,0.7572000026702881,clean
PatchCore,VisA,cashew,456,rescue,sensor_noise,mild,NLM Denoise,0.6741999983787537,clean
PatchCore,VisA,cashew,456,degradation,sensor_noise,moderate,none,0.600600004196167,clean
PatchCore,VisA,cashew,456,rescue,sensor_noise,moderate,NLM Denoise,0.6173999905586243,clean
PatchCore,VisA,cashew,456,degradation,sensor_noise,severe,none,0.4796000123023987,clean
PatchCore,VisA,cashew,456,rescue,sensor_noise,severe,NLM Denoise,0.4494000077247619,clean
PatchCore,VisA,cashew,456,degradation,fog_haze,mild,none,0.6462000012397766,clean
PatchCore,VisA,cashew,456,rescue,fog_haze,mild,Dehaze (Dark Channel),0.5145000219345093,clean
PatchCore,VisA,cashew,456,degradation,fog_haze,moderate,none,0.5,clean
PatchCore,VisA,cashew,456,rescue,fog_haze,moderate,Dehaze (Dark Channel),0.5,clean
PatchCore,VisA,cashew,456,degradation,fog_haze,severe,none,0.5,clean
PatchCore,VisA,cashew,456,rescue,fog_haze,severe,Dehaze (Dark Channel),0.5,clean
PatchCore,VisA,chewinggum,42,baseline,clean,none,none,0.995199978351593,clean
PatchCore,VisA,chewinggum,42,degradation,low_light,mild,none,0.9896000027656556,clean
PatchCore,VisA,chewinggum,42,rescue,low_light,mild,CLAHE,0.9790000915527344,clean
PatchCore,VisA,chewinggum,42,rescue,low_light,mild,Retinex,0.9082000255584716,clean
PatchCore,VisA,chewinggum,42,degradation,low_light,moderate,none,0.9780000448226928,clean
PatchCore,VisA,chewinggum,42,rescue,low_light,moderate,CLAHE,0.9796000719070436,clean
PatchCore,VisA,chewinggum,42,rescue,low_light,moderate,Retinex,0.7218000292778015,clean
PatchCore,VisA,chewinggum,42,degradation,low_light,severe,none,0.5597999691963196,clean
PatchCore,VisA,chewinggum,42,rescue,low_light,severe,CLAHE,0.8240000009536743,clean
PatchCore,VisA,chewinggum,42,rescue,low_light,severe,Retinex,0.5,clean
PatchCore,VisA,chewinggum,42,degradation,gaussian_blur,mild,none,0.9708000421524048,clean
PatchCore,VisA,chewinggum,42,rescue,gaussian_blur,mild,Wiener,0.9824000597000122,clean
PatchCore,VisA,chewinggum,42,degradation,gaussian_blur,moderate,none,0.7862000465393066,clean
PatchCore,VisA,chewinggum,42,rescue,gaussian_blur,moderate,Wiener,0.5099999904632568,clean
PatchCore,VisA,chewinggum,42,degradation,gaussian_blur,severe,none,0.5,clean
PatchCore,VisA,chewinggum,42,rescue,gaussian_blur,severe,Wiener,0.5,clean
PatchCore,VisA,chewinggum,42,degradation,motion_blur,mild,none,0.931999921798706,clean
PatchCore,VisA,chewinggum,42,rescue,motion_blur,mild,Wiener (Motion PSF),0.5927000045776367,clean
PatchCore,VisA,chewinggum,42,degradation,motion_blur,moderate,none,0.5048999786376953,clean
PatchCore,VisA,chewinggum,42,rescue,motion_blur,moderate,Wiener (Motion PSF),0.5,clean
PatchCore,VisA,chewinggum,42,degradation,motion_blur,severe,none,0.5,clean
PatchCore,VisA,chewinggum,42,rescue,motion_blur,severe,Wiener (Motion PSF),0.5,clean
PatchCore,VisA,chewinggum,42,degradation,sensor_noise,mild,none,0.8411999940872192,clean
PatchCore,VisA,chewinggum,42,rescue,sensor_noise,mild,NLM Denoise,0.8691999912261963,clean
PatchCore,VisA,chewinggum,42,degradation,sensor_noise,moderate,none,0.7785999774932861,clean
PatchCore,VisA,chewinggum,42,rescue,sensor_noise,moderate,NLM Denoise,0.8237999677658081,clean
PatchCore,VisA,chewinggum,42,degradation,sensor_noise,severe,none,0.6440999507904053,clean
PatchCore,VisA,chewinggum,42,rescue,sensor_noise,severe,NLM Denoise,0.7093999981880188,clean
PatchCore,VisA,chewinggum,42,degradation,fog_haze,mild,none,0.8381999731063843,clean
PatchCore,VisA,chewinggum,42,rescue,fog_haze,mild,Dehaze (Dark Channel),0.9098000526428224,clean
PatchCore,VisA,chewinggum,42,degradation,fog_haze,moderate,none,0.5263999700546265,clean
PatchCore,VisA,chewinggum,42,rescue,fog_haze,moderate,Dehaze (Dark Channel),0.6719000339508057,clean
PatchCore,VisA,chewinggum,42,degradation,fog_haze,severe,none,0.5,clean
PatchCore,VisA,chewinggum,42,rescue,fog_haze,severe,Dehaze (Dark Channel),0.4946999847888946,clean
PatchCore,VisA,chewinggum,123,baseline,clean,none,none,0.9920000433921814,clean
PatchCore,VisA,chewinggum,123,degradation,low_light,mild,none,0.9901999831199646,clean
PatchCore,VisA,chewinggum,123,rescue,low_light,mild,CLAHE,0.977999985218048,clean
PatchCore,VisA,chewinggum,123,rescue,low_light,mild,Retinex,0.9025999903678894,clean
PatchCore,VisA,chewinggum,123,degradation,low_light,moderate,none,0.9788000583648682,clean
PatchCore,VisA,chewinggum,123,rescue,low_light,moderate,CLAHE,0.979200005531311,clean
PatchCore,VisA,chewinggum,123,rescue,low_light,moderate,Retinex,0.7314000129699707,clean
PatchCore,VisA,chewinggum,123,degradation,low_light,severe,none,0.5564000010490417,clean
PatchCore,VisA,chewinggum,123,rescue,low_light,severe,CLAHE,0.8539999723434448,clean
PatchCore,VisA,chewinggum,123,rescue,low_light,severe,Retinex,0.5,clean
PatchCore,VisA,chewinggum,123,degradation,gaussian_blur,mild,none,0.9753999710083008,clean
PatchCore,VisA,chewinggum,123,rescue,gaussian_blur,mild,Wiener,0.98580002784729,clean
PatchCore,VisA,chewinggum,123,degradation,gaussian_blur,moderate,none,0.7871999740600586,clean
PatchCore,VisA,chewinggum,123,rescue,gaussian_blur,moderate,Wiener,0.5099999904632568,clean
PatchCore,VisA,chewinggum,123,degradation,gaussian_blur,severe,none,0.5,clean
PatchCore,VisA,chewinggum,123,rescue,gaussian_blur,severe,Wiener,0.5,clean
PatchCore,VisA,chewinggum,123,degradation,motion_blur,mild,none,0.9401999711990356,clean
PatchCore,VisA,chewinggum,123,rescue,motion_blur,mild,Wiener (Motion PSF),0.5837000608444214,clean
PatchCore,VisA,chewinggum,123,degradation,motion_blur,moderate,none,0.4946999847888946,clean
PatchCore,VisA,chewinggum,123,rescue,motion_blur,moderate,Wiener (Motion PSF),0.4950000047683716,clean
PatchCore,VisA,chewinggum,123,degradation,motion_blur,severe,none,0.5,clean
PatchCore,VisA,chewinggum,123,rescue,motion_blur,severe,Wiener (Motion PSF),0.5,clean
PatchCore,VisA,chewinggum,123,degradation,sensor_noise,mild,none,0.8359999656677246,clean
PatchCore,VisA,chewinggum,123,rescue,sensor_noise,mild,NLM Denoise,0.8703999519348145,clean
PatchCore,VisA,chewinggum,123,degradation,sensor_noise,moderate,none,0.7572000026702881,clean
PatchCore,VisA,chewinggum,123,rescue,sensor_noise,moderate,NLM Denoise,0.8021999597549438,clean
PatchCore,VisA,chewinggum,123,degradation,sensor_noise,severe,none,0.6570000052452087,clean
PatchCore,VisA,chewinggum,123,rescue,sensor_noise,severe,NLM Denoise,0.7009999752044678,clean
PatchCore,VisA,chewinggum,123,degradation,fog_haze,mild,none,0.8121000528335571,clean
PatchCore,VisA,chewinggum,123,rescue,fog_haze,mild,Dehaze (Dark Channel),0.9332000017166138,clean
PatchCore,VisA,chewinggum,123,degradation,fog_haze,moderate,none,0.5314000248908997,clean
PatchCore,VisA,chewinggum,123,rescue,fog_haze,moderate,Dehaze (Dark Channel),0.6728000640869141,clean
PatchCore,VisA,chewinggum,123,degradation,fog_haze,severe,none,0.5,clean
PatchCore,VisA,chewinggum,123,rescue,fog_haze,severe,Dehaze (Dark Channel),0.4950000047683716,clean
PatchCore,VisA,chewinggum,456,baseline,clean,none,none,0.9947999715805054,clean
PatchCore,VisA,chewinggum,456,degradation,low_light,mild,none,0.9869999885559082,clean
PatchCore,VisA,chewinggum,456,rescue,low_light,mild,CLAHE,0.9787999987602234,clean
PatchCore,VisA,chewinggum,456,rescue,low_light,mild,Retinex,0.9021999835968018,clean
PatchCore,VisA,chewinggum,456,degradation,low_light,moderate,none,0.9736000299453736,clean
PatchCore,VisA,chewinggum,456,rescue,low_light,moderate,CLAHE,0.9775999784469604,clean
PatchCore,VisA,chewinggum,456,rescue,low_light,moderate,Retinex,0.6309000253677368,clean
PatchCore,VisA,chewinggum,456,degradation,low_light,severe,none,0.5253999829292297,clean
PatchCore,VisA,chewinggum,456,rescue,low_light,severe,CLAHE,0.7910000085830688,clean
PatchCore,VisA,chewinggum,456,rescue,low_light,severe,Retinex,0.5,clean
PatchCore,VisA,chewinggum,456,degradation,gaussian_blur,mild,none,0.973800003528595,clean
PatchCore,VisA,chewinggum,456,rescue,gaussian_blur,mild,Wiener,0.989799976348877,clean
PatchCore,VisA,chewinggum,456,degradation,gaussian_blur,moderate,none,0.761199951171875,clean
PatchCore,VisA,chewinggum,456,rescue,gaussian_blur,moderate,Wiener,0.5,clean
PatchCore,VisA,chewinggum,456,degradation,gaussian_blur,severe,none,0.5,clean
PatchCore,VisA,chewinggum,456,rescue,gaussian_blur,severe,Wiener,0.5,clean
PatchCore,VisA,chewinggum,456,degradation,motion_blur,mild,none,0.9369999766349792,clean
PatchCore,VisA,chewinggum,456,rescue,motion_blur,mild,Wiener (Motion PSF),0.5392000079154968,clean
PatchCore,VisA,chewinggum,456,degradation,motion_blur,moderate,none,0.4950000047683716,clean
PatchCore,VisA,chewinggum,456,rescue,motion_blur,moderate,Wiener (Motion PSF),0.5,clean
PatchCore,VisA,chewinggum,456,degradation,motion_blur,severe,none,0.5,clean
PatchCore,VisA,chewinggum,456,rescue,motion_blur,severe,Wiener (Motion PSF),0.5,clean
PatchCore,VisA,chewinggum,456,degradation,sensor_noise,mild,none,0.8345999717712402,clean
PatchCore,VisA,chewinggum,456,rescue,sensor_noise,mild,NLM Denoise,0.8628000020980835,clean
PatchCore,VisA,chewinggum,456,degradation,sensor_noise,moderate,none,0.7745999693870544,clean
PatchCore,VisA,chewinggum,456,rescue,sensor_noise,moderate,NLM Denoise,0.8043999671936035,clean
PatchCore,VisA,chewinggum,456,degradation,sensor_noise,severe,none,0.6491999626159668,clean
PatchCore,VisA,chewinggum,456,rescue,sensor_noise,severe,NLM Denoise,0.6562000513076782,clean
PatchCore,VisA,chewinggum,456,degradation,fog_haze,mild,none,0.8051999807357788,clean
PatchCore,VisA,chewinggum,456,rescue,fog_haze,mild,Dehaze (Dark Channel),0.9108999967575072,clean
PatchCore,VisA,chewinggum,456,degradation,fog_haze,moderate,none,0.5239999890327454,clean
PatchCore,VisA,chewinggum,456,rescue,fog_haze,moderate,Dehaze (Dark Channel),0.6690000295639038,clean
PatchCore,VisA,chewinggum,456,degradation,fog_haze,severe,none,0.5,clean
PatchCore,VisA,chewinggum,456,rescue,fog_haze,severe,Dehaze (Dark Channel),0.555400013923645,clean
PatchCore,VisA,fryum,42,baseline,clean,none,none,0.9508000016212464,clean
PatchCore,VisA,fryum,42,degradation,low_light,mild,none,0.973200023174286,clean
PatchCore,VisA,fryum,42,rescue,low_light,mild,CLAHE,0.9600000381469728,clean
PatchCore,VisA,fryum,42,rescue,low_light,mild,Retinex,0.8511999845504761,clean
PatchCore,VisA,fryum,42,degradation,low_light,moderate,none,0.9551999568939208,clean
PatchCore,VisA,fryum,42,rescue,low_light,moderate,CLAHE,0.9208000302314758,clean
PatchCore,VisA,fryum,42,rescue,low_light,moderate,Retinex,0.7962000370025635,clean
PatchCore,VisA,fryum,42,degradation,low_light,severe,none,0.5199999809265137,clean
PatchCore,VisA,fryum,42,rescue,low_light,severe,CLAHE,0.730400025844574,clean
PatchCore,VisA,fryum,42,rescue,low_light,severe,Retinex,0.5,clean
PatchCore,VisA,fryum,42,degradation,gaussian_blur,mild,none,0.8483999967575073,clean
PatchCore,VisA,fryum,42,rescue,gaussian_blur,mild,Wiener,0.8650000095367432,clean
PatchCore,VisA,fryum,42,degradation,gaussian_blur,moderate,none,0.5,clean
PatchCore,VisA,fryum,42,rescue,gaussian_blur,moderate,Wiener,0.5,clean
PatchCore,VisA,fryum,42,degradation,gaussian_blur,severe,none,0.5,clean
PatchCore,VisA,fryum,42,rescue,gaussian_blur,severe,Wiener,0.5,clean
PatchCore,VisA,fryum,42,degradation,motion_blur,mild,none,0.5351999998092651,clean
PatchCore,VisA,fryum,42,rescue,motion_blur,mild,Wiener (Motion PSF),0.9890000820159912,clean
PatchCore,VisA,fryum,42,degradation,motion_blur,moderate,none,0.5,clean
PatchCore,VisA,fryum,42,rescue,motion_blur,moderate,Wiener (Motion PSF),0.7332000136375427,clean
PatchCore,VisA,fryum,42,degradation,motion_blur,severe,none,0.5,clean
PatchCore,VisA,fryum,42,rescue,motion_blur,severe,Wiener (Motion PSF),0.5,clean
PatchCore,VisA,fryum,42,degradation,sensor_noise,mild,none,0.8797999620437622,clean
PatchCore,VisA,fryum,42,rescue,sensor_noise,mild,NLM Denoise,0.5399999618530273,clean
PatchCore,VisA,fryum,42,degradation,sensor_noise,moderate,none,0.4950000047683716,clean
PatchCore,VisA,fryum,42,rescue,sensor_noise,moderate,NLM Denoise,0.5,clean
PatchCore,VisA,fryum,42,degradation,sensor_noise,severe,none,0.5,clean
PatchCore,VisA,fryum,42,rescue,sensor_noise,severe,NLM Denoise,0.5,clean
PatchCore,VisA,fryum,42,degradation,fog_haze,mild,none,0.7740000486373901,clean
PatchCore,VisA,fryum,42,rescue,fog_haze,mild,Dehaze (Dark Channel),0.5051000118255615,clean
PatchCore,VisA,fryum,42,degradation,fog_haze,moderate,none,0.5,clean
PatchCore,VisA,fryum,42,rescue,fog_haze,moderate,Dehaze (Dark Channel),0.5199999809265137,clean
PatchCore,VisA,fryum,42,degradation,fog_haze,severe,none,0.5,clean
PatchCore,VisA,fryum,42,rescue,fog_haze,severe,Dehaze (Dark Channel),0.5,clean
PatchCore,VisA,fryum,123,baseline,clean,none,none,0.9492000937461852,clean
PatchCore,VisA,fryum,123,degradation,low_light,mild,none,0.973200023174286,clean
PatchCore,VisA,fryum,123,rescue,low_light,mild,CLAHE,0.9684000015258788,clean
PatchCore,VisA,fryum,123,rescue,low_light,mild,Retinex,0.8589999675750732,clean
PatchCore,VisA,fryum,123,degradation,low_light,moderate,none,0.9674000144004822,clean
PatchCore,VisA,fryum,123,rescue,low_light,moderate,CLAHE,0.930400013923645,clean
PatchCore,VisA,fryum,123,rescue,low_light,moderate,Retinex,0.7871999740600586,clean
PatchCore,VisA,fryum,123,degradation,low_light,severe,none,0.5,clean
PatchCore,VisA,fryum,123,rescue,low_light,severe,CLAHE,0.5600000023841858,clean
PatchCore,VisA,fryum,123,rescue,low_light,severe,Retinex,0.5,clean
PatchCore,VisA,fryum,123,degradation,gaussian_blur,mild,none,0.8524000644683838,clean
PatchCore,VisA,fryum,123,rescue,gaussian_blur,mild,Wiener,0.8858000040054321,clean
PatchCore,VisA,fryum,123,degradation,gaussian_blur,moderate,none,0.5,clean
PatchCore,VisA,fryum,123,rescue,gaussian_blur,moderate,Wiener,0.5,clean
PatchCore,VisA,fryum,123,degradation,gaussian_blur,severe,none,0.5,clean
PatchCore,VisA,fryum,123,rescue,gaussian_blur,severe,Wiener,0.5,clean
PatchCore,VisA,fryum,123,degradation,motion_blur,mild,none,0.5002000331878662,clean
PatchCore,VisA,fryum,123,rescue,motion_blur,mild,Wiener (Motion PSF),0.9890000224113464,clean
PatchCore,VisA,fryum,123,degradation,motion_blur,moderate,none,0.5,clean
PatchCore,VisA,fryum,123,rescue,motion_blur,moderate,Wiener (Motion PSF),0.5800000429153442,clean
PatchCore,VisA,fryum,123,degradation,motion_blur,severe,none,0.5,clean
PatchCore,VisA,fryum,123,rescue,motion_blur,severe,Wiener (Motion PSF),0.5,clean
PatchCore,VisA,fryum,123,degradation,sensor_noise,mild,none,0.8677999973297119,clean
PatchCore,VisA,fryum,123,rescue,sensor_noise,mild,NLM Denoise,0.5,clean
PatchCore,VisA,fryum,123,degradation,sensor_noise,moderate,none,0.5,clean
PatchCore,VisA,fryum,123,rescue,sensor_noise,moderate,NLM Denoise,0.5,clean
PatchCore,VisA,fryum,123,degradation,sensor_noise,severe,none,0.5,clean
PatchCore,VisA,fryum,123,rescue,sensor_noise,severe,NLM Denoise,0.5,clean
PatchCore,VisA,fryum,123,degradation,fog_haze,mild,none,0.808899998664856,clean
PatchCore,VisA,fryum,123,rescue,fog_haze,mild,Dehaze (Dark Channel),0.5,clean
PatchCore,VisA,fryum,123,degradation,fog_haze,moderate,none,0.5,clean
PatchCore,VisA,fryum,123,rescue,fog_haze,moderate,Dehaze (Dark Channel),0.5,clean
PatchCore,VisA,fryum,123,degradation,fog_haze,severe,none,0.5,clean
PatchCore,VisA,fryum,123,rescue,fog_haze,severe,Dehaze (Dark Channel),0.5,clean
PatchCore,VisA,fryum,456,baseline,clean,none,none,0.9541999697685242,clean
PatchCore,VisA,fryum,456,degradation,low_light,mild,none,0.9744000434875488,clean
PatchCore,VisA,fryum,456,rescue,low_light,mild,CLAHE,0.957800030708313,clean
PatchCore,VisA,fryum,456,rescue,low_light,mild,Retinex,0.8381999731063843,clean
PatchCore,VisA,fryum,456,degradation,low_light,moderate,none,0.9501999616622924,clean
PatchCore,VisA,fryum,456,rescue,low_light,moderate,CLAHE,0.9136000275611876,clean
PatchCore,VisA,fryum,456,rescue,low_light,moderate,Retinex,0.7785999774932861,clean
PatchCore,VisA,fryum,456,degradation,low_light,severe,none,0.5,clean
PatchCore,VisA,fryum,456,rescue,low_light,severe,CLAHE,0.7232000231742859,clean
PatchCore,VisA,fryum,456,rescue,low_light,severe,Retinex,0.5,clean
PatchCore,VisA,fryum,456,degradation,gaussian_blur,mild,none,0.8537999987602234,clean
PatchCore,VisA,fryum,456,rescue,gaussian_blur,mild,Wiener,0.8838000297546387,clean
PatchCore,VisA,fryum,456,degradation,gaussian_blur,moderate,none,0.5,clean
PatchCore,VisA,fryum,456,rescue,gaussian_blur,moderate,Wiener,0.5,clean
PatchCore,VisA,fryum,456,degradation,gaussian_blur,severe,none,0.5,clean
PatchCore,VisA,fryum,456,rescue,gaussian_blur,severe,Wiener,0.5,clean
PatchCore,VisA,fryum,456,degradation,motion_blur,mild,none,0.5293999910354614,clean
PatchCore,VisA,fryum,456,rescue,motion_blur,mild,Wiener (Motion PSF),0.9875999689102172,clean
PatchCore,VisA,fryum,456,degradation,motion_blur,moderate,none,0.5,clean
PatchCore,VisA,fryum,456,rescue,motion_blur,moderate,Wiener (Motion PSF),0.6791000366210938,clean
PatchCore,VisA,fryum,456,degradation,motion_blur,severe,none,0.5,clean
PatchCore,VisA,fryum,456,rescue,motion_blur,severe,Wiener (Motion PSF),0.5,clean
PatchCore,VisA,fryum,456,degradation,sensor_noise,mild,none,0.8738000392913818,clean
PatchCore,VisA,fryum,456,rescue,sensor_noise,mild,NLM Denoise,0.5099999904632568,clean
PatchCore,VisA,fryum,456,degradation,sensor_noise,moderate,none,0.4950000047683716,clean
PatchCore,VisA,fryum,456,rescue,sensor_noise,moderate,NLM Denoise,0.5,clean
PatchCore,VisA,fryum,456,degradation,sensor_noise,severe,none,0.5,clean
PatchCore,VisA,fryum,456,rescue,sensor_noise,severe,NLM Denoise,0.5,clean
PatchCore,VisA,fryum,456,degradation,fog_haze,mild,none,0.7904000282287598,clean
PatchCore,VisA,fryum,456,rescue,fog_haze,mild,Dehaze (Dark Channel),0.4950000047683716,clean
PatchCore,VisA,fryum,456,degradation,fog_haze,moderate,none,0.5,clean
PatchCore,VisA,fryum,456,rescue,fog_haze,moderate,Dehaze (Dark Channel),0.5099999904632568,clean
PatchCore,VisA,fryum,456,degradation,fog_haze,severe,none,0.5,clean
PatchCore,VisA,fryum,456,rescue,fog_haze,severe,Dehaze (Dark Channel),0.5,clean
PatchCore,VisA,macaroni1,123,baseline,clean,none,none,0.803100049495697,clean
PatchCore,VisA,macaroni1,123,degradation,low_light,mild,none,0.641700029373169,clean
PatchCore,VisA,macaroni1,123,rescue,low_light,mild,CLAHE,0.5,clean
PatchCore,VisA,macaroni1,123,rescue,low_light,mild,Retinex,0.5,clean
PatchCore,VisA,macaroni1,123,degradation,low_light,moderate,none,0.5049999952316284,clean
PatchCore,VisA,macaroni1,123,rescue,low_light,moderate,CLAHE,0.5,clean
PatchCore,VisA,macaroni1,123,rescue,low_light,moderate,Retinex,0.5,clean
PatchCore,VisA,macaroni1,123,degradation,low_light,severe,none,0.5,clean
PatchCore,VisA,macaroni1,123,rescue,low_light,severe,CLAHE,0.5,clean
PatchCore,VisA,macaroni1,123,rescue,low_light,severe,Retinex,0.5,clean
PatchCore,VisA,macaroni1,123,degradation,gaussian_blur,mild,none,0.8502000570297241,clean
PatchCore,VisA,macaroni1,123,rescue,gaussian_blur,mild,Wiener,0.8083500266075134,clean
PatchCore,VisA,macaroni1,123,degradation,gaussian_blur,moderate,none,0.5,clean
PatchCore,VisA,macaroni1,123,rescue,gaussian_blur,moderate,Wiener,0.5,clean
PatchCore,VisA,macaroni1,123,degradation,gaussian_blur,severe,none,0.5,clean
PatchCore,VisA,macaroni1,123,rescue,gaussian_blur,severe,Wiener,0.5,clean
PatchCore,VisA,macaroni1,123,degradation,motion_blur,mild,none,0.736050009727478,clean
PatchCore,VisA,macaroni1,123,rescue,motion_blur,mild,Wiener (Motion PSF),0.6320500373840332,clean
PatchCore,VisA,macaroni1,123,degradation,motion_blur,moderate,none,0.5,clean
PatchCore,VisA,macaroni1,123,rescue,motion_blur,moderate,Wiener (Motion PSF),0.5099999904632568,clean
PatchCore,VisA,macaroni1,123,degradation,motion_blur,severe,none,0.5,clean
PatchCore,VisA,macaroni1,123,rescue,motion_blur,severe,Wiener (Motion PSF),0.5,clean
PatchCore,VisA,macaroni1,123,degradation,sensor_noise,mild,none,0.5,clean
PatchCore,VisA,macaroni1,123,rescue,sensor_noise,mild,NLM Denoise,0.5,clean
PatchCore,VisA,macaroni1,123,degradation,sensor_noise,moderate,none,0.5,clean
PatchCore,VisA,macaroni1,123,rescue,sensor_noise,moderate,NLM Denoise,0.5,clean
PatchCore,VisA,macaroni1,123,degradation,sensor_noise,severe,none,0.5,clean
PatchCore,VisA,macaroni1,123,rescue,sensor_noise,severe,NLM Denoise,0.5,clean
PatchCore,VisA,macaroni1,123,degradation,fog_haze,mild,none,0.5,clean
PatchCore,VisA,macaroni1,123,rescue,fog_haze,mild,Dehaze (Dark Channel),0.4806500077247619,clean
PatchCore,VisA,macaroni1,123,degradation,fog_haze,moderate,none,0.5,clean
PatchCore,VisA,macaroni1,123,rescue,fog_haze,moderate,Dehaze (Dark Channel),0.5,clean
PatchCore,VisA,macaroni1,123,degradation,fog_haze,severe,none,0.5,clean
PatchCore,VisA,macaroni1,123,rescue,fog_haze,severe,Dehaze (Dark Channel),0.5,clean
PatchCore,VisA,macaroni1,456,baseline,clean,none,none,0.8045000433921814,clean
PatchCore,VisA,macaroni1,456,degradation,low_light,mild,none,0.6744999885559082,clean
PatchCore,VisA,macaroni1,456,rescue,low_light,mild,CLAHE,0.5,clean
PatchCore,VisA,macaroni1,456,rescue,low_light,mild,Retinex,0.5,clean
PatchCore,VisA,macaroni1,456,degradation,low_light,moderate,none,0.5049999952316284,clean
PatchCore,VisA,macaroni1,456,rescue,low_light,moderate,CLAHE,0.5,clean
PatchCore,VisA,macaroni1,456,rescue,low_light,moderate,Retinex,0.5,clean
PatchCore,VisA,macaroni1,456,degradation,low_light,severe,none,0.5,clean
PatchCore,VisA,macaroni1,456,rescue,low_light,severe,CLAHE,0.5,clean
PatchCore,VisA,macaroni1,456,rescue,low_light,severe,Retinex,0.5,clean
PatchCore,VisA,macaroni1,456,degradation,gaussian_blur,mild,none,0.8511999845504761,clean
PatchCore,VisA,macaroni1,456,rescue,gaussian_blur,mild,Wiener,0.8137500286102295,clean
PatchCore,VisA,macaroni1,456,degradation,gaussian_blur,moderate,none,0.5,clean
PatchCore,VisA,macaroni1,456,rescue,gaussian_blur,moderate,Wiener,0.5,clean
PatchCore,VisA,macaroni1,456,degradation,gaussian_blur,severe,none,0.5,clean
PatchCore,VisA,macaroni1,456,rescue,gaussian_blur,severe,Wiener,0.5,clean
PatchCore,VisA,macaroni1,456,degradation,motion_blur,mild,none,0.7302000522613525,clean
PatchCore,VisA,macaroni1,456,rescue,motion_blur,mild,Wiener (Motion PSF),0.6481999754905701,clean
PatchCore,VisA,macaroni1,456,degradation,motion_blur,moderate,none,0.5,clean
PatchCore,VisA,macaroni1,456,rescue,motion_blur,moderate,Wiener (Motion PSF),0.5099999904632568,clean
PatchCore,VisA,macaroni1,456,degradation,motion_blur,severe,none,0.5,clean
PatchCore,VisA,macaroni1,456,rescue,motion_blur,severe,Wiener (Motion PSF),0.5,clean
PatchCore,VisA,macaroni1,456,degradation,sensor_noise,mild,none,0.5,clean
PatchCore,VisA,macaroni1,456,rescue,sensor_noise,mild,NLM Denoise,0.5,clean
PatchCore,VisA,macaroni1,456,degradation,sensor_noise,moderate,none,0.5,clean
PatchCore,VisA,macaroni1,456,rescue,sensor_noise,moderate,NLM Denoise,0.5,clean
PatchCore,VisA,macaroni1,456,degradation,sensor_noise,severe,none,0.5,clean
PatchCore,VisA,macaroni1,456,rescue,sensor_noise,severe,NLM Denoise,0.5,clean
PatchCore,VisA,macaroni1,456,degradation,fog_haze,mild,none,0.5,clean
PatchCore,VisA,macaroni1,456,rescue,fog_haze,mild,Dehaze (Dark Channel),0.4625999927520752,clean
PatchCore,VisA,macaroni1,456,degradation,fog_haze,moderate,none,0.5,clean
PatchCore,VisA,macaroni1,456,rescue,fog_haze,moderate,Dehaze (Dark Channel),0.5,clean
PatchCore,VisA,macaroni1,456,degradation,fog_haze,severe,none,0.5,clean
PatchCore,VisA,macaroni1,456,rescue,fog_haze,severe,Dehaze (Dark Channel),0.5,clean
PatchCore,VisA,macaroni2,42,baseline,clean,none,none,0.6460000276565552,clean
PatchCore,VisA,macaroni2,42,degradation,low_light,mild,none,0.7647000551223755,clean
PatchCore,VisA,macaroni2,42,rescue,low_light,mild,CLAHE,0.5,clean
PatchCore,VisA,macaroni2,42,rescue,low_light,mild,Retinex,0.5,clean
PatchCore,VisA,macaroni2,42,degradation,low_light,moderate,none,0.5861999988555908,clean
PatchCore,VisA,macaroni2,42,rescue,low_light,moderate,CLAHE,0.5,clean
PatchCore,VisA,macaroni2,42,rescue,low_light,moderate,Retinex,0.5,clean
PatchCore,VisA,macaroni2,42,degradation,low_light,severe,none,0.5,clean
PatchCore,VisA,macaroni2,42,rescue,low_light,severe,CLAHE,0.5,clean
PatchCore,VisA,macaroni2,42,rescue,low_light,severe,Retinex,0.5,clean
PatchCore,VisA,macaroni2,42,degradation,gaussian_blur,mild,none,0.5049999952316284,clean
PatchCore,VisA,macaroni2,42,rescue,gaussian_blur,mild,Wiener,0.5799999833106995,clean
PatchCore,VisA,macaroni2,42,degradation,gaussian_blur,moderate,none,0.5,clean
PatchCore,VisA,macaroni2,42,rescue,gaussian_blur,moderate,Wiener,0.5,clean
PatchCore,VisA,macaroni2,42,degradation,gaussian_blur,severe,none,0.5,clean
PatchCore,VisA,macaroni2,42,rescue,gaussian_blur,severe,Wiener,0.5,clean
PatchCore,VisA,macaroni2,42,degradation,motion_blur,mild,none,0.5,clean
PatchCore,VisA,macaroni2,42,rescue,motion_blur,mild,Wiener (Motion PSF),0.5829499959945679,clean
PatchCore,VisA,macaroni2,42,degradation,motion_blur,moderate,none,0.5,clean
PatchCore,VisA,macaroni2,42,rescue,motion_blur,moderate,Wiener (Motion PSF),0.5,clean
PatchCore,VisA,macaroni2,42,degradation,motion_blur,severe,none,0.5,clean
PatchCore,VisA,macaroni2,42,rescue,motion_blur,severe,Wiener (Motion PSF),0.5,clean
PatchCore,VisA,macaroni2,42,degradation,sensor_noise,mild,none,0.5,clean
PatchCore,VisA,macaroni2,42,rescue,sensor_noise,mild,NLM Denoise,0.5,clean
PatchCore,VisA,macaroni2,42,degradation,sensor_noise,moderate,none,0.5,clean
PatchCore,VisA,macaroni2,42,rescue,sensor_noise,moderate,NLM Denoise,0.5,clean
PatchCore,VisA,macaroni2,42,degradation,sensor_noise,severe,none,0.5,clean
PatchCore,VisA,macaroni2,42,rescue,sensor_noise,severe,NLM Denoise,0.5,clean
PatchCore,VisA,macaroni2,42,degradation,fog_haze,mild,none,0.5,clean
PatchCore,VisA,macaroni2,42,rescue,fog_haze,mild,Dehaze (Dark Channel),0.5,clean
PatchCore,VisA,macaroni2,42,degradation,fog_haze,moderate,none,0.5,clean
PatchCore,VisA,macaroni2,42,rescue,fog_haze,moderate,Dehaze (Dark Channel),0.5,clean
PatchCore,VisA,macaroni2,42,degradation,fog_haze,severe,none,0.5,clean
PatchCore,VisA,macaroni2,42,rescue,fog_haze,severe,Dehaze (Dark Channel),0.5,clean
PatchCore,VisA,macaroni2,123,baseline,clean,none,none,0.6469999551773071,clean
PatchCore,VisA,macaroni2,123,degradation,low_light,mild,none,0.774649977684021,clean
PatchCore,VisA,macaroni2,123,rescue,low_light,mild,CLAHE,0.5099999904632568,clean
PatchCore,VisA,macaroni2,123,rescue,low_light,mild,Retinex,0.5,clean
PatchCore,VisA,macaroni2,123,degradation,low_light,moderate,none,0.6746000051498413,clean
PatchCore,VisA,macaroni2,123,rescue,low_light,moderate,CLAHE,0.5,clean
PatchCore,VisA,macaroni2,123,rescue,low_light,moderate,Retinex,0.5,clean
PatchCore,VisA,macaroni2,123,degradation,low_light,severe,none,0.5,clean
PatchCore,VisA,macaroni2,123,rescue,low_light,severe,CLAHE,0.5,clean
PatchCore,VisA,macaroni2,123,rescue,low_light,severe,Retinex,0.5,clean
PatchCore,VisA,macaroni2,123,degradation,gaussian_blur,mild,none,0.5149999856948853,clean
PatchCore,VisA,macaroni2,123,rescue,gaussian_blur,mild,Wiener,0.5535999536514282,clean
PatchCore,VisA,macaroni2,123,degradation,gaussian_blur,moderate,none,0.5,clean
PatchCore,VisA,macaroni2,123,rescue,gaussian_blur,moderate,Wiener,0.5,clean
PatchCore,VisA,macaroni2,123,degradation,gaussian_blur,severe,none,0.5,clean
PatchCore,VisA,macaroni2,123,rescue,gaussian_blur,severe,Wiener,0.5,clean
PatchCore,VisA,macaroni2,123,degradation,motion_blur,mild,none,0.5,clean
PatchCore,VisA,macaroni2,123,rescue,motion_blur,mild,Wiener (Motion PSF),0.5662000179290771,clean
PatchCore,VisA,macaroni2,123,degradation,motion_blur,moderate,none,0.5,clean
PatchCore,VisA,macaroni2,123,rescue,motion_blur,moderate,Wiener (Motion PSF),0.5,clean
PatchCore,VisA,macaroni2,123,degradation,motion_blur,severe,none,0.5,clean
PatchCore,VisA,macaroni2,123,rescue,motion_blur,severe,Wiener (Motion PSF),0.5,clean
PatchCore,VisA,macaroni2,123,degradation,sensor_noise,mild,none,0.5,clean
PatchCore,VisA,macaroni2,123,rescue,sensor_noise,mild,NLM Denoise,0.5,clean
PatchCore,VisA,macaroni2,123,degradation,sensor_noise,moderate,none,0.5,clean
PatchCore,VisA,macaroni2,123,rescue,sensor_noise,moderate,NLM Denoise,0.5,clean
PatchCore,VisA,macaroni2,123,degradation,sensor_noise,severe,none,0.5,clean
PatchCore,VisA,macaroni2,123,rescue,sensor_noise,severe,NLM Denoise,0.5,clean
PatchCore,VisA,macaroni2,123,degradation,fog_haze,mild,none,0.5,clean
PatchCore,VisA,macaroni2,123,rescue,fog_haze,mild,Dehaze (Dark Channel),0.5049999952316284,clean
PatchCore,VisA,macaroni2,123,degradation,fog_haze,moderate,none,0.5,clean
PatchCore,VisA,macaroni2,123,rescue,fog_haze,moderate,Dehaze (Dark Channel),0.5,clean
PatchCore,VisA,macaroni2,123,degradation,fog_haze,severe,none,0.5,clean
PatchCore,VisA,macaroni2,123,rescue,fog_haze,severe,Dehaze (Dark Channel),0.5,clean
PatchCore,VisA,macaroni2,456,baseline,clean,none,none,0.6344999670982361,clean
PatchCore,VisA,macaroni2,456,degradation,low_light,mild,none,0.7652000188827515,clean
PatchCore,VisA,macaroni2,456,rescue,low_light,mild,CLAHE,0.5,clean
PatchCore,VisA,macaroni2,456,rescue,low_light,mild,Retinex,0.5,clean
PatchCore,VisA,macaroni2,456,degradation,low_light,moderate,none,0.5864999890327454,clean
PatchCore,VisA,macaroni2,456,rescue,low_light,moderate,CLAHE,0.5,clean
PatchCore,VisA,macaroni2,456,rescue,low_light,moderate,Retinex,0.5,clean
PatchCore,VisA,macaroni2,456,degradation,low_light,severe,none,0.5,clean
PatchCore,VisA,macaroni2,456,rescue,low_light,severe,CLAHE,0.5,clean
PatchCore,VisA,macaroni2,456,rescue,low_light,severe,Retinex,0.5,clean
PatchCore,VisA,macaroni2,456,degradation,gaussian_blur,mild,none,0.5049999952316284,clean
PatchCore,VisA,macaroni2,456,rescue,gaussian_blur,mild,Wiener,0.5691499710083008,clean
PatchCore,VisA,macaroni2,456,degradation,gaussian_blur,moderate,none,0.5,clean
PatchCore,VisA,macaroni2,456,rescue,gaussian_blur,moderate,Wiener,0.5,clean
PatchCore,VisA,macaroni2,456,degradation,gaussian_blur,severe,none,0.5,clean
PatchCore,VisA,macaroni2,456,rescue,gaussian_blur,severe,Wiener,0.5,clean
PatchCore,VisA,macaroni2,456,degradation,motion_blur,mild,none,0.5,clean
PatchCore,VisA,macaroni2,456,rescue,motion_blur,mild,Wiener (Motion PSF),0.5698000192642212,clean
PatchCore,VisA,macaroni2,456,degradation,motion_blur,moderate,none,0.5,clean
PatchCore,VisA,macaroni2,456,rescue,motion_blur,moderate,Wiener (Motion PSF),0.5,clean
PatchCore,VisA,macaroni2,456,degradation,motion_blur,severe,none,0.5,clean
PatchCore,VisA,macaroni2,456,rescue,motion_blur,severe,Wiener (Motion PSF),0.5,clean
PatchCore,VisA,macaroni2,456,degradation,sensor_noise,mild,none,0.5,clean
PatchCore,VisA,macaroni2,456,rescue,sensor_noise,mild,NLM Denoise,0.5,clean
PatchCore,VisA,macaroni2,456,degradation,sensor_noise,moderate,none,0.5,clean
PatchCore,VisA,macaroni2,456,rescue,sensor_noise,moderate,NLM Denoise,0.5,clean
PatchCore,VisA,macaroni2,456,degradation,sensor_noise,severe,none,0.5,clean
PatchCore,VisA,macaroni2,456,rescue,sensor_noise,severe,NLM Denoise,0.5,clean
PatchCore,VisA,macaroni2,456,degradation,fog_haze,mild,none,0.5,clean
PatchCore,VisA,macaroni2,456,rescue,fog_haze,mild,Dehaze (Dark Channel),0.5,clean
PatchCore,VisA,macaroni2,456,degradation,fog_haze,moderate,none,0.5,clean
PatchCore,VisA,macaroni2,456,rescue,fog_haze,moderate,Dehaze (Dark Channel),0.5,clean
PatchCore,VisA,macaroni2,456,degradation,fog_haze,severe,none,0.5,clean
PatchCore,VisA,macaroni2,456,rescue,fog_haze,severe,Dehaze (Dark Channel),0.5,clean
PatchCore,VisA,pcb1,123,baseline,clean,none,none,0.9306000471115112,clean
PatchCore,VisA,pcb1,123,degradation,low_light,mild,none,0.9355000257492064,clean
PatchCore,VisA,pcb1,123,rescue,low_light,mild,CLAHE,0.926699995994568,clean
PatchCore,VisA,pcb1,123,rescue,low_light,mild,Retinex,0.8564000129699707,clean
PatchCore,VisA,pcb1,123,degradation,low_light,moderate,none,0.9416000247001648,clean
PatchCore,VisA,pcb1,123,rescue,low_light,moderate,CLAHE,0.9371999502182008,clean
PatchCore,VisA,pcb1,123,rescue,low_light,moderate,Retinex,0.894599974155426,clean
PatchCore,VisA,pcb1,123,degradation,low_light,severe,none,0.9069000482559204,clean
PatchCore,VisA,pcb1,123,rescue,low_light,severe,CLAHE,0.9568999409675598,clean
PatchCore,VisA,pcb1,123,rescue,low_light,severe,Retinex,0.8136000037193298,clean
PatchCore,VisA,pcb1,123,degradation,gaussian_blur,mild,none,0.5297499895095825,clean
PatchCore,VisA,pcb1,123,rescue,gaussian_blur,mild,Wiener,0.8192999958992004,clean
PatchCore,VisA,pcb1,123,degradation,gaussian_blur,moderate,none,0.5,clean
PatchCore,VisA,pcb1,123,rescue,gaussian_blur,moderate,Wiener,0.5,clean
PatchCore,VisA,pcb1,123,degradation,gaussian_blur,severe,none,0.5,clean
PatchCore,VisA,pcb1,123,rescue,gaussian_blur,severe,Wiener,0.5,clean
PatchCore,VisA,pcb1,123,degradation,motion_blur,mild,none,0.7042499780654907,clean
PatchCore,VisA,pcb1,123,rescue,motion_blur,mild,Wiener (Motion PSF),0.6112499833106995,clean
PatchCore,VisA,pcb1,123,degradation,motion_blur,moderate,none,0.5,clean
PatchCore,VisA,pcb1,123,rescue,motion_blur,moderate,Wiener (Motion PSF),0.5099999904632568,clean
PatchCore,VisA,pcb1,123,degradation,motion_blur,severe,none,0.5,clean
PatchCore,VisA,pcb1,123,rescue,motion_blur,severe,Wiener (Motion PSF),0.5,clean
PatchCore,VisA,pcb1,123,degradation,sensor_noise,mild,none,0.8980000019073486,clean
PatchCore,VisA,pcb1,123,rescue,sensor_noise,mild,NLM Denoise,0.6290000081062317,clean
PatchCore,VisA,pcb1,123,degradation,sensor_noise,moderate,none,0.8792999982833862,clean
PatchCore,VisA,pcb1,123,rescue,sensor_noise,moderate,NLM Denoise,0.5,clean
PatchCore,VisA,pcb1,123,degradation,sensor_noise,severe,none,0.7869000434875488,clean
PatchCore,VisA,pcb1,123,rescue,sensor_noise,severe,NLM Denoise,0.5,clean
PatchCore,VisA,pcb1,123,degradation,fog_haze,mild,none,0.5008000135421753,clean
PatchCore,VisA,pcb1,123,rescue,fog_haze,mild,Dehaze (Dark Channel),0.5003499984741211,clean
PatchCore,VisA,pcb1,123,degradation,fog_haze,moderate,none,0.5049999952316284,clean
PatchCore,VisA,pcb1,123,rescue,fog_haze,moderate,Dehaze (Dark Channel),0.5013500452041626,clean
PatchCore,VisA,pcb1,123,degradation,fog_haze,severe,none,0.5,clean
PatchCore,VisA,pcb1,123,rescue,fog_haze,severe,Dehaze (Dark Channel),0.5206000208854675,clean
PatchCore,VisA,pcb1,456,baseline,clean,none,none,0.932099997997284,clean
PatchCore,VisA,pcb1,456,degradation,low_light,mild,none,0.9390999674797058,clean
PatchCore,VisA,pcb1,456,rescue,low_light,mild,CLAHE,0.9162999391555786,clean
PatchCore,VisA,pcb1,456,rescue,low_light,mild,Retinex,0.8540999889373779,clean
PatchCore,VisA,pcb1,456,degradation,low_light,moderate,none,0.9443999528884888,clean
PatchCore,VisA,pcb1,456,rescue,low_light,moderate,CLAHE,0.9358999729156494,clean
PatchCore,VisA,pcb1,456,rescue,low_light,moderate,Retinex,0.902999997138977,clean
PatchCore,VisA,pcb1,456,degradation,low_light,severe,none,0.906000018119812,clean
PatchCore,VisA,pcb1,456,rescue,low_light,severe,CLAHE,0.9519999623298644,clean
PatchCore,VisA,pcb1,456,rescue,low_light,severe,Retinex,0.8205000162124634,clean
PatchCore,VisA,pcb1,456,degradation,gaussian_blur,mild,none,0.5262000560760498,clean
PatchCore,VisA,pcb1,456,rescue,gaussian_blur,mild,Wiener,0.833899974822998,clean
PatchCore,VisA,pcb1,456,degradation,gaussian_blur,moderate,none,0.5,clean
PatchCore,VisA,pcb1,456,rescue,gaussian_blur,moderate,Wiener,0.5,clean
PatchCore,VisA,pcb1,456,degradation,gaussian_blur,severe,none,0.5,clean
PatchCore,VisA,pcb1,456,rescue,gaussian_blur,severe,Wiener,0.5,clean
PatchCore,VisA,pcb1,456,degradation,motion_blur,mild,none,0.6965000033378601,clean
PatchCore,VisA,pcb1,456,rescue,motion_blur,mild,Wiener (Motion PSF),0.6052999496459961,clean
PatchCore,VisA,pcb1,456,degradation,motion_blur,moderate,none,0.5,clean
PatchCore,VisA,pcb1,456,rescue,motion_blur,moderate,Wiener (Motion PSF),0.5099999904632568,clean
PatchCore,VisA,pcb1,456,degradation,motion_blur,severe,none,0.5,clean
PatchCore,VisA,pcb1,456,rescue,motion_blur,severe,Wiener (Motion PSF),0.5,clean
PatchCore,VisA,pcb1,456,degradation,sensor_noise,mild,none,0.9096999764442444,clean
PatchCore,VisA,pcb1,456,rescue,sensor_noise,mild,NLM Denoise,0.6212500333786011,clean
PatchCore,VisA,pcb1,456,degradation,sensor_noise,moderate,none,0.8804000020027161,clean
PatchCore,VisA,pcb1,456,rescue,sensor_noise,moderate,NLM Denoise,0.5,clean
PatchCore,VisA,pcb1,456,degradation,sensor_noise,severe,none,0.797700047492981,clean
PatchCore,VisA,pcb1,456,rescue,sensor_noise,severe,NLM Denoise,0.5,clean
PatchCore,VisA,pcb1,456,degradation,fog_haze,mild,none,0.5101499557495117,clean
PatchCore,VisA,pcb1,456,rescue,fog_haze,mild,Dehaze (Dark Channel),0.5004000067710876,clean
PatchCore,VisA,pcb1,456,degradation,fog_haze,moderate,none,0.5,clean
PatchCore,VisA,pcb1,456,rescue,fog_haze,moderate,Dehaze (Dark Channel),0.5059999823570251,clean
PatchCore,VisA,pcb1,456,degradation,fog_haze,severe,none,0.5,clean
PatchCore,VisA,pcb1,456,rescue,fog_haze,severe,Dehaze (Dark Channel),0.4900000095367431,clean
PatchCore,VisA,pcb2,42,baseline,clean,none,none,0.9275999665260316,clean
PatchCore,VisA,pcb2,42,degradation,low_light,mild,none,0.8680000305175781,clean
PatchCore,VisA,pcb2,42,rescue,low_light,mild,CLAHE,0.7537999749183655,clean
PatchCore,VisA,pcb2,42,rescue,low_light,mild,Retinex,0.9118000268936156,clean
PatchCore,VisA,pcb2,42,degradation,low_light,moderate,none,0.8007000684738159,clean
PatchCore,VisA,pcb2,42,rescue,low_light,moderate,CLAHE,0.8295999765396118,clean
PatchCore,VisA,pcb2,42,rescue,low_light,moderate,Retinex,0.7249000072479248,clean
PatchCore,VisA,pcb2,42,degradation,low_light,severe,none,0.5234999656677246,clean
PatchCore,VisA,pcb2,42,rescue,low_light,severe,CLAHE,0.6887999773025513,clean
PatchCore,VisA,pcb2,42,rescue,low_light,severe,Retinex,0.4132499992847442,clean
PatchCore,VisA,pcb2,42,degradation,gaussian_blur,mild,none,0.8826000690460205,clean
PatchCore,VisA,pcb2,42,rescue,gaussian_blur,mild,Wiener,0.8593000173568726,clean
PatchCore,VisA,pcb2,42,degradation,gaussian_blur,moderate,none,0.5,clean
PatchCore,VisA,pcb2,42,rescue,gaussian_blur,moderate,Wiener,0.5,clean
PatchCore,VisA,pcb2,42,degradation,gaussian_blur,severe,none,0.5,clean
PatchCore,VisA,pcb2,42,rescue,gaussian_blur,severe,Wiener,0.5,clean
PatchCore,VisA,pcb2,42,degradation,motion_blur,mild,none,0.7176499962806702,clean
PatchCore,VisA,pcb2,42,rescue,motion_blur,mild,Wiener (Motion PSF),0.4537999927997589,clean
PatchCore,VisA,pcb2,42,degradation,motion_blur,moderate,none,0.5,clean
PatchCore,VisA,pcb2,42,rescue,motion_blur,moderate,Wiener (Motion PSF),0.4851000010967254,clean
PatchCore,VisA,pcb2,42,degradation,motion_blur,severe,none,0.5,clean
PatchCore,VisA,pcb2,42,rescue,motion_blur,severe,Wiener (Motion PSF),0.4950000047683716,clean
PatchCore,VisA,pcb2,42,degradation,sensor_noise,mild,none,0.8253999948501587,clean
PatchCore,VisA,pcb2,42,rescue,sensor_noise,mild,NLM Denoise,0.680899977684021,clean
PatchCore,VisA,pcb2,42,degradation,sensor_noise,moderate,none,0.7361999750137329,clean
PatchCore,VisA,pcb2,42,rescue,sensor_noise,moderate,NLM Denoise,0.5748000144958496,clean
PatchCore,VisA,pcb2,42,degradation,sensor_noise,severe,none,0.6025999784469604,clean
PatchCore,VisA,pcb2,42,rescue,sensor_noise,severe,NLM Denoise,0.4767999947071075,clean
PatchCore,VisA,pcb2,42,degradation,fog_haze,mild,none,0.6655499935150146,clean
PatchCore,VisA,pcb2,42,rescue,fog_haze,mild,Dehaze (Dark Channel),0.6653000116348267,clean
PatchCore,VisA,pcb2,42,degradation,fog_haze,moderate,none,0.3901000022888183,clean
PatchCore,VisA,pcb2,42,rescue,fog_haze,moderate,Dehaze (Dark Channel),0.3748500049114227,clean
PatchCore,VisA,pcb2,42,degradation,fog_haze,severe,none,0.5,clean
PatchCore,VisA,pcb2,42,rescue,fog_haze,severe,Dehaze (Dark Channel),0.4950000047683716,clean
PatchCore,VisA,pcb2,123,baseline,clean,none,none,0.9225000143051147,clean
PatchCore,VisA,pcb2,123,degradation,low_light,mild,none,0.8647000789642334,clean
PatchCore,VisA,pcb2,123,rescue,low_light,mild,CLAHE,0.7353000044822693,clean
PatchCore,VisA,pcb2,123,rescue,low_light,mild,Retinex,0.9016000032424928,clean
PatchCore,VisA,pcb2,123,degradation,low_light,moderate,none,0.7877000570297241,clean
PatchCore,VisA,pcb2,123,rescue,low_light,moderate,CLAHE,0.8378000259399414,clean
PatchCore,VisA,pcb2,123,rescue,low_light,moderate,Retinex,0.7204999923706055,clean
PatchCore,VisA,pcb2,123,degradation,low_light,severe,none,0.5192999839782715,clean
PatchCore,VisA,pcb2,123,rescue,low_light,severe,CLAHE,0.6769000291824341,clean
PatchCore,VisA,pcb2,123,rescue,low_light,severe,Retinex,0.3911499977111816,clean
PatchCore,VisA,pcb2,123,degradation,gaussian_blur,mild,none,0.8711000084877014,clean
PatchCore,VisA,pcb2,123,rescue,gaussian_blur,mild,Wiener,0.8407999873161316,clean
PatchCore,VisA,pcb2,123,degradation,gaussian_blur,moderate,none,0.5,clean
PatchCore,VisA,pcb2,123,rescue,gaussian_blur,moderate,Wiener,0.5,clean
PatchCore,VisA,pcb2,123,degradation,gaussian_blur,severe,none,0.5,clean
PatchCore,VisA,pcb2,123,rescue,gaussian_blur,severe,Wiener,0.5,clean
PatchCore,VisA,pcb2,123,degradation,motion_blur,mild,none,0.7041500210762024,clean
PatchCore,VisA,pcb2,123,rescue,motion_blur,mild,Wiener (Motion PSF),0.4591500163078308,clean
PatchCore,VisA,pcb2,123,degradation,motion_blur,moderate,none,0.5,clean
PatchCore,VisA,pcb2,123,rescue,motion_blur,moderate,Wiener (Motion PSF),0.4505999982357025,clean
PatchCore,VisA,pcb2,123,degradation,motion_blur,severe,none,0.5,clean
PatchCore,VisA,pcb2,123,rescue,motion_blur,severe,Wiener (Motion PSF),0.4948999881744385,clean
PatchCore,VisA,pcb2,123,degradation,sensor_noise,mild,none,0.8291999697685242,clean
PatchCore,VisA,pcb2,123,rescue,sensor_noise,mild,NLM Denoise,0.6797000169754028,clean
PatchCore,VisA,pcb2,123,degradation,sensor_noise,moderate,none,0.7376999855041504,clean
PatchCore,VisA,pcb2,123,rescue,sensor_noise,moderate,NLM Denoise,0.5796999931335449,clean
PatchCore,VisA,pcb2,123,degradation,sensor_noise,severe,none,0.6067000031471252,clean
PatchCore,VisA,pcb2,123,rescue,sensor_noise,severe,NLM Denoise,0.5017499923706055,clean
PatchCore,VisA,pcb2,123,degradation,fog_haze,mild,none,0.6421999931335449,clean
PatchCore,VisA,pcb2,123,rescue,fog_haze,mild,Dehaze (Dark Channel),0.6739000082015991,clean
PatchCore,VisA,pcb2,123,degradation,fog_haze,moderate,none,0.3704000115394592,clean
PatchCore,VisA,pcb2,123,rescue,fog_haze,moderate,Dehaze (Dark Channel),0.3269000053405761,clean
PatchCore,VisA,pcb2,123,degradation,fog_haze,severe,none,0.5,clean
PatchCore,VisA,pcb2,123,rescue,fog_haze,severe,Dehaze (Dark Channel),0.5,clean
PatchCore,VisA,pcb2,456,baseline,clean,none,none,0.9184999465942384,clean
PatchCore,VisA,pcb2,456,degradation,low_light,mild,none,0.8567999601364136,clean
PatchCore,VisA,pcb2,456,rescue,low_light,mild,CLAHE,0.7283999919891357,clean
PatchCore,VisA,pcb2,456,rescue,low_light,mild,Retinex,0.9061000347137452,clean
PatchCore,VisA,pcb2,456,degradation,low_light,moderate,none,0.7886999845504761,clean
PatchCore,VisA,pcb2,456,rescue,low_light,moderate,CLAHE,0.8408000469207764,clean
PatchCore,VisA,pcb2,456,rescue,low_light,moderate,Retinex,0.7213000059127808,clean
PatchCore,VisA,pcb2,456,degradation,low_light,severe,none,0.5253000259399414,clean
PatchCore,VisA,pcb2,456,rescue,low_light,severe,CLAHE,0.6809999942779541,clean
PatchCore,VisA,pcb2,456,rescue,low_light,severe,Retinex,0.4192000031471252,clean
PatchCore,VisA,pcb2,456,degradation,gaussian_blur,mild,none,0.8743000030517578,clean
PatchCore,VisA,pcb2,456,rescue,gaussian_blur,mild,Wiener,0.8557999730110168,clean
PatchCore,VisA,pcb2,456,degradation,gaussian_blur,moderate,none,0.5,clean
PatchCore,VisA,pcb2,456,rescue,gaussian_blur,moderate,Wiener,0.5,clean
PatchCore,VisA,pcb2,456,degradation,gaussian_blur,severe,none,0.5,clean
PatchCore,VisA,pcb2,456,rescue,gaussian_blur,severe,Wiener,0.5,clean
PatchCore,VisA,pcb2,456,degradation,motion_blur,mild,none,0.7211999893188477,clean
PatchCore,VisA,pcb2,456,rescue,motion_blur,mild,Wiener (Motion PSF),0.4495999813079834,clean
PatchCore,VisA,pcb2,456,degradation,motion_blur,moderate,none,0.5,clean
PatchCore,VisA,pcb2,456,rescue,motion_blur,moderate,Wiener (Motion PSF),0.47529998421669,clean
PatchCore,VisA,pcb2,456,degradation,motion_blur,severe,none,0.5,clean
PatchCore,VisA,pcb2,456,rescue,motion_blur,severe,Wiener (Motion PSF),0.4950000047683716,clean
PatchCore,VisA,pcb2,456,degradation,sensor_noise,mild,none,0.8309999704360962,clean
PatchCore,VisA,pcb2,456,rescue,sensor_noise,mild,NLM Denoise,0.6833000183105469,clean
PatchCore,VisA,pcb2,456,degradation,sensor_noise,moderate,none,0.7458999752998352,clean
PatchCore,VisA,pcb2,456,rescue,sensor_noise,moderate,NLM Denoise,0.5727499723434448,clean
PatchCore,VisA,pcb2,456,degradation,sensor_noise,severe,none,0.6211000084877014,clean
PatchCore,VisA,pcb2,456,rescue,sensor_noise,severe,NLM Denoise,0.4973499774932861,clean
PatchCore,VisA,pcb2,456,degradation,fog_haze,mild,none,0.5918999910354614,clean
PatchCore,VisA,pcb2,456,rescue,fog_haze,mild,Dehaze (Dark Channel),0.714400053024292,clean
PatchCore,VisA,pcb2,456,degradation,fog_haze,moderate,none,0.4346499741077423,clean
PatchCore,VisA,pcb2,456,rescue,fog_haze,moderate,Dehaze (Dark Channel),0.3929999768733978,clean
PatchCore,VisA,pcb2,456,degradation,fog_haze,severe,none,0.5,clean
PatchCore,VisA,pcb2,456,rescue,fog_haze,severe,Dehaze (Dark Channel),0.5,clean
PatchCore,VisA,pcb3,123,baseline,clean,none,none,0.9291089177131652,clean
PatchCore,VisA,pcb3,123,degradation,low_light,mild,none,0.8922772407531738,clean
PatchCore,VisA,pcb3,123,rescue,low_light,mild,CLAHE,0.8400989770889282,clean
PatchCore,VisA,pcb3,123,rescue,low_light,mild,Retinex,0.8336634039878845,clean
PatchCore,VisA,pcb3,123,degradation,low_light,moderate,none,0.7298019528388977,clean
PatchCore,VisA,pcb3,123,rescue,low_light,moderate,CLAHE,0.7913861274719238,clean
PatchCore,VisA,pcb3,123,rescue,low_light,moderate,Retinex,0.636336624622345,clean
PatchCore,VisA,pcb3,123,degradation,low_light,severe,none,0.5338118672370911,clean
PatchCore,VisA,pcb3,123,rescue,low_light,severe,CLAHE,0.6174257397651672,clean
PatchCore,VisA,pcb3,123,rescue,low_light,severe,Retinex,0.4759901165962219,clean
PatchCore,VisA,pcb3,123,degradation,gaussian_blur,mild,none,0.8780198097229004,clean
PatchCore,VisA,pcb3,123,rescue,gaussian_blur,mild,Wiener,0.9451485872268676,clean
PatchCore,VisA,pcb3,123,degradation,gaussian_blur,moderate,none,0.5,clean
PatchCore,VisA,pcb3,123,rescue,gaussian_blur,moderate,Wiener,0.5,clean
PatchCore,VisA,pcb3,123,degradation,gaussian_blur,severe,none,0.5,clean
PatchCore,VisA,pcb3,123,rescue,gaussian_blur,severe,Wiener,0.5,clean
PatchCore,VisA,pcb3,123,degradation,motion_blur,mild,none,0.8470296859741211,clean
PatchCore,VisA,pcb3,123,rescue,motion_blur,mild,Wiener (Motion PSF),0.6436633467674255,clean
PatchCore,VisA,pcb3,123,degradation,motion_blur,moderate,none,0.5,clean
PatchCore,VisA,pcb3,123,rescue,motion_blur,moderate,Wiener (Motion PSF),0.4948514997959137,clean
PatchCore,VisA,pcb3,123,degradation,motion_blur,severe,none,0.5,clean
PatchCore,VisA,pcb3,123,rescue,motion_blur,severe,Wiener (Motion PSF),0.5045545101165771,clean
PatchCore,VisA,pcb3,123,degradation,sensor_noise,mild,none,0.721683144569397,clean
PatchCore,VisA,pcb3,123,rescue,sensor_noise,mild,NLM Denoise,0.85792076587677,clean
PatchCore,VisA,pcb3,123,degradation,sensor_noise,moderate,none,0.6903960704803467,clean
PatchCore,VisA,pcb3,123,rescue,sensor_noise,moderate,NLM Denoise,0.8669307231903076,clean
PatchCore,VisA,pcb3,123,degradation,sensor_noise,severe,none,0.6383663415908813,clean
PatchCore,VisA,pcb3,123,rescue,sensor_noise,severe,NLM Denoise,0.6311880946159363,clean
PatchCore,VisA,pcb3,123,degradation,fog_haze,mild,none,0.6614851355552673,clean
PatchCore,VisA,pcb3,123,rescue,fog_haze,mild,Dehaze (Dark Channel),0.5547524690628052,clean
PatchCore,VisA,pcb3,123,degradation,fog_haze,moderate,none,0.5049999952316284,clean
PatchCore,VisA,pcb3,123,rescue,fog_haze,moderate,Dehaze (Dark Channel),0.5,clean
PatchCore,VisA,pcb3,123,degradation,fog_haze,severe,none,0.5,clean
PatchCore,VisA,pcb3,123,rescue,fog_haze,severe,Dehaze (Dark Channel),0.5,clean
PatchCore,VisA,pcb3,456,baseline,clean,none,none,0.9262376427650452,clean
PatchCore,VisA,pcb3,456,degradation,low_light,mild,none,0.8890098929405212,clean
PatchCore,VisA,pcb3,456,rescue,low_light,mild,CLAHE,0.8397029638290405,clean
PatchCore,VisA,pcb3,456,rescue,low_light,mild,Retinex,0.8269306421279907,clean
PatchCore,VisA,pcb3,456,degradation,low_light,moderate,none,0.7269307374954224,clean
PatchCore,VisA,pcb3,456,rescue,low_light,moderate,CLAHE,0.7969306707382202,clean
PatchCore,VisA,pcb3,456,rescue,low_light,moderate,Retinex,0.6344554424285889,clean
PatchCore,VisA,pcb3,456,degradation,low_light,severe,none,0.5122772455215454,clean
PatchCore,VisA,pcb3,456,rescue,low_light,severe,CLAHE,0.6099010109901428,clean
PatchCore,VisA,pcb3,456,rescue,low_light,severe,Retinex,0.4757425785064697,clean
PatchCore,VisA,pcb3,456,degradation,gaussian_blur,mild,none,0.8761386275291443,clean
PatchCore,VisA,pcb3,456,rescue,gaussian_blur,mild,Wiener,0.9355445504188538,clean
PatchCore,VisA,pcb3,456,degradation,gaussian_blur,moderate,none,0.5,clean
PatchCore,VisA,pcb3,456,rescue,gaussian_blur,moderate,Wiener,0.5,clean
PatchCore,VisA,pcb3,456,degradation,gaussian_blur,severe,none,0.5,clean
PatchCore,VisA,pcb3,456,rescue,gaussian_blur,severe,Wiener,0.5,clean
PatchCore,VisA,pcb3,456,degradation,motion_blur,mild,none,0.8399999737739563,clean
PatchCore,VisA,pcb3,456,rescue,motion_blur,mild,Wiener (Motion PSF),0.6394059658050537,clean
PatchCore,VisA,pcb3,456,degradation,motion_blur,moderate,none,0.5,clean
PatchCore,VisA,pcb3,456,rescue,motion_blur,moderate,Wiener (Motion PSF),0.4950000047683716,clean
PatchCore,VisA,pcb3,456,degradation,motion_blur,severe,none,0.5,clean
PatchCore,VisA,pcb3,456,rescue,motion_blur,severe,Wiener (Motion PSF),0.5046535134315491,clean
PatchCore,VisA,pcb3,456,degradation,sensor_noise,mild,none,0.7350494861602783,clean
PatchCore,VisA,pcb3,456,rescue,sensor_noise,mild,NLM Denoise,0.8628712892532349,clean
PatchCore,VisA,pcb3,456,degradation,sensor_noise,moderate,none,0.6912871599197388,clean
PatchCore,VisA,pcb3,456,rescue,sensor_noise,moderate,NLM Denoise,0.8568316698074341,clean
PatchCore,VisA,pcb3,456,degradation,sensor_noise,severe,none,0.6350989937782288,clean
PatchCore,VisA,pcb3,456,rescue,sensor_noise,severe,NLM Denoise,0.6256930828094482,clean
PatchCore,VisA,pcb3,456,degradation,fog_haze,mild,none,0.6541584134101868,clean
PatchCore,VisA,pcb3,456,rescue,fog_haze,mild,Dehaze (Dark Channel),0.5858415961265564,clean
PatchCore,VisA,pcb3,456,degradation,fog_haze,moderate,none,0.5049505233764648,clean
PatchCore,VisA,pcb3,456,rescue,fog_haze,moderate,Dehaze (Dark Channel),0.5,clean
PatchCore,VisA,pcb3,456,degradation,fog_haze,severe,none,0.5,clean
PatchCore,VisA,pcb3,456,rescue,fog_haze,severe,Dehaze (Dark Channel),0.5,clean
PatchCore,VisA,pcb4,42,baseline,clean,none,none,0.9888117909431458,clean
PatchCore,VisA,pcb4,42,degradation,low_light,mild,none,0.9779207706451416,clean
PatchCore,VisA,pcb4,42,rescue,low_light,mild,CLAHE,0.9163366556167604,clean
PatchCore,VisA,pcb4,42,rescue,low_light,mild,Retinex,0.919504940509796,clean
PatchCore,VisA,pcb4,42,degradation,low_light,moderate,none,0.91762375831604,clean
PatchCore,VisA,pcb4,42,rescue,low_light,moderate,CLAHE,0.9473267197608948,clean
PatchCore,VisA,pcb4,42,rescue,low_light,moderate,Retinex,0.7749504446983337,clean
PatchCore,VisA,pcb4,42,degradation,low_light,severe,none,0.5049505233764648,clean
PatchCore,VisA,pcb4,42,rescue,low_light,severe,CLAHE,0.5297029614448547,clean
PatchCore,VisA,pcb4,42,rescue,low_light,severe,Retinex,0.5,clean
PatchCore,VisA,pcb4,42,degradation,gaussian_blur,mild,none,0.9858415722846984,clean
PatchCore,VisA,pcb4,42,rescue,gaussian_blur,mild,Wiener,0.9752475023269652,clean
PatchCore,VisA,pcb4,42,degradation,gaussian_blur,moderate,none,0.5,clean
PatchCore,VisA,pcb4,42,rescue,gaussian_blur,moderate,Wiener,0.5,clean
PatchCore,VisA,pcb4,42,degradation,gaussian_blur,severe,none,0.5,clean
PatchCore,VisA,pcb4,42,rescue,gaussian_blur,severe,Wiener,0.5,clean
PatchCore,VisA,pcb4,42,degradation,motion_blur,mild,none,0.5247029662132263,clean
PatchCore,VisA,pcb4,42,rescue,motion_blur,mild,Wiener (Motion PSF),0.7414356470108032,clean
PatchCore,VisA,pcb4,42,degradation,motion_blur,moderate,none,0.5,clean
PatchCore,VisA,pcb4,42,rescue,motion_blur,moderate,Wiener (Motion PSF),0.5084653496742249,clean
PatchCore,VisA,pcb4,42,degradation,motion_blur,severe,none,0.5,clean
PatchCore,VisA,pcb4,42,rescue,motion_blur,severe,Wiener (Motion PSF),0.5,clean
PatchCore,VisA,pcb4,42,degradation,sensor_noise,mild,none,0.976237654685974,clean
PatchCore,VisA,pcb4,42,rescue,sensor_noise,mild,NLM Denoise,0.9497029781341552,clean
PatchCore,VisA,pcb4,42,degradation,sensor_noise,moderate,none,0.960792064666748,clean
PatchCore,VisA,pcb4,42,rescue,sensor_noise,moderate,NLM Denoise,0.8605445623397827,clean
PatchCore,VisA,pcb4,42,degradation,sensor_noise,severe,none,0.7237128019332886,clean
PatchCore,VisA,pcb4,42,rescue,sensor_noise,severe,NLM Denoise,0.5,clean
PatchCore,VisA,pcb4,42,degradation,fog_haze,mild,none,0.6680693030357361,clean
PatchCore,VisA,pcb4,42,rescue,fog_haze,mild,Dehaze (Dark Channel),0.6654455661773682,clean
PatchCore,VisA,pcb4,42,degradation,fog_haze,moderate,none,0.5,clean
PatchCore,VisA,pcb4,42,rescue,fog_haze,moderate,Dehaze (Dark Channel),0.5,clean
PatchCore,VisA,pcb4,42,degradation,fog_haze,severe,none,0.5,clean
PatchCore,VisA,pcb4,42,rescue,fog_haze,severe,Dehaze (Dark Channel),0.5,clean
PatchCore,VisA,pcb4,123,baseline,clean,none,none,0.985148549079895,clean
PatchCore,VisA,pcb4,123,degradation,low_light,mild,none,0.9754455089569092,clean
PatchCore,VisA,pcb4,123,rescue,low_light,mild,CLAHE,0.9190099239349364,clean
PatchCore,VisA,pcb4,123,rescue,low_light,mild,Retinex,0.9201980233192444,clean
PatchCore,VisA,pcb4,123,degradation,low_light,moderate,none,0.912574291229248,clean
PatchCore,VisA,pcb4,123,rescue,low_light,moderate,CLAHE,0.9445544481277466,clean
PatchCore,VisA,pcb4,123,rescue,low_light,moderate,Retinex,0.7458415627479553,clean
PatchCore,VisA,pcb4,123,degradation,low_light,severe,none,0.5049505233764648,clean
PatchCore,VisA,pcb4,123,rescue,low_light,severe,CLAHE,0.5297029614448547,clean
PatchCore,VisA,pcb4,123,rescue,low_light,severe,Retinex,0.5,clean
PatchCore,VisA,pcb4,123,degradation,gaussian_blur,mild,none,0.985445499420166,clean
PatchCore,VisA,pcb4,123,rescue,gaussian_blur,mild,Wiener,0.9717822074890136,clean
PatchCore,VisA,pcb4,123,degradation,gaussian_blur,moderate,none,0.5,clean
PatchCore,VisA,pcb4,123,rescue,gaussian_blur,moderate,Wiener,0.5,clean
PatchCore,VisA,pcb4,123,degradation,gaussian_blur,severe,none,0.5,clean
PatchCore,VisA,pcb4,123,rescue,gaussian_blur,severe,Wiener,0.5,clean
PatchCore,VisA,pcb4,123,degradation,motion_blur,mild,none,0.519504964351654,clean
PatchCore,VisA,pcb4,123,rescue,motion_blur,mild,Wiener (Motion PSF),0.7394059300422668,clean
PatchCore,VisA,pcb4,123,degradation,motion_blur,moderate,none,0.5,clean
PatchCore,VisA,pcb4,123,rescue,motion_blur,moderate,Wiener (Motion PSF),0.5020791888237,clean
PatchCore,VisA,pcb4,123,degradation,motion_blur,severe,none,0.5,clean
PatchCore,VisA,pcb4,123,rescue,motion_blur,severe,Wiener (Motion PSF),0.5,clean
PatchCore,VisA,pcb4,123,degradation,sensor_noise,mild,none,0.971386194229126,clean
PatchCore,VisA,pcb4,123,rescue,sensor_noise,mild,NLM Denoise,0.939207911491394,clean
PatchCore,VisA,pcb4,123,degradation,sensor_noise,moderate,none,0.9572277069091796,clean
PatchCore,VisA,pcb4,123,rescue,sensor_noise,moderate,NLM Denoise,0.8629208207130432,clean
PatchCore,VisA,pcb4,123,degradation,sensor_noise,severe,none,0.7384157776832581,clean
PatchCore,VisA,pcb4,123,rescue,sensor_noise,severe,NLM Denoise,0.5,clean
PatchCore,VisA,pcb4,123,degradation,fog_haze,mild,none,0.699554443359375,clean
PatchCore,VisA,pcb4,123,rescue,fog_haze,mild,Dehaze (Dark Channel),0.6683168411254883,clean
PatchCore,VisA,pcb4,123,degradation,fog_haze,moderate,none,0.5,clean
PatchCore,VisA,pcb4,123,rescue,fog_haze,moderate,Dehaze (Dark Channel),0.5,clean
PatchCore,VisA,pcb4,123,degradation,fog_haze,severe,none,0.5,clean
PatchCore,VisA,pcb4,123,rescue,fog_haze,severe,Dehaze (Dark Channel),0.5,clean
PatchCore,VisA,pcb4,456,baseline,clean,none,none,0.986633598804474,clean
PatchCore,VisA,pcb4,456,degradation,low_light,mild,none,0.976336658000946,clean
PatchCore,VisA,pcb4,456,rescue,low_light,mild,CLAHE,0.922376275062561,clean
PatchCore,VisA,pcb4,456,rescue,low_light,mild,Retinex,0.9317821860313416,clean
PatchCore,VisA,pcb4,456,degradation,low_light,moderate,none,0.9216831922531128,clean
PatchCore,VisA,pcb4,456,rescue,low_light,moderate,CLAHE,0.9500000476837158,clean
PatchCore,VisA,pcb4,456,rescue,low_light,moderate,Retinex,0.7678712606430054,clean
PatchCore,VisA,pcb4,456,degradation,low_light,severe,none,0.5049505233764648,clean
PatchCore,VisA,pcb4,456,rescue,low_light,severe,CLAHE,0.5297029614448547,clean
PatchCore,VisA,pcb4,456,rescue,low_light,severe,Retinex,0.5,clean
PatchCore,VisA,pcb4,456,degradation,gaussian_blur,mild,none,0.9822772741317748,clean
PatchCore,VisA,pcb4,456,rescue,gaussian_blur,mild,Wiener,0.9721782207489014,clean
PatchCore,VisA,pcb4,456,degradation,gaussian_blur,moderate,none,0.5,clean
PatchCore,VisA,pcb4,456,rescue,gaussian_blur,moderate,Wiener,0.5,clean
PatchCore,VisA,pcb4,456,degradation,gaussian_blur,severe,none,0.5,clean
PatchCore,VisA,pcb4,456,rescue,gaussian_blur,severe,Wiener,0.5,clean
PatchCore,VisA,pcb4,456,degradation,motion_blur,mild,none,0.5395049452781677,clean
PatchCore,VisA,pcb4,456,rescue,motion_blur,mild,Wiener (Motion PSF),0.7319802045822144,clean
PatchCore,VisA,pcb4,456,degradation,motion_blur,moderate,none,0.5,clean
PatchCore,VisA,pcb4,456,rescue,motion_blur,moderate,Wiener (Motion PSF),0.4983662962913513,clean
PatchCore,VisA,pcb4,456,degradation,motion_blur,severe,none,0.5,clean
PatchCore,VisA,pcb4,456,rescue,motion_blur,severe,Wiener (Motion PSF),0.5,clean
PatchCore,VisA,pcb4,456,degradation,sensor_noise,mild,none,0.9743564128875732,clean
PatchCore,VisA,pcb4,456,rescue,sensor_noise,mild,NLM Denoise,0.9353464841842652,clean
PatchCore,VisA,pcb4,456,degradation,sensor_noise,moderate,none,0.9576237797737122,clean
PatchCore,VisA,pcb4,456,rescue,sensor_noise,moderate,NLM Denoise,0.8639603853225708,clean
PatchCore,VisA,pcb4,456,degradation,sensor_noise,severe,none,0.7630198001861572,clean
PatchCore,VisA,pcb4,456,rescue,sensor_noise,severe,NLM Denoise,0.5,clean
PatchCore,VisA,pcb4,456,degradation,fog_haze,mild,none,0.6632673144340515,clean
PatchCore,VisA,pcb4,456,rescue,fog_haze,mild,Dehaze (Dark Channel),0.7297029495239258,clean
PatchCore,VisA,pcb4,456,degradation,fog_haze,moderate,none,0.5,clean
PatchCore,VisA,pcb4,456,rescue,fog_haze,moderate,Dehaze (Dark Channel),0.5,clean
PatchCore,VisA,pcb4,456,degradation,fog_haze,severe,none,0.5,clean
PatchCore,VisA,pcb4,456,rescue,fog_haze,severe,Dehaze (Dark Channel),0.5,clean
PatchCore,VisA,pipe_fryum,42,baseline,clean,none,none,0.9944000244140624,clean
PatchCore,VisA,pipe_fryum,42,degradation,low_light,mild,none,0.7914000749588013,clean
PatchCore,VisA,pipe_fryum,42,rescue,low_light,mild,CLAHE,0.971400022506714,clean
PatchCore,VisA,pipe_fryum,42,rescue,low_light,mild,Retinex,0.646399974822998,clean
PatchCore,VisA,pipe_fryum,42,degradation,low_light,moderate,none,0.6909999847412109,clean
PatchCore,VisA,pipe_fryum,42,rescue,low_light,moderate,CLAHE,0.8695999979972839,clean
PatchCore,VisA,pipe_fryum,42,rescue,low_light,moderate,Retinex,0.5676000118255615,clean
PatchCore,VisA,pipe_fryum,42,degradation,low_light,severe,none,0.790399968624115,clean
PatchCore,VisA,pipe_fryum,42,rescue,low_light,severe,CLAHE,0.8560000658035278,clean
PatchCore,VisA,pipe_fryum,42,rescue,low_light,severe,Retinex,0.5,clean
PatchCore,VisA,pipe_fryum,42,degradation,gaussian_blur,mild,none,0.9629999995231628,clean
PatchCore,VisA,pipe_fryum,42,rescue,gaussian_blur,mild,Wiener,0.9902000427246094,clean
PatchCore,VisA,pipe_fryum,42,degradation,gaussian_blur,moderate,none,0.7063999772071838,clean
PatchCore,VisA,pipe_fryum,42,rescue,gaussian_blur,moderate,Wiener,0.5,clean
PatchCore,VisA,pipe_fryum,42,degradation,gaussian_blur,severe,none,0.5,clean
PatchCore,VisA,pipe_fryum,42,rescue,gaussian_blur,severe,Wiener,0.5,clean
PatchCore,VisA,pipe_fryum,42,degradation,motion_blur,mild,none,0.937000036239624,clean
PatchCore,VisA,pipe_fryum,42,rescue,motion_blur,mild,Wiener (Motion PSF),0.6209999918937683,clean
PatchCore,VisA,pipe_fryum,42,degradation,motion_blur,moderate,none,0.5594000220298767,clean
PatchCore,VisA,pipe_fryum,42,rescue,motion_blur,moderate,Wiener (Motion PSF),0.5,clean
PatchCore,VisA,pipe_fryum,42,degradation,motion_blur,severe,none,0.5,clean
PatchCore,VisA,pipe_fryum,42,rescue,motion_blur,severe,Wiener (Motion PSF),0.5044000148773193,clean
PatchCore,VisA,pipe_fryum,42,degradation,sensor_noise,mild,none,0.9537999629974364,clean
PatchCore,VisA,pipe_fryum,42,rescue,sensor_noise,mild,NLM Denoise,0.9363999962806702,clean
PatchCore,VisA,pipe_fryum,42,degradation,sensor_noise,moderate,none,0.8289999961853027,clean
PatchCore,VisA,pipe_fryum,42,rescue,sensor_noise,moderate,NLM Denoise,0.746999979019165,clean
PatchCore,VisA,pipe_fryum,42,degradation,sensor_noise,severe,none,0.7203999757766724,clean
PatchCore,VisA,pipe_fryum,42,rescue,sensor_noise,severe,NLM Denoise,0.6674000024795532,clean
PatchCore,VisA,pipe_fryum,42,degradation,fog_haze,mild,none,0.5573999881744385,clean
PatchCore,VisA,pipe_fryum,42,rescue,fog_haze,mild,Dehaze (Dark Channel),0.5885999798774719,clean
PatchCore,VisA,pipe_fryum,42,degradation,fog_haze,moderate,none,0.5,clean
PatchCore,VisA,pipe_fryum,42,rescue,fog_haze,moderate,Dehaze (Dark Channel),0.5,clean
PatchCore,VisA,pipe_fryum,42,degradation,fog_haze,severe,none,0.5,clean
PatchCore,VisA,pipe_fryum,42,rescue,fog_haze,severe,Dehaze (Dark Channel),0.5,clean
PatchCore,VisA,cashew,42,baseline,clean,none,none,0.9610000252723694,clean
PatchCore,VisA,cashew,42,degradation,low_light,mild,none,0.9043999910354614,clean
PatchCore,VisA,cashew,42,rescue,low_light,mild,CLAHE,0.8105999231338501,clean
PatchCore,VisA,cashew,42,rescue,low_light,mild,Retinex,0.501800000667572,clean
PatchCore,VisA,cashew,42,degradation,low_light,moderate,none,0.7824000120162964,clean
PatchCore,VisA,cashew,42,rescue,low_light,moderate,CLAHE,0.7461999654769897,clean
PatchCore,VisA,cashew,42,rescue,low_light,moderate,Retinex,0.4850000143051147,clean
PatchCore,VisA,cashew,42,degradation,low_light,severe,none,0.4629999995231628,clean
PatchCore,VisA,cashew,42,rescue,low_light,severe,CLAHE,0.4858999848365783,clean
PatchCore,VisA,cashew,42,rescue,low_light,severe,Retinex,0.5,clean
PatchCore,VisA,cashew,42,degradation,gaussian_blur,mild,none,0.9204000234603882,clean
PatchCore,VisA,cashew,42,rescue,gaussian_blur,mild,Wiener,0.9061999917030334,clean
PatchCore,VisA,cashew,42,degradation,gaussian_blur,moderate,none,0.5,clean
PatchCore,VisA,cashew,42,rescue,gaussian_blur,moderate,Wiener,0.5,clean
PatchCore,VisA,cashew,42,degradation,gaussian_blur,severe,none,0.5,clean
PatchCore,VisA,cashew,42,rescue,gaussian_blur,severe,Wiener,0.5,clean
PatchCore,VisA,cashew,42,degradation,motion_blur,mild,none,0.913599967956543,clean
PatchCore,VisA,cashew,42,rescue,motion_blur,mild,Wiener (Motion PSF),0.6970000267028809,clean
PatchCore,VisA,cashew,42,degradation,motion_blur,moderate,none,0.5,clean
PatchCore,VisA,cashew,42,rescue,motion_blur,moderate,Wiener (Motion PSF),0.5,clean
PatchCore,VisA,cashew,42,degradation,motion_blur,severe,none,0.5,clean
PatchCore,VisA,cashew,42,rescue,motion_blur,severe,Wiener (Motion PSF),0.5,clean
PatchCore,VisA,cashew,42,degradation,sensor_noise,mild,none,0.7527999877929688,clean
PatchCore,VisA,cashew,42,rescue,sensor_noise,mild,NLM Denoise,0.6778000593185425,clean
PatchCore,VisA,cashew,42,degradation,sensor_noise,moderate,none,0.6119999885559082,clean
PatchCore,VisA,cashew,42,rescue,sensor_noise,moderate,NLM Denoise,0.6164000034332275,clean
PatchCore,VisA,cashew,42,degradation,sensor_noise,severe,none,0.48580002784729,clean
PatchCore,VisA,cashew,42,rescue,sensor_noise,severe,NLM Denoise,0.4159999787807464,clean
PatchCore,VisA,cashew,42,degradation,fog_haze,mild,none,0.5997999906539917,clean
PatchCore,VisA,cashew,42,rescue,fog_haze,mild,Dehaze (Dark Channel),0.5618000030517578,clean
PatchCore,VisA,cashew,42,degradation,fog_haze,moderate,none,0.5,clean
PatchCore,VisA,cashew,42,rescue,fog_haze,moderate,Dehaze (Dark Channel),0.5,clean
PatchCore,VisA,cashew,42,degradation,fog_haze,severe,none,0.5,clean
PatchCore,VisA,cashew,42,rescue,fog_haze,severe,Dehaze (Dark Channel),0.5,clean
PatchCore,VisA,macaroni1,42,baseline,clean,none,none,0.8148999810218811,clean
PatchCore,VisA,macaroni1,42,degradation,low_light,mild,none,0.6285499930381775,clean
PatchCore,VisA,macaroni1,42,rescue,low_light,mild,CLAHE,0.5,clean
PatchCore,VisA,macaroni1,42,rescue,low_light,mild,Retinex,0.5,clean
PatchCore,VisA,macaroni1,42,degradation,low_light,moderate,none,0.5,clean
PatchCore,VisA,macaroni1,42,rescue,low_light,moderate,CLAHE,0.5,clean
PatchCore,VisA,macaroni1,42,rescue,low_light,moderate,Retinex,0.5,clean
PatchCore,VisA,macaroni1,42,degradation,low_light,severe,none,0.5,clean
PatchCore,VisA,macaroni1,42,rescue,low_light,severe,CLAHE,0.5,clean
PatchCore,VisA,macaroni1,42,rescue,low_light,severe,Retinex,0.5,clean
PatchCore,VisA,macaroni1,42,degradation,gaussian_blur,mild,none,0.8586000204086304,clean
PatchCore,VisA,macaroni1,42,rescue,gaussian_blur,mild,Wiener,0.8034000396728516,clean
PatchCore,VisA,macaroni1,42,degradation,gaussian_blur,moderate,none,0.5,clean
PatchCore,VisA,macaroni1,42,rescue,gaussian_blur,moderate,Wiener,0.5,clean
PatchCore,VisA,macaroni1,42,degradation,gaussian_blur,severe,none,0.5,clean
PatchCore,VisA,macaroni1,42,rescue,gaussian_blur,severe,Wiener,0.5,clean
PatchCore,VisA,macaroni1,42,degradation,motion_blur,mild,none,0.7160999774932861,clean
PatchCore,VisA,macaroni1,42,rescue,motion_blur,mild,Wiener (Motion PSF),0.6171000003814697,clean
PatchCore,VisA,macaroni1,42,degradation,motion_blur,moderate,none,0.5,clean
PatchCore,VisA,macaroni1,42,rescue,motion_blur,moderate,Wiener (Motion PSF),0.5049999952316284,clean
PatchCore,VisA,macaroni1,42,degradation,motion_blur,severe,none,0.5,clean
PatchCore,VisA,macaroni1,42,rescue,motion_blur,severe,Wiener (Motion PSF),0.5,clean
PatchCore,VisA,macaroni1,42,degradation,sensor_noise,mild,none,0.5,clean
PatchCore,VisA,macaroni1,42,rescue,sensor_noise,mild,NLM Denoise,0.5,clean
PatchCore,VisA,macaroni1,42,degradation,sensor_noise,moderate,none,0.5,clean
PatchCore,VisA,macaroni1,42,rescue,sensor_noise,moderate,NLM Denoise,0.5,clean
PatchCore,VisA,macaroni1,42,degradation,sensor_noise,severe,none,0.5,clean
PatchCore,VisA,macaroni1,42,rescue,sensor_noise,severe,NLM Denoise,0.5,clean
PatchCore,VisA,macaroni1,42,degradation,fog_haze,mild,none,0.5,clean
PatchCore,VisA,macaroni1,42,rescue,fog_haze,mild,Dehaze (Dark Channel),0.5101000070571899,clean
PatchCore,VisA,macaroni1,42,degradation,fog_haze,moderate,none,0.5,clean
PatchCore,VisA,macaroni1,42,rescue,fog_haze,moderate,Dehaze (Dark Channel),0.5,clean
PatchCore,VisA,macaroni1,42,degradation,fog_haze,severe,none,0.5,clean
PatchCore,VisA,macaroni1,42,rescue,fog_haze,severe,Dehaze (Dark Channel),0.5,clean
PatchCore,VisA,pcb1,42,baseline,clean,none,none,0.9359999299049376,clean
PatchCore,VisA,pcb1,42,degradation,low_light,mild,none,0.9414000511169434,clean
PatchCore,VisA,pcb1,42,rescue,low_light,mild,CLAHE,0.9196000099182128,clean
PatchCore,VisA,pcb1,42,rescue,low_light,mild,Retinex,0.848099946975708,clean
PatchCore,VisA,pcb1,42,degradation,low_light,moderate,none,0.9438999891281128,clean
PatchCore,VisA,pcb1,42,rescue,low_light,moderate,CLAHE,0.934599995613098,clean
PatchCore,VisA,pcb1,42,rescue,low_light,moderate,Retinex,0.8924999833106995,clean
PatchCore,VisA,pcb1,42,degradation,low_light,severe,none,0.9054000377655028,clean
PatchCore,VisA,pcb1,42,rescue,low_light,severe,CLAHE,0.9539999961853028,clean
PatchCore,VisA,pcb1,42,rescue,low_light,severe,Retinex,0.7971999645233154,clean
PatchCore,VisA,pcb1,42,degradation,gaussian_blur,mild,none,0.5253000259399414,clean
PatchCore,VisA,pcb1,42,rescue,gaussian_blur,mild,Wiener,0.8223999738693237,clean
PatchCore,VisA,pcb1,42,degradation,gaussian_blur,moderate,none,0.5,clean
PatchCore,VisA,pcb1,42,rescue,gaussian_blur,moderate,Wiener,0.5,clean
PatchCore,VisA,pcb1,42,degradation,gaussian_blur,severe,none,0.5,clean
PatchCore,VisA,pcb1,42,rescue,gaussian_blur,severe,Wiener,0.5,clean
PatchCore,VisA,pcb1,42,degradation,motion_blur,mild,none,0.6820999979972839,clean
PatchCore,VisA,pcb1,42,rescue,motion_blur,mild,Wiener (Motion PSF),0.6111000180244446,clean
PatchCore,VisA,pcb1,42,degradation,motion_blur,moderate,none,0.5,clean
PatchCore,VisA,pcb1,42,rescue,motion_blur,moderate,Wiener (Motion PSF),0.5099999904632568,clean
PatchCore,VisA,pcb1,42,degradation,motion_blur,severe,none,0.5,clean
PatchCore,VisA,pcb1,42,rescue,motion_blur,severe,Wiener (Motion PSF),0.5,clean
PatchCore,VisA,pcb1,42,degradation,sensor_noise,mild,none,0.9041000008583068,clean
PatchCore,VisA,pcb1,42,rescue,sensor_noise,mild,NLM Denoise,0.5900000333786011,clean
PatchCore,VisA,pcb1,42,degradation,sensor_noise,moderate,none,0.8765000104904175,clean
PatchCore,VisA,pcb1,42,rescue,sensor_noise,moderate,NLM Denoise,0.5,clean
PatchCore,VisA,pcb1,42,degradation,sensor_noise,severe,none,0.7813999652862549,clean
PatchCore,VisA,pcb1,42,rescue,sensor_noise,severe,NLM Denoise,0.5,clean
PatchCore,VisA,pcb1,42,degradation,fog_haze,mild,none,0.5099999904632568,clean
PatchCore,VisA,pcb1,42,rescue,fog_haze,mild,Dehaze (Dark Channel),0.5000500082969666,clean
PatchCore,VisA,pcb1,42,degradation,fog_haze,moderate,none,0.5,clean
PatchCore,VisA,pcb1,42,rescue,fog_haze,moderate,Dehaze (Dark Channel),0.4900000095367431,clean
PatchCore,VisA,pcb1,42,degradation,fog_haze,severe,none,0.5,clean
PatchCore,VisA,pcb1,42,rescue,fog_haze,severe,Dehaze (Dark Channel),0.4950000047683716,clean
PatchCore,VisA,pcb3,42,baseline,clean,none,none,0.9336633682250975,clean
PatchCore,VisA,pcb3,42,degradation,low_light,mild,none,0.8931683301925659,clean
PatchCore,VisA,pcb3,42,rescue,low_light,mild,CLAHE,0.8386138677597046,clean
PatchCore,VisA,pcb3,42,rescue,low_light,mild,Retinex,0.8300000429153442,clean
PatchCore,VisA,pcb3,42,degradation,low_light,moderate,none,0.7321782112121582,clean
PatchCore,VisA,pcb3,42,rescue,low_light,moderate,CLAHE,0.7972277402877808,clean
PatchCore,VisA,pcb3,42,rescue,low_light,moderate,Retinex,0.6350495219230652,clean
PatchCore,VisA,pcb3,42,degradation,low_light,severe,none,0.4923267364501953,clean
PatchCore,VisA,pcb3,42,rescue,low_light,severe,CLAHE,0.6029207706451416,clean
PatchCore,VisA,pcb3,42,rescue,low_light,severe,Retinex,0.4905940592288971,clean
PatchCore,VisA,pcb3,42,degradation,gaussian_blur,mild,none,0.8729703426361084,clean
PatchCore,VisA,pcb3,42,rescue,gaussian_blur,mild,Wiener,0.937128722667694,clean
PatchCore,VisA,pcb3,42,degradation,gaussian_blur,moderate,none,0.5,clean
PatchCore,VisA,pcb3,42,rescue,gaussian_blur,moderate,Wiener,0.5,clean
PatchCore,VisA,pcb3,42,degradation,gaussian_blur,severe,none,0.5,clean
PatchCore,VisA,pcb3,42,rescue,gaussian_blur,severe,Wiener,0.5,clean
PatchCore,VisA,pcb3,42,degradation,motion_blur,mild,none,0.8427722454071045,clean
PatchCore,VisA,pcb3,42,rescue,motion_blur,mild,Wiener (Motion PSF),0.6222772598266602,clean
PatchCore,VisA,pcb3,42,degradation,motion_blur,moderate,none,0.5,clean
PatchCore,VisA,pcb3,42,rescue,motion_blur,moderate,Wiener (Motion PSF),0.4950000047683716,clean
PatchCore,VisA,pcb3,42,degradation,motion_blur,severe,none,0.5,clean
PatchCore,VisA,pcb3,42,rescue,motion_blur,severe,Wiener (Motion PSF),0.4948514997959137,clean
PatchCore,VisA,pcb3,42,degradation,sensor_noise,mild,none,0.7322772741317749,clean
PatchCore,VisA,pcb3,42,rescue,sensor_noise,mild,NLM Denoise,0.8671287298202515,clean
PatchCore,VisA,pcb3,42,degradation,sensor_noise,moderate,none,0.6857425570487976,clean
PatchCore,VisA,pcb3,42,rescue,sensor_noise,moderate,NLM Denoise,0.859009861946106,clean
PatchCore,VisA,pcb3,42,degradation,sensor_noise,severe,none,0.6269307136535645,clean
PatchCore,VisA,pcb3,42,rescue,sensor_noise,severe,NLM Denoise,0.5346039533615112,clean
PatchCore,VisA,pcb3,42,degradation,fog_haze,mild,none,0.604851484298706,clean
PatchCore,VisA,pcb3,42,rescue,fog_haze,mild,Dehaze (Dark Channel),0.5699009895324707,clean
PatchCore,VisA,pcb3,42,degradation,fog_haze,moderate,none,0.5,clean
PatchCore,VisA,pcb3,42,rescue,fog_haze,moderate,Dehaze (Dark Channel),0.5,clean
PatchCore,VisA,pcb3,42,degradation,fog_haze,severe,none,0.5,clean
PatchCore,VisA,pcb3,42,rescue,fog_haze,severe,Dehaze (Dark Channel),0.5,clean
PatchCore,VisA,pipe_fryum,123,baseline,clean,none,none,0.9944000244140624,clean
PatchCore,VisA,pipe_fryum,123,degradation,low_light,mild,none,0.8055999875068665,clean
PatchCore,VisA,pipe_fryum,123,rescue,low_light,mild,CLAHE,0.973200023174286,clean
PatchCore,VisA,pipe_fryum,123,rescue,low_light,mild,Retinex,0.6230000257492065,clean
PatchCore,VisA,pipe_fryum,123,degradation,low_light,moderate,none,0.725600004196167,clean
PatchCore,VisA,pipe_fryum,123,rescue,low_light,moderate,CLAHE,0.8519999980926514,clean
PatchCore,VisA,pipe_fryum,123,rescue,low_light,moderate,Retinex,0.5548000335693359,clean
PatchCore,VisA,pipe_fryum,123,degradation,low_light,severe,none,0.8253999948501587,clean
PatchCore,VisA,pipe_fryum,123,rescue,low_light,severe,CLAHE,0.8645999431610107,clean
PatchCore,VisA,pipe_fryum,123,rescue,low_light,severe,Retinex,0.5,clean
PatchCore,VisA,pipe_fryum,123,degradation,gaussian_blur,mild,none,0.9668000340461732,clean
PatchCore,VisA,pipe_fryum,123,rescue,gaussian_blur,mild,Wiener,0.99099999666214,clean
PatchCore,VisA,pipe_fryum,123,degradation,gaussian_blur,moderate,none,0.7085999846458435,clean
PatchCore,VisA,pipe_fryum,123,rescue,gaussian_blur,moderate,Wiener,0.5,clean
PatchCore,VisA,pipe_fryum,123,degradation,gaussian_blur,severe,none,0.5,clean
PatchCore,VisA,pipe_fryum,123,rescue,gaussian_blur,severe,Wiener,0.5,clean
PatchCore,VisA,pipe_fryum,123,degradation,motion_blur,mild,none,0.9402000308036804,clean
PatchCore,VisA,pipe_fryum,123,rescue,motion_blur,mild,Wiener (Motion PSF),0.6222000122070312,clean
PatchCore,VisA,pipe_fryum,123,degradation,motion_blur,moderate,none,0.5483999252319336,clean
PatchCore,VisA,pipe_fryum,123,rescue,motion_blur,moderate,Wiener (Motion PSF),0.5,clean
PatchCore,VisA,pipe_fryum,123,degradation,motion_blur,severe,none,0.5,clean
PatchCore,VisA,pipe_fryum,123,rescue,motion_blur,severe,Wiener (Motion PSF),0.504800021648407,clean
PatchCore,VisA,pipe_fryum,123,degradation,sensor_noise,mild,none,0.9531999826431274,clean
PatchCore,VisA,pipe_fryum,123,rescue,sensor_noise,mild,NLM Denoise,0.932799994945526,clean
PatchCore,VisA,pipe_fryum,123,degradation,sensor_noise,moderate,none,0.835800051689148,clean
PatchCore,VisA,pipe_fryum,123,rescue,sensor_noise,moderate,NLM Denoise,0.7616000175476074,clean
PatchCore,VisA,pipe_fryum,123,degradation,sensor_noise,severe,none,0.725600004196167,clean
PatchCore,VisA,pipe_fryum,123,rescue,sensor_noise,severe,NLM Denoise,0.6687999963760376,clean
PatchCore,VisA,pipe_fryum,123,degradation,fog_haze,mild,none,0.4993999898433685,clean
PatchCore,VisA,pipe_fryum,123,rescue,fog_haze,mild,Dehaze (Dark Channel),0.6402000188827515,clean
PatchCore,VisA,pipe_fryum,123,degradation,fog_haze,moderate,none,0.5,clean
PatchCore,VisA,pipe_fryum,123,rescue,fog_haze,moderate,Dehaze (Dark Channel),0.5,clean
PatchCore,VisA,pipe_fryum,123,degradation,fog_haze,severe,none,0.5,clean
PatchCore,VisA,pipe_fryum,123,rescue,fog_haze,severe,Dehaze (Dark Channel),0.5,clean
PatchCore,VisA,pipe_fryum,456,baseline,clean,none,none,0.9954000115394592,clean
PatchCore,VisA,pipe_fryum,456,degradation,low_light,mild,none,0.805400013923645,clean
PatchCore,VisA,pipe_fryum,456,rescue,low_light,mild,CLAHE,0.9708000421524048,clean
PatchCore,VisA,pipe_fryum,456,rescue,low_light,mild,Retinex,0.621999979019165,clean
PatchCore,VisA,pipe_fryum,456,degradation,low_light,moderate,none,0.7365999817848206,clean
PatchCore,VisA,pipe_fryum,456,rescue,low_light,moderate,CLAHE,0.8612000346183777,clean
PatchCore,VisA,pipe_fryum,456,rescue,low_light,moderate,Retinex,0.5681999921798706,clean
PatchCore,VisA,pipe_fryum,456,degradation,low_light,severe,none,0.8035999536514282,clean
PatchCore,VisA,pipe_fryum,456,rescue,low_light,severe,CLAHE,0.8874000310897827,clean
PatchCore,VisA,pipe_fryum,456,rescue,low_light,severe,Retinex,0.5,clean
PatchCore,VisA,pipe_fryum,456,degradation,gaussian_blur,mild,none,0.965399980545044,clean
PatchCore,VisA,pipe_fryum,456,rescue,gaussian_blur,mild,Wiener,0.9904000759124756,clean
PatchCore,VisA,pipe_fryum,456,degradation,gaussian_blur,moderate,none,0.6613000631332397,clean
PatchCore,VisA,pipe_fryum,456,rescue,gaussian_blur,moderate,Wiener,0.5,clean
PatchCore,VisA,pipe_fryum,456,degradation,gaussian_blur,severe,none,0.5,clean
PatchCore,VisA,pipe_fryum,456,rescue,gaussian_blur,severe,Wiener,0.5,clean
PatchCore,VisA,pipe_fryum,456,degradation,motion_blur,mild,none,0.9423999786376952,clean
PatchCore,VisA,pipe_fryum,456,rescue,motion_blur,mild,Wiener (Motion PSF),0.6259999871253967,clean
PatchCore,VisA,pipe_fryum,456,degradation,motion_blur,moderate,none,0.5679999589920044,clean
PatchCore,VisA,pipe_fryum,456,rescue,motion_blur,moderate,Wiener (Motion PSF),0.5,clean
PatchCore,VisA,pipe_fryum,456,degradation,motion_blur,severe,none,0.5,clean
PatchCore,VisA,pipe_fryum,456,rescue,motion_blur,severe,Wiener (Motion PSF),0.5002000331878662,clean
PatchCore,VisA,pipe_fryum,456,degradation,sensor_noise,mild,none,0.9506000280380248,clean
PatchCore,VisA,pipe_fryum,456,rescue,sensor_noise,mild,NLM Denoise,0.9344000220298768,clean
PatchCore,VisA,pipe_fryum,456,degradation,sensor_noise,moderate,none,0.8343999981880188,clean
PatchCore,VisA,pipe_fryum,456,rescue,sensor_noise,moderate,NLM Denoise,0.7689999341964722,clean
PatchCore,VisA,pipe_fryum,456,degradation,sensor_noise,severe,none,0.7158000469207764,clean
PatchCore,VisA,pipe_fryum,456,rescue,sensor_noise,severe,NLM Denoise,0.6578999757766724,clean
PatchCore,VisA,pipe_fryum,456,degradation,fog_haze,mild,none,0.5618000030517578,clean
PatchCore,VisA,pipe_fryum,456,rescue,fog_haze,mild,Dehaze (Dark Channel),0.5594000220298767,clean
PatchCore,VisA,pipe_fryum,456,degradation,fog_haze,moderate,none,0.5,clean
PatchCore,VisA,pipe_fryum,456,rescue,fog_haze,moderate,Dehaze (Dark Channel),0.5,clean
PatchCore,VisA,pipe_fryum,456,degradation,fog_haze,severe,none,0.5,clean
PatchCore,VisA,pipe_fryum,456,rescue,fog_haze,severe,Dehaze (Dark Channel),0.5,clean
PaDiM,VisA,candle,42,baseline,clean,none,none,0.8994999527931213,clean
PaDiM,VisA,candle,42,degradation,low_light,mild,none,0.6525999903678894,clean
PaDiM,VisA,candle,42,rescue,low_light,mild,CLAHE,0.4950000047683716,clean
PaDiM,VisA,candle,42,rescue,low_light,mild,Retinex,0.4961999654769897,clean
PaDiM,VisA,candle,42,degradation,low_light,moderate,none,0.5049999952316284,clean
PaDiM,VisA,candle,42,rescue,low_light,moderate,CLAHE,0.5051000118255615,clean
PaDiM,VisA,candle,42,rescue,low_light,moderate,Retinex,0.4749999940395355,clean
PaDiM,VisA,candle,42,degradation,low_light,severe,none,0.5,clean
PaDiM,VisA,candle,42,rescue,low_light,severe,CLAHE,0.5,clean
PaDiM,VisA,candle,42,rescue,low_light,severe,Retinex,0.5,clean
PaDiM,VisA,candle,42,degradation,gaussian_blur,mild,none,0.853600025177002,clean
PaDiM,VisA,candle,42,rescue,gaussian_blur,mild,Wiener,0.7670999765396118,clean
PaDiM,VisA,candle,42,degradation,gaussian_blur,moderate,none,0.7659000158309937,clean
PaDiM,VisA,candle,42,rescue,gaussian_blur,moderate,Wiener,0.5,clean
PaDiM,VisA,candle,42,degradation,gaussian_blur,severe,none,0.5,clean
PaDiM,VisA,candle,42,rescue,gaussian_blur,severe,Wiener,0.5,clean
PaDiM,VisA,candle,42,degradation,motion_blur,mild,none,0.7847999930381775,clean
PaDiM,VisA,candle,42,rescue,motion_blur,mild,Wiener (Motion PSF),0.5,clean
PaDiM,VisA,candle,42,degradation,motion_blur,moderate,none,0.5199999809265137,clean
PaDiM,VisA,candle,42,rescue,motion_blur,moderate,Wiener (Motion PSF),0.5,clean
PaDiM,VisA,candle,42,degradation,motion_blur,severe,none,0.5,clean
PaDiM,VisA,candle,42,rescue,motion_blur,severe,Wiener (Motion PSF),0.5,clean
PaDiM,VisA,candle,42,degradation,sensor_noise,mild,none,0.5896000266075134,clean
PaDiM,VisA,candle,42,rescue,sensor_noise,mild,NLM Denoise,0.559749960899353,clean
PaDiM,VisA,candle,42,degradation,sensor_noise,moderate,none,0.5,clean
PaDiM,VisA,candle,42,rescue,sensor_noise,moderate,NLM Denoise,0.5287999510765076,clean
PaDiM,VisA,candle,42,degradation,sensor_noise,severe,none,0.5,clean
PaDiM,VisA,candle,42,rescue,sensor_noise,severe,NLM Denoise,0.530750036239624,clean
PaDiM,VisA,candle,42,degradation,fog_haze,mild,none,0.5557000041007996,clean
PaDiM,VisA,candle,42,rescue,fog_haze,mild,Dehaze (Dark Channel),0.5049999952316284,clean
PaDiM,VisA,candle,42,degradation,fog_haze,moderate,none,0.5,clean
PaDiM,VisA,candle,42,rescue,fog_haze,moderate,Dehaze (Dark Channel),0.5,clean
PaDiM,VisA,candle,42,degradation,fog_haze,severe,none,0.5,clean
PaDiM,VisA,candle,42,rescue,fog_haze,severe,Dehaze (Dark Channel),0.5,clean
PaDiM,VisA,candle,123,baseline,clean,none,none,0.8693999648094177,clean
PaDiM,VisA,candle,123,degradation,low_light,mild,none,0.8540999889373779,clean
PaDiM,VisA,candle,123,rescue,low_light,mild,CLAHE,0.8193999528884888,clean
PaDiM,VisA,candle,123,rescue,low_light,mild,Retinex,0.5683000087738037,clean
PaDiM,VisA,candle,123,degradation,low_light,moderate,none,0.5152000188827515,clean
PaDiM,VisA,candle,123,rescue,low_light,moderate,CLAHE,0.4717000126838684,clean
PaDiM,VisA,candle,123,rescue,low_light,moderate,Retinex,0.5741000175476074,clean
PaDiM,VisA,candle,123,degradation,low_light,severe,none,0.5049999952316284,clean
PaDiM,VisA,candle,123,rescue,low_light,severe,CLAHE,0.5099999904632568,clean
PaDiM,VisA,candle,123,rescue,low_light,severe,Retinex,0.4950000047683716,clean
PaDiM,VisA,candle,123,degradation,gaussian_blur,mild,none,0.8069000244140625,clean
PaDiM,VisA,candle,123,rescue,gaussian_blur,mild,Wiener,0.7217999696731567,clean
PaDiM,VisA,candle,123,degradation,gaussian_blur,moderate,none,0.5409500002861023,clean
PaDiM,VisA,candle,123,rescue,gaussian_blur,moderate,Wiener,0.5,clean
PaDiM,VisA,candle,123,degradation,gaussian_blur,severe,none,0.5227999687194824,clean
PaDiM,VisA,candle,123,rescue,gaussian_blur,severe,Wiener,0.5,clean
PaDiM,VisA,candle,123,degradation,motion_blur,mild,none,0.7615000009536743,clean
PaDiM,VisA,candle,123,rescue,motion_blur,mild,Wiener (Motion PSF),0.6103999614715576,clean
PaDiM,VisA,candle,123,degradation,motion_blur,moderate,none,0.5485000014305115,clean
PaDiM,VisA,candle,123,rescue,motion_blur,moderate,Wiener (Motion PSF),0.5,clean
PaDiM,VisA,candle,123,degradation,motion_blur,severe,none,0.5989999771118164,clean
PaDiM,VisA,candle,123,rescue,motion_blur,severe,Wiener (Motion PSF),0.4950000047683716,clean
PaDiM,VisA,candle,123,degradation,sensor_noise,mild,none,0.6362000107765198,clean
PaDiM,VisA,candle,123,rescue,sensor_noise,mild,NLM Denoise,0.6176999807357788,clean
PaDiM,VisA,candle,123,degradation,sensor_noise,moderate,none,0.5741000175476074,clean
PaDiM,VisA,candle,123,rescue,sensor_noise,moderate,NLM Denoise,0.6624000072479248,clean
PaDiM,VisA,candle,123,degradation,sensor_noise,severe,none,0.4850000143051147,clean
PaDiM,VisA,candle,123,rescue,sensor_noise,severe,NLM Denoise,0.5886000394821167,clean
PaDiM,VisA,candle,123,degradation,fog_haze,mild,none,0.4998500049114227,clean
PaDiM,VisA,candle,123,rescue,fog_haze,mild,Dehaze (Dark Channel),0.5,clean
PaDiM,VisA,candle,123,degradation,fog_haze,moderate,none,0.5,clean
PaDiM,VisA,candle,123,rescue,fog_haze,moderate,Dehaze (Dark Channel),0.5,clean
PaDiM,VisA,candle,123,degradation,fog_haze,severe,none,0.5,clean
PaDiM,VisA,candle,123,rescue,fog_haze,severe,Dehaze (Dark Channel),0.5,clean
PaDiM,VisA,candle,456,baseline,clean,none,none,0.9079000353813172,clean
PaDiM,VisA,candle,456,degradation,low_light,mild,none,0.7573999762535095,clean
PaDiM,VisA,candle,456,rescue,low_light,mild,CLAHE,0.3562000095844269,clean
PaDiM,VisA,candle,456,rescue,low_light,mild,Retinex,0.5552000403404236,clean
PaDiM,VisA,candle,456,degradation,low_light,moderate,none,0.6298999786376953,clean
PaDiM,VisA,candle,456,rescue,low_light,moderate,CLAHE,0.5652999877929688,clean
PaDiM,VisA,candle,456,rescue,low_light,moderate,Retinex,0.5343999862670898,clean
PaDiM,VisA,candle,456,degradation,low_light,severe,none,0.5,clean
PaDiM,VisA,candle,456,rescue,low_light,severe,CLAHE,0.7427999973297119,clean
PaDiM,VisA,candle,456,rescue,low_light,severe,Retinex,0.4805000126361847,clean
PaDiM,VisA,candle,456,degradation,gaussian_blur,mild,none,0.5396999716758728,clean
PaDiM,VisA,candle,456,rescue,gaussian_blur,mild,Wiener,0.4950000047683716,clean
PaDiM,VisA,candle,456,degradation,gaussian_blur,moderate,none,0.5,clean
PaDiM,VisA,candle,456,rescue,gaussian_blur,moderate,Wiener,0.5,clean
PaDiM,VisA,candle,456,degradation,gaussian_blur,severe,none,0.5,clean
PaDiM,VisA,candle,456,rescue,gaussian_blur,severe,Wiener,0.5,clean
PaDiM,VisA,candle,456,degradation,motion_blur,mild,none,0.5297499895095825,clean
PaDiM,VisA,candle,456,rescue,motion_blur,mild,Wiener (Motion PSF),0.5049999952316284,clean
PaDiM,VisA,candle,456,degradation,motion_blur,moderate,none,0.5,clean
PaDiM,VisA,candle,456,rescue,motion_blur,moderate,Wiener (Motion PSF),0.5,clean
PaDiM,VisA,candle,456,degradation,motion_blur,severe,none,0.5,clean
PaDiM,VisA,candle,456,rescue,motion_blur,severe,Wiener (Motion PSF),0.5,clean
PaDiM,VisA,candle,456,degradation,sensor_noise,mild,none,0.5751000046730042,clean
PaDiM,VisA,candle,456,rescue,sensor_noise,mild,NLM Denoise,0.4493499994277954,clean
PaDiM,VisA,candle,456,degradation,sensor_noise,moderate,none,0.5,clean
PaDiM,VisA,candle,456,rescue,sensor_noise,moderate,NLM Denoise,0.5371000170707703,clean
PaDiM,VisA,candle,456,degradation,sensor_noise,severe,none,0.5,clean
PaDiM,VisA,candle,456,rescue,sensor_noise,severe,NLM Denoise,0.5384999513626099,clean
PaDiM,VisA,candle,456,degradation,fog_haze,mild,none,0.5,clean
PaDiM,VisA,candle,456,rescue,fog_haze,mild,Dehaze (Dark Channel),0.5,clean
PaDiM,VisA,candle,456,degradation,fog_haze,moderate,none,0.5,clean
PaDiM,VisA,candle,456,rescue,fog_haze,moderate,Dehaze (Dark Channel),0.5,clean
PaDiM,VisA,candle,456,degradation,fog_haze,severe,none,0.5,clean
PaDiM,VisA,candle,456,rescue,fog_haze,severe,Dehaze (Dark Channel),0.5,clean
PaDiM,VisA,capsules,42,baseline,clean,none,none,0.5734999775886536,clean
PaDiM,VisA,capsules,42,degradation,low_light,mild,none,0.5362499952316284,clean
PaDiM,VisA,capsules,42,rescue,low_light,mild,CLAHE,0.5135833024978638,clean
PaDiM,VisA,capsules,42,rescue,low_light,mild,Retinex,0.4204999804496765,clean
PaDiM,VisA,capsules,42,degradation,low_light,moderate,none,0.5534999370574951,clean
PaDiM,VisA,capsules,42,rescue,low_light,moderate,CLAHE,0.4954999685287475,clean
PaDiM,VisA,capsules,42,rescue,low_light,moderate,Retinex,0.4368333518505096,clean
PaDiM,VisA,capsules,42,degradation,low_light,severe,none,0.5348333120346069,clean
PaDiM,VisA,capsules,42,rescue,low_light,severe,CLAHE,0.5184999704360962,clean
PaDiM,VisA,capsules,42,rescue,low_light,severe,Retinex,0.6011666655540466,clean
PaDiM,VisA,capsules,42,degradation,gaussian_blur,mild,none,0.6015000343322754,clean
PaDiM,VisA,capsules,42,rescue,gaussian_blur,mild,Wiener,0.5,clean
PaDiM,VisA,capsules,42,degradation,gaussian_blur,moderate,none,0.5491666793823242,clean
PaDiM,VisA,capsules,42,rescue,gaussian_blur,moderate,Wiener,0.5,clean
PaDiM,VisA,capsules,42,degradation,gaussian_blur,severe,none,0.5280000567436218,clean
PaDiM,VisA,capsules,42,rescue,gaussian_blur,severe,Wiener,0.5,clean
PaDiM,VisA,capsules,42,degradation,motion_blur,mild,none,0.5578333139419556,clean
PaDiM,VisA,capsules,42,rescue,motion_blur,mild,Wiener (Motion PSF),0.5,clean
PaDiM,VisA,capsules,42,degradation,motion_blur,moderate,none,0.4776667058467865,clean
PaDiM,VisA,capsules,42,rescue,motion_blur,moderate,Wiener (Motion PSF),0.5,clean
PaDiM,VisA,capsules,42,degradation,motion_blur,severe,none,0.5083333849906921,clean
PaDiM,VisA,capsules,42,rescue,motion_blur,severe,Wiener (Motion PSF),0.5,clean
PaDiM,VisA,capsules,42,degradation,sensor_noise,mild,none,0.4950000047683716,clean
PaDiM,VisA,capsules,42,rescue,sensor_noise,mild,NLM Denoise,0.5826666951179504,clean
PaDiM,VisA,capsules,42,degradation,sensor_noise,moderate,none,0.5,clean
PaDiM,VisA,capsules,42,rescue,sensor_noise,moderate,NLM Denoise,0.628333330154419,clean
PaDiM,VisA,capsules,42,degradation,sensor_noise,severe,none,0.5,clean
PaDiM,VisA,capsules,42,rescue,sensor_noise,severe,NLM Denoise,0.5799999833106995,clean
PaDiM,VisA,capsules,42,degradation,fog_haze,mild,none,0.5253333449363708,clean
PaDiM,VisA,capsules,42,rescue,fog_haze,mild,Dehaze (Dark Channel),0.496666669845581,clean
PaDiM,VisA,capsules,42,degradation,fog_haze,moderate,none,0.5546666383743286,clean
PaDiM,VisA,capsules,42,rescue,fog_haze,moderate,Dehaze (Dark Channel),0.4846666753292084,clean
PaDiM,VisA,capsules,42,degradation,fog_haze,severe,none,0.5096666812896729,clean
PaDiM,VisA,capsules,42,rescue,fog_haze,severe,Dehaze (Dark Channel),0.546833336353302,clean
PaDiM,VisA,capsules,123,baseline,clean,none,none,0.6966665983200073,clean
PaDiM,VisA,capsules,123,degradation,low_light,mild,none,0.5668333768844604,clean
PaDiM,VisA,capsules,123,rescue,low_light,mild,CLAHE,0.4825833439826965,clean
PaDiM,VisA,capsules,123,rescue,low_light,mild,Retinex,0.6169999837875366,clean
PaDiM,VisA,capsules,123,degradation,low_light,moderate,none,0.5755000114440918,clean
PaDiM,VisA,capsules,123,rescue,low_light,moderate,CLAHE,0.465499997138977,clean
PaDiM,VisA,capsules,123,rescue,low_light,moderate,Retinex,0.5421666502952576,clean
PaDiM,VisA,capsules,123,degradation,low_light,severe,none,0.6006667017936707,clean
PaDiM,VisA,capsules,123,rescue,low_light,severe,CLAHE,0.6037499904632568,clean
PaDiM,VisA,capsules,123,rescue,low_light,severe,Retinex,0.6525000333786011,clean
PaDiM,VisA,capsules,123,degradation,gaussian_blur,mild,none,0.6107499599456787,clean
PaDiM,VisA,capsules,123,rescue,gaussian_blur,mild,Wiener,0.6535000205039978,clean
PaDiM,VisA,capsules,123,degradation,gaussian_blur,moderate,none,0.5,clean
PaDiM,VisA,capsules,123,rescue,gaussian_blur,moderate,Wiener,0.5,clean
PaDiM,VisA,capsules,123,degradation,gaussian_blur,severe,none,0.4900000095367431,clean
PaDiM,VisA,capsules,123,rescue,gaussian_blur,severe,Wiener,0.5,clean
PaDiM,VisA,capsules,123,degradation,motion_blur,mild,none,0.5951666831970215,clean
PaDiM,VisA,capsules,123,rescue,motion_blur,mild,Wiener (Motion PSF),0.596500039100647,clean
PaDiM,VisA,capsules,123,degradation,motion_blur,moderate,none,0.5662500262260437,clean
PaDiM,VisA,capsules,123,rescue,motion_blur,moderate,Wiener (Motion PSF),0.5533332824707031,clean
PaDiM,VisA,capsules,123,degradation,motion_blur,severe,none,0.5666666030883789,clean
PaDiM,VisA,capsules,123,rescue,motion_blur,severe,Wiener (Motion PSF),0.5,clean
PaDiM,VisA,capsules,123,degradation,sensor_noise,mild,none,0.4068333208560943,clean
PaDiM,VisA,capsules,123,rescue,sensor_noise,mild,NLM Denoise,0.5075000524520874,clean
PaDiM,VisA,capsules,123,degradation,sensor_noise,moderate,none,0.5016667246818542,clean
PaDiM,VisA,capsules,123,rescue,sensor_noise,moderate,NLM Denoise,0.5,clean
PaDiM,VisA,capsules,123,degradation,sensor_noise,severe,none,0.5262500047683716,clean
PaDiM,VisA,capsules,123,rescue,sensor_noise,severe,NLM Denoise,0.5,clean
PaDiM,VisA,capsules,123,degradation,fog_haze,mild,none,0.6155833005905151,clean
PaDiM,VisA,capsules,123,rescue,fog_haze,mild,Dehaze (Dark Channel),0.503083348274231,clean
PaDiM,VisA,capsules,123,degradation,fog_haze,moderate,none,0.5651666522026062,clean
PaDiM,VisA,capsules,123,rescue,fog_haze,moderate,Dehaze (Dark Channel),0.5223333239555359,clean
PaDiM,VisA,capsules,123,degradation,fog_haze,severe,none,0.503333330154419,clean
PaDiM,VisA,capsules,123,rescue,fog_haze,severe,Dehaze (Dark Channel),0.5140000581741333,clean
PaDiM,VisA,capsules,456,baseline,clean,none,none,0.5537499785423279,clean
PaDiM,VisA,capsules,456,degradation,low_light,mild,none,0.5018333196640015,clean
PaDiM,VisA,capsules,456,rescue,low_light,mild,CLAHE,0.5105000138282776,clean
PaDiM,VisA,capsules,456,rescue,low_light,mild,Retinex,0.5496666431427002,clean
PaDiM,VisA,capsules,456,degradation,low_light,moderate,none,0.5236666798591614,clean
PaDiM,VisA,capsules,456,rescue,low_light,moderate,CLAHE,0.5050833225250244,clean
PaDiM,VisA,capsules,456,rescue,low_light,moderate,Retinex,0.5021666288375854,clean
PaDiM,VisA,capsules,456,degradation,low_light,severe,none,0.6421666145324707,clean
PaDiM,VisA,capsules,456,rescue,low_light,severe,CLAHE,0.5065833330154419,clean
PaDiM,VisA,capsules,456,rescue,low_light,severe,Retinex,0.4943333268165588,clean
PaDiM,VisA,capsules,456,degradation,gaussian_blur,mild,none,0.496666669845581,clean
PaDiM,VisA,capsules,456,rescue,gaussian_blur,mild,Wiener,0.5,clean
PaDiM,VisA,capsules,456,degradation,gaussian_blur,moderate,none,0.5,clean
PaDiM,VisA,capsules,456,rescue,gaussian_blur,moderate,Wiener,0.5,clean
PaDiM,VisA,capsules,456,degradation,gaussian_blur,severe,none,0.5,clean
PaDiM,VisA,capsules,456,rescue,gaussian_blur,severe,Wiener,0.5,clean
PaDiM,VisA,capsules,456,degradation,motion_blur,mild,none,0.4950000047683716,clean
PaDiM,VisA,capsules,456,rescue,motion_blur,mild,Wiener (Motion PSF),0.5401666760444641,clean
PaDiM,VisA,capsules,456,degradation,motion_blur,moderate,none,0.5,clean
PaDiM,VisA,capsules,456,rescue,motion_blur,moderate,Wiener (Motion PSF),0.5,clean
PaDiM,VisA,capsules,456,degradation,motion_blur,severe,none,0.5,clean
PaDiM,VisA,capsules,456,rescue,motion_blur,severe,Wiener (Motion PSF),0.5,clean
PaDiM,VisA,capsules,456,degradation,sensor_noise,mild,none,0.4214999973773956,clean
PaDiM,VisA,capsules,456,rescue,sensor_noise,mild,NLM Denoise,0.5214999914169312,clean
PaDiM,VisA,capsules,456,degradation,sensor_noise,moderate,none,0.5,clean
PaDiM,VisA,capsules,456,rescue,sensor_noise,moderate,NLM Denoise,0.4960833191871643,clean
PaDiM,VisA,capsules,456,degradation,sensor_noise,severe,none,0.5,clean
PaDiM,VisA,capsules,456,rescue,sensor_noise,severe,NLM Denoise,0.4534166753292084,clean
PaDiM,VisA,capsules,456,degradation,fog_haze,mild,none,0.546999990940094,clean
PaDiM,VisA,capsules,456,rescue,fog_haze,mild,Dehaze (Dark Channel),0.5019166469573975,clean
PaDiM,VisA,capsules,456,degradation,fog_haze,moderate,none,0.5,clean
PaDiM,VisA,capsules,456,rescue,fog_haze,moderate,Dehaze (Dark Channel),0.5036666989326477,clean
PaDiM,VisA,capsules,456,degradation,fog_haze,severe,none,0.5,clean
PaDiM,VisA,capsules,456,rescue,fog_haze,severe,Dehaze (Dark Channel),0.5,clean
PaDiM,VisA,cashew,42,baseline,clean,none,none,0.8023999929428101,clean
PaDiM,VisA,cashew,42,degradation,low_light,mild,none,0.7513999938964844,clean
PaDiM,VisA,cashew,42,rescue,low_light,mild,CLAHE,0.6958000063896179,clean
PaDiM,VisA,cashew,42,rescue,low_light,mild,Retinex,0.5067999958992004,clean
PaDiM,VisA,cashew,42,degradation,low_light,moderate,none,0.6734000444412231,clean
PaDiM,VisA,cashew,42,rescue,low_light,moderate,CLAHE,0.6216000318527222,clean
PaDiM,VisA,cashew,42,rescue,low_light,moderate,Retinex,0.3959999680519104,clean
PaDiM,VisA,cashew,42,degradation,low_light,severe,none,0.8221999406814575,clean
PaDiM,VisA,cashew,42,rescue,low_light,severe,CLAHE,0.7646999955177307,clean
PaDiM,VisA,cashew,42,rescue,low_light,severe,Retinex,0.4950000047683716,clean
PaDiM,VisA,cashew,42,degradation,gaussian_blur,mild,none,0.8078000545501709,clean
PaDiM,VisA,cashew,42,rescue,gaussian_blur,mild,Wiener,0.7452000379562378,clean
PaDiM,VisA,cashew,42,degradation,gaussian_blur,moderate,none,0.7425999641418457,clean
PaDiM,VisA,cashew,42,rescue,gaussian_blur,moderate,Wiener,0.600600004196167,clean
PaDiM,VisA,cashew,42,degradation,gaussian_blur,severe,none,0.5,clean
PaDiM,VisA,cashew,42,rescue,gaussian_blur,severe,Wiener,0.5212000012397766,clean
PaDiM,VisA,cashew,42,degradation,motion_blur,mild,none,0.7417999505996704,clean
PaDiM,VisA,cashew,42,rescue,motion_blur,mild,Wiener (Motion PSF),0.7215999960899353,clean
PaDiM,VisA,cashew,42,degradation,motion_blur,moderate,none,0.4803999960422516,clean
PaDiM,VisA,cashew,42,rescue,motion_blur,moderate,Wiener (Motion PSF),0.5503999590873718,clean
PaDiM,VisA,cashew,42,degradation,motion_blur,severe,none,0.5,clean
PaDiM,VisA,cashew,42,rescue,motion_blur,severe,Wiener (Motion PSF),0.5577999949455261,clean
PaDiM,VisA,cashew,42,degradation,sensor_noise,mild,none,0.4100000262260437,clean
PaDiM,VisA,cashew,42,rescue,sensor_noise,mild,NLM Denoise,0.603600025177002,clean
PaDiM,VisA,cashew,42,degradation,sensor_noise,moderate,none,0.4737999737262726,clean
PaDiM,VisA,cashew,42,rescue,sensor_noise,moderate,NLM Denoise,0.5579999685287476,clean
PaDiM,VisA,cashew,42,degradation,sensor_noise,severe,none,0.5,clean
PaDiM,VisA,cashew,42,rescue,sensor_noise,severe,NLM Denoise,0.6065999865531921,clean
PaDiM,VisA,cashew,42,degradation,fog_haze,mild,none,0.5720000267028809,clean
PaDiM,VisA,cashew,42,rescue,fog_haze,mild,Dehaze (Dark Channel),0.48989999294281,clean
PaDiM,VisA,cashew,42,degradation,fog_haze,moderate,none,0.515500009059906,clean
PaDiM,VisA,cashew,42,rescue,fog_haze,moderate,Dehaze (Dark Channel),0.4704000055789947,clean
PaDiM,VisA,cashew,42,degradation,fog_haze,severe,none,0.4934999942779541,clean
PaDiM,VisA,cashew,42,rescue,fog_haze,severe,Dehaze (Dark Channel),0.4950000047683716,clean
PaDiM,VisA,cashew,123,baseline,clean,none,none,0.7305999994277954,clean
PaDiM,VisA,cashew,123,degradation,low_light,mild,none,0.6067999601364136,clean
PaDiM,VisA,cashew,123,rescue,low_light,mild,CLAHE,0.6281999945640564,clean
PaDiM,VisA,cashew,123,rescue,low_light,mild,Retinex,0.5834000110626221,clean
PaDiM,VisA,cashew,123,degradation,low_light,moderate,none,0.5722000002861023,clean
PaDiM,VisA,cashew,123,rescue,low_light,moderate,CLAHE,0.6158000230789185,clean
PaDiM,VisA,cashew,123,rescue,low_light,moderate,Retinex,0.4523999989032745,clean
PaDiM,VisA,cashew,123,degradation,low_light,severe,none,0.3741999864578247,clean
PaDiM,VisA,cashew,123,rescue,low_light,severe,CLAHE,0.6068000793457031,clean
PaDiM,VisA,cashew,123,rescue,low_light,severe,Retinex,0.4494000077247619,clean
PaDiM,VisA,cashew,123,degradation,gaussian_blur,mild,none,0.6066000461578369,clean
PaDiM,VisA,cashew,123,rescue,gaussian_blur,mild,Wiener,0.6410000324249268,clean
PaDiM,VisA,cashew,123,degradation,gaussian_blur,moderate,none,0.5479999780654907,clean
PaDiM,VisA,cashew,123,rescue,gaussian_blur,moderate,Wiener,0.5174000263214111,clean
PaDiM,VisA,cashew,123,degradation,gaussian_blur,severe,none,0.6330000162124634,clean
PaDiM,VisA,cashew,123,rescue,gaussian_blur,severe,Wiener,0.6739000082015991,clean
PaDiM,VisA,cashew,123,degradation,motion_blur,mild,none,0.656000018119812,clean
PaDiM,VisA,cashew,123,rescue,motion_blur,mild,Wiener (Motion PSF),0.6263999938964844,clean
PaDiM,VisA,cashew,123,degradation,motion_blur,moderate,none,0.6720000505447388,clean
PaDiM,VisA,cashew,123,rescue,motion_blur,moderate,Wiener (Motion PSF),0.6158000230789185,clean
PaDiM,VisA,cashew,123,degradation,motion_blur,severe,none,0.4580999612808227,clean
PaDiM,VisA,cashew,123,rescue,motion_blur,severe,Wiener (Motion PSF),0.6258000135421753,clean
PaDiM,VisA,cashew,123,degradation,sensor_noise,mild,none,0.4945999979972839,clean
PaDiM,VisA,cashew,123,rescue,sensor_noise,mild,NLM Denoise,0.4912000000476837,clean
PaDiM,VisA,cashew,123,degradation,sensor_noise,moderate,none,0.5186000466346741,clean
PaDiM,VisA,cashew,123,rescue,sensor_noise,moderate,NLM Denoise,0.5181999802589417,clean
PaDiM,VisA,cashew,123,degradation,sensor_noise,severe,none,0.4088000059127807,clean
PaDiM,VisA,cashew,123,rescue,sensor_noise,severe,NLM Denoise,0.524399995803833,clean
PaDiM,VisA,cashew,123,degradation,fog_haze,mild,none,0.426499992609024,clean
PaDiM,VisA,cashew,123,rescue,fog_haze,mild,Dehaze (Dark Channel),0.465099960565567,clean
PaDiM,VisA,cashew,123,degradation,fog_haze,moderate,none,0.5171999931335449,clean
PaDiM,VisA,cashew,123,rescue,fog_haze,moderate,Dehaze (Dark Channel),0.4771999716758728,clean
PaDiM,VisA,cashew,123,degradation,fog_haze,severe,none,0.4639999866485595,clean
PaDiM,VisA,cashew,123,rescue,fog_haze,severe,Dehaze (Dark Channel),0.4088000357151031,clean
PaDiM,VisA,cashew,456,baseline,clean,none,none,0.8023999929428101,clean
PaDiM,VisA,cashew,456,degradation,low_light,mild,none,0.6974000334739685,clean
PaDiM,VisA,cashew,456,rescue,low_light,mild,CLAHE,0.6779999732971191,clean
PaDiM,VisA,cashew,456,rescue,low_light,mild,Retinex,0.3708000183105469,clean
PaDiM,VisA,cashew,456,degradation,low_light,moderate,none,0.3144000172615051,clean
PaDiM,VisA,cashew,456,rescue,low_light,moderate,CLAHE,0.6222000122070312,clean
PaDiM,VisA,cashew,456,rescue,low_light,moderate,Retinex,0.4650000035762787,clean
PaDiM,VisA,cashew,456,degradation,low_light,severe,none,0.1376000046730041,clean
PaDiM,VisA,cashew,456,rescue,low_light,severe,CLAHE,0.1941999793052673,clean
PaDiM,VisA,cashew,456,rescue,low_light,severe,Retinex,0.5249000191688538,clean
PaDiM,VisA,cashew,456,degradation,gaussian_blur,mild,none,0.6507999897003174,clean
PaDiM,VisA,cashew,456,rescue,gaussian_blur,mild,Wiener,0.7145999670028687,clean
PaDiM,VisA,cashew,456,degradation,gaussian_blur,moderate,none,0.5,clean
PaDiM,VisA,cashew,456,rescue,gaussian_blur,moderate,Wiener,0.4891999959945678,clean
PaDiM,VisA,cashew,456,degradation,gaussian_blur,severe,none,0.5,clean
PaDiM,VisA,cashew,456,rescue,gaussian_blur,severe,Wiener,0.5,clean
PaDiM,VisA,cashew,456,degradation,motion_blur,mild,none,0.6208000183105469,clean
PaDiM,VisA,cashew,456,rescue,motion_blur,mild,Wiener (Motion PSF),0.6276000142097473,clean
PaDiM,VisA,cashew,456,degradation,motion_blur,moderate,none,0.4997999966144562,clean
PaDiM,VisA,cashew,456,rescue,motion_blur,moderate,Wiener (Motion PSF),0.5756000280380249,clean
PaDiM,VisA,cashew,456,degradation,motion_blur,severe,none,0.4264000058174133,clean
PaDiM,VisA,cashew,456,rescue,motion_blur,severe,Wiener (Motion PSF),0.5688999891281128,clean
PaDiM,VisA,cashew,456,degradation,sensor_noise,mild,none,0.5313999652862549,clean
PaDiM,VisA,cashew,456,rescue,sensor_noise,mild,NLM Denoise,0.5424000024795532,clean
PaDiM,VisA,cashew,456,degradation,sensor_noise,moderate,none,0.4239999949932098,clean
PaDiM,VisA,cashew,456,rescue,sensor_noise,moderate,NLM Denoise,0.6277999877929688,clean
PaDiM,VisA,cashew,456,degradation,sensor_noise,severe,none,0.3285000026226043,clean
PaDiM,VisA,cashew,456,rescue,sensor_noise,severe,NLM Denoise,0.6101999878883362,clean
PaDiM,VisA,cashew,456,degradation,fog_haze,mild,none,0.4900000095367431,clean
PaDiM,VisA,cashew,456,rescue,fog_haze,mild,Dehaze (Dark Channel),0.4382999539375305,clean
PaDiM,VisA,cashew,456,degradation,fog_haze,moderate,none,0.5,clean
PaDiM,VisA,cashew,456,rescue,fog_haze,moderate,Dehaze (Dark Channel),0.5199999809265137,clean
PaDiM,VisA,cashew,456,degradation,fog_haze,severe,none,0.5,clean
PaDiM,VisA,cashew,456,rescue,fog_haze,severe,Dehaze (Dark Channel),0.5,clean
PaDiM,VisA,chewinggum,42,baseline,clean,none,none,0.9748000502586364,clean
PaDiM,VisA,chewinggum,42,degradation,low_light,mild,none,0.9254000186920166,clean
PaDiM,VisA,chewinggum,42,rescue,low_light,mild,CLAHE,0.8898000121116638,clean
PaDiM,VisA,chewinggum,42,rescue,low_light,mild,Retinex,0.7871999740600586,clean
PaDiM,VisA,chewinggum,42,degradation,low_light,moderate,none,0.6832999587059021,clean
PaDiM,VisA,chewinggum,42,rescue,low_light,moderate,CLAHE,0.8746000528335571,clean
PaDiM,VisA,chewinggum,42,rescue,low_light,moderate,Retinex,0.6241999864578247,clean
PaDiM,VisA,chewinggum,42,degradation,low_light,severe,none,0.5,clean
PaDiM,VisA,chewinggum,42,rescue,low_light,severe,CLAHE,0.4900000095367431,clean
PaDiM,VisA,chewinggum,42,rescue,low_light,severe,Retinex,0.5,clean
PaDiM,VisA,chewinggum,42,degradation,gaussian_blur,mild,none,0.9453999996185304,clean
PaDiM,VisA,chewinggum,42,rescue,gaussian_blur,mild,Wiener,0.9778000116348268,clean
PaDiM,VisA,chewinggum,42,degradation,gaussian_blur,moderate,none,0.6854000091552734,clean
PaDiM,VisA,chewinggum,42,rescue,gaussian_blur,moderate,Wiener,0.7283999919891357,clean
PaDiM,VisA,chewinggum,42,degradation,gaussian_blur,severe,none,0.5758000612258911,clean
PaDiM,VisA,chewinggum,42,rescue,gaussian_blur,severe,Wiener,0.6890000104904175,clean
PaDiM,VisA,chewinggum,42,degradation,motion_blur,mild,none,0.9354000091552734,clean
PaDiM,VisA,chewinggum,42,rescue,motion_blur,mild,Wiener (Motion PSF),0.8682000041007996,clean
PaDiM,VisA,chewinggum,42,degradation,motion_blur,moderate,none,0.6723999977111816,clean
PaDiM,VisA,chewinggum,42,rescue,motion_blur,moderate,Wiener (Motion PSF),0.5738999843597412,clean
PaDiM,VisA,chewinggum,42,degradation,motion_blur,severe,none,0.4391999840736389,clean
PaDiM,VisA,chewinggum,42,rescue,motion_blur,severe,Wiener (Motion PSF),0.535099983215332,clean
PaDiM,VisA,chewinggum,42,degradation,sensor_noise,mild,none,0.7003999948501587,clean
PaDiM,VisA,chewinggum,42,rescue,sensor_noise,mild,NLM Denoise,0.7416000366210938,clean
PaDiM,VisA,chewinggum,42,degradation,sensor_noise,moderate,none,0.5940999984741211,clean
PaDiM,VisA,chewinggum,42,rescue,sensor_noise,moderate,NLM Denoise,0.7522000074386597,clean
PaDiM,VisA,chewinggum,42,degradation,sensor_noise,severe,none,0.5153000354766846,clean
PaDiM,VisA,chewinggum,42,rescue,sensor_noise,severe,NLM Denoise,0.7296000123023987,clean
PaDiM,VisA,chewinggum,42,degradation,fog_haze,mild,none,0.8407000303268433,clean
PaDiM,VisA,chewinggum,42,rescue,fog_haze,mild,Dehaze (Dark Channel),0.7608000040054321,clean
PaDiM,VisA,chewinggum,42,degradation,fog_haze,moderate,none,0.6144000291824341,clean
PaDiM,VisA,chewinggum,42,rescue,fog_haze,moderate,Dehaze (Dark Channel),0.5806000232696533,clean
PaDiM,VisA,chewinggum,42,degradation,fog_haze,severe,none,0.5127999782562256,clean
PaDiM,VisA,chewinggum,42,rescue,fog_haze,severe,Dehaze (Dark Channel),0.524899959564209,clean
PaDiM,VisA,chewinggum,123,baseline,clean,none,none,0.9576000571250916,clean
PaDiM,VisA,chewinggum,123,degradation,low_light,mild,none,0.9265999794006348,clean
PaDiM,VisA,chewinggum,123,rescue,low_light,mild,CLAHE,0.864300012588501,clean
PaDiM,VisA,chewinggum,123,rescue,low_light,mild,Retinex,0.7595999836921692,clean
PaDiM,VisA,chewinggum,123,degradation,low_light,moderate,none,0.8386000394821167,clean
PaDiM,VisA,chewinggum,123,rescue,low_light,moderate,CLAHE,0.8201000094413757,clean
PaDiM,VisA,chewinggum,123,rescue,low_light,moderate,Retinex,0.498799979686737,clean
PaDiM,VisA,chewinggum,123,degradation,low_light,severe,none,0.5242000222206116,clean
PaDiM,VisA,chewinggum,123,rescue,low_light,severe,CLAHE,0.5475000143051147,clean
PaDiM,VisA,chewinggum,123,rescue,low_light,severe,Retinex,0.4854000210762024,clean
PaDiM,VisA,chewinggum,123,degradation,gaussian_blur,mild,none,0.8725999593734741,clean
PaDiM,VisA,chewinggum,123,rescue,gaussian_blur,mild,Wiener,0.9215999841690063,clean
PaDiM,VisA,chewinggum,123,degradation,gaussian_blur,moderate,none,0.5923999547958374,clean
PaDiM,VisA,chewinggum,123,rescue,gaussian_blur,moderate,Wiener,0.5020000338554382,clean
PaDiM,VisA,chewinggum,123,degradation,gaussian_blur,severe,none,0.4950000047683716,clean
PaDiM,VisA,chewinggum,123,rescue,gaussian_blur,severe,Wiener,0.4624000191688537,clean
PaDiM,VisA,chewinggum,123,degradation,motion_blur,mild,none,0.8716000318527222,clean
PaDiM,VisA,chewinggum,123,rescue,motion_blur,mild,Wiener (Motion PSF),0.7351000308990479,clean
PaDiM,VisA,chewinggum,123,degradation,motion_blur,moderate,none,0.7366000413894653,clean
PaDiM,VisA,chewinggum,123,rescue,motion_blur,moderate,Wiener (Motion PSF),0.6598000526428223,clean
PaDiM,VisA,chewinggum,123,degradation,motion_blur,severe,none,0.7113000154495239,clean
PaDiM,VisA,chewinggum,123,rescue,motion_blur,severe,Wiener (Motion PSF),0.5324000120162964,clean
PaDiM,VisA,chewinggum,123,degradation,sensor_noise,mild,none,0.7796000242233276,clean
PaDiM,VisA,chewinggum,123,rescue,sensor_noise,mild,NLM Denoise,0.6345000267028809,clean
PaDiM,VisA,chewinggum,123,degradation,sensor_noise,moderate,none,0.5946999788284302,clean
PaDiM,VisA,chewinggum,123,rescue,sensor_noise,moderate,NLM Denoise,0.6177999973297119,clean
PaDiM,VisA,chewinggum,123,degradation,sensor_noise,severe,none,0.4381999969482422,clean
PaDiM,VisA,chewinggum,123,rescue,sensor_noise,severe,NLM Denoise,0.571399986743927,clean
PaDiM,VisA,chewinggum,123,degradation,fog_haze,mild,none,0.6855999827384949,clean
PaDiM,VisA,chewinggum,123,rescue,fog_haze,mild,Dehaze (Dark Channel),0.5615999698638916,clean
PaDiM,VisA,chewinggum,123,degradation,fog_haze,moderate,none,0.5726000070571899,clean
PaDiM,VisA,chewinggum,123,rescue,fog_haze,moderate,Dehaze (Dark Channel),0.5458999872207642,clean
PaDiM,VisA,chewinggum,123,degradation,fog_haze,severe,none,0.5996999740600586,clean
PaDiM,VisA,chewinggum,123,rescue,fog_haze,severe,Dehaze (Dark Channel),0.5338000059127808,clean
PaDiM,VisA,chewinggum,456,baseline,clean,none,none,0.9610000848770142,clean
PaDiM,VisA,chewinggum,456,degradation,low_light,mild,none,0.9471999406814576,clean
PaDiM,VisA,chewinggum,456,rescue,low_light,mild,CLAHE,0.9524000883102416,clean
PaDiM,VisA,chewinggum,456,rescue,low_light,mild,Retinex,0.6953999996185303,clean
PaDiM,VisA,chewinggum,456,degradation,low_light,moderate,none,0.8445999622344971,clean
PaDiM,VisA,chewinggum,456,rescue,low_light,moderate,CLAHE,0.8919999599456787,clean
PaDiM,VisA,chewinggum,456,rescue,low_light,moderate,Retinex,0.5606000423431396,clean
PaDiM,VisA,chewinggum,456,degradation,low_light,severe,none,0.4936000108718872,clean
PaDiM,VisA,chewinggum,456,rescue,low_light,severe,CLAHE,0.5810999870300293,clean
PaDiM,VisA,chewinggum,456,rescue,low_light,severe,Retinex,0.5405999422073364,clean
PaDiM,VisA,chewinggum,456,degradation,gaussian_blur,mild,none,0.6664000153541565,clean
PaDiM,VisA,chewinggum,456,rescue,gaussian_blur,mild,Wiener,0.9391999840736388,clean
PaDiM,VisA,chewinggum,456,degradation,gaussian_blur,moderate,none,0.5141000151634216,clean
PaDiM,VisA,chewinggum,456,rescue,gaussian_blur,moderate,Wiener,0.6007000207901001,clean
PaDiM,VisA,chewinggum,456,degradation,gaussian_blur,severe,none,0.4603999555110931,clean
PaDiM,VisA,chewinggum,456,rescue,gaussian_blur,severe,Wiener,0.6100000143051147,clean
PaDiM,VisA,chewinggum,456,degradation,motion_blur,mild,none,0.711400032043457,clean
PaDiM,VisA,chewinggum,456,rescue,motion_blur,mild,Wiener (Motion PSF),0.6684999465942383,clean
PaDiM,VisA,chewinggum,456,degradation,motion_blur,moderate,none,0.8086000084877014,clean
PaDiM,VisA,chewinggum,456,rescue,motion_blur,moderate,Wiener (Motion PSF),0.597000002861023,clean
PaDiM,VisA,chewinggum,456,degradation,motion_blur,severe,none,0.7919999957084656,clean
PaDiM,VisA,chewinggum,456,rescue,motion_blur,severe,Wiener (Motion PSF),0.6103999614715576,clean
PaDiM,VisA,chewinggum,456,degradation,sensor_noise,mild,none,0.8118000030517578,clean
PaDiM,VisA,chewinggum,456,rescue,sensor_noise,mild,NLM Denoise,0.6467999815940857,clean
PaDiM,VisA,chewinggum,456,degradation,sensor_noise,moderate,none,0.7502000331878662,clean
PaDiM,VisA,chewinggum,456,rescue,sensor_noise,moderate,NLM Denoise,0.6378000378608704,clean
PaDiM,VisA,chewinggum,456,degradation,sensor_noise,severe,none,0.5271999835968018,clean
PaDiM,VisA,chewinggum,456,rescue,sensor_noise,severe,NLM Denoise,0.6190999746322632,clean
PaDiM,VisA,chewinggum,456,degradation,fog_haze,mild,none,0.446800023317337,clean
PaDiM,VisA,chewinggum,456,rescue,fog_haze,mild,Dehaze (Dark Channel),0.6656000018119812,clean
PaDiM,VisA,chewinggum,456,degradation,fog_haze,moderate,none,0.5622000098228455,clean
PaDiM,VisA,chewinggum,456,rescue,fog_haze,moderate,Dehaze (Dark Channel),0.4814000129699707,clean
PaDiM,VisA,chewinggum,456,degradation,fog_haze,severe,none,0.5249999761581421,clean
PaDiM,VisA,chewinggum,456,rescue,fog_haze,severe,Dehaze (Dark Channel),0.5194000005722046,clean
PaDiM,VisA,fryum,42,baseline,clean,none,none,0.8544000387191772,clean
PaDiM,VisA,fryum,42,degradation,low_light,mild,none,0.8151999711990356,clean
PaDiM,VisA,fryum,42,rescue,low_light,mild,CLAHE,0.4916000068187713,clean
PaDiM,VisA,fryum,42,rescue,low_light,mild,Retinex,0.5022000074386597,clean
PaDiM,VisA,fryum,42,degradation,low_light,moderate,none,0.826200008392334,clean
PaDiM,VisA,fryum,42,rescue,low_light,moderate,CLAHE,0.723800003528595,clean
PaDiM,VisA,fryum,42,rescue,low_light,moderate,Retinex,0.7070000171661377,clean
PaDiM,VisA,fryum,42,degradation,low_light,severe,none,0.8428000211715698,clean
PaDiM,VisA,fryum,42,rescue,low_light,severe,CLAHE,0.8005999326705933,clean
PaDiM,VisA,fryum,42,rescue,low_light,severe,Retinex,0.7324999570846558,clean
PaDiM,VisA,fryum,42,degradation,gaussian_blur,mild,none,0.8413999676704407,clean
PaDiM,VisA,fryum,42,rescue,gaussian_blur,mild,Wiener,0.6880000233650208,clean
PaDiM,VisA,fryum,42,degradation,gaussian_blur,moderate,none,0.6104999780654907,clean
PaDiM,VisA,fryum,42,rescue,gaussian_blur,moderate,Wiener,0.5227000117301941,clean
PaDiM,VisA,fryum,42,degradation,gaussian_blur,severe,none,0.5042999982833862,clean
PaDiM,VisA,fryum,42,rescue,gaussian_blur,severe,Wiener,0.4354999959468841,clean
PaDiM,VisA,fryum,42,degradation,motion_blur,mild,none,0.7075999975204468,clean
PaDiM,VisA,fryum,42,rescue,motion_blur,mild,Wiener (Motion PSF),0.6227999925613403,clean
PaDiM,VisA,fryum,42,degradation,motion_blur,moderate,none,0.5631999969482422,clean
PaDiM,VisA,fryum,42,rescue,motion_blur,moderate,Wiener (Motion PSF),0.6177999973297119,clean
PaDiM,VisA,fryum,42,degradation,motion_blur,severe,none,0.6819999814033508,clean
PaDiM,VisA,fryum,42,rescue,motion_blur,severe,Wiener (Motion PSF),0.8233000040054321,clean
PaDiM,VisA,fryum,42,degradation,sensor_noise,mild,none,0.6079999804496765,clean
PaDiM,VisA,fryum,42,rescue,sensor_noise,mild,NLM Denoise,0.5144000053405762,clean
PaDiM,VisA,fryum,42,degradation,sensor_noise,moderate,none,0.5662000179290771,clean
PaDiM,VisA,fryum,42,rescue,sensor_noise,moderate,NLM Denoise,0.5776000022888184,clean
PaDiM,VisA,fryum,42,degradation,sensor_noise,severe,none,0.557200014591217,clean
PaDiM,VisA,fryum,42,rescue,sensor_noise,severe,NLM Denoise,0.5476000308990479,clean
PaDiM,VisA,fryum,42,degradation,fog_haze,mild,none,0.8342000246047974,clean
PaDiM,VisA,fryum,42,rescue,fog_haze,mild,Dehaze (Dark Channel),0.7669999599456787,clean
PaDiM,VisA,fryum,42,degradation,fog_haze,moderate,none,0.6782000064849854,clean
PaDiM,VisA,fryum,42,rescue,fog_haze,moderate,Dehaze (Dark Channel),0.8333000540733337,clean
PaDiM,VisA,fryum,42,degradation,fog_haze,severe,none,0.5736000537872314,clean
PaDiM,VisA,fryum,42,rescue,fog_haze,severe,Dehaze (Dark Channel),0.6957000494003296,clean
PaDiM,VisA,fryum,123,baseline,clean,none,none,0.8377999663352966,clean
PaDiM,VisA,fryum,123,degradation,low_light,mild,none,0.8562000393867493,clean
PaDiM,VisA,fryum,123,rescue,low_light,mild,CLAHE,0.7669999599456787,clean
PaDiM,VisA,fryum,123,rescue,low_light,mild,Retinex,0.6389999985694885,clean
PaDiM,VisA,fryum,123,degradation,low_light,moderate,none,0.8420000076293945,clean
PaDiM,VisA,fryum,123,rescue,low_light,moderate,CLAHE,0.7505999803543091,clean
PaDiM,VisA,fryum,123,rescue,low_light,moderate,Retinex,0.8007999658584595,clean
PaDiM,VisA,fryum,123,degradation,low_light,severe,none,0.8256000280380249,clean
PaDiM,VisA,fryum,123,rescue,low_light,severe,CLAHE,0.7231999635696411,clean
PaDiM,VisA,fryum,123,rescue,low_light,severe,Retinex,0.7862000465393066,clean
PaDiM,VisA,fryum,123,degradation,gaussian_blur,mild,none,0.7295999526977539,clean
PaDiM,VisA,fryum,123,rescue,gaussian_blur,mild,Wiener,0.8202000260353088,clean
PaDiM,VisA,fryum,123,degradation,gaussian_blur,moderate,none,0.6052000522613525,clean
PaDiM,VisA,fryum,123,rescue,gaussian_blur,moderate,Wiener,0.3935999870300293,clean
PaDiM,VisA,fryum,123,degradation,gaussian_blur,severe,none,0.573199987411499,clean
PaDiM,VisA,fryum,123,rescue,gaussian_blur,severe,Wiener,0.4989999532699585,clean
PaDiM,VisA,fryum,123,degradation,motion_blur,mild,none,0.736799955368042,clean
PaDiM,VisA,fryum,123,rescue,motion_blur,mild,Wiener (Motion PSF),0.7084000110626221,clean
PaDiM,VisA,fryum,123,degradation,motion_blur,moderate,none,0.631600022315979,clean
PaDiM,VisA,fryum,123,rescue,motion_blur,moderate,Wiener (Motion PSF),0.6480000019073486,clean
PaDiM,VisA,fryum,123,degradation,motion_blur,severe,none,0.6904000043869019,clean
PaDiM,VisA,fryum,123,rescue,motion_blur,severe,Wiener (Motion PSF),0.7986000180244446,clean
PaDiM,VisA,fryum,123,degradation,sensor_noise,mild,none,0.6651999950408936,clean
PaDiM,VisA,fryum,123,rescue,sensor_noise,mild,NLM Denoise,0.5784000158309937,clean
PaDiM,VisA,fryum,123,degradation,sensor_noise,moderate,none,0.5332000255584717,clean
PaDiM,VisA,fryum,123,rescue,sensor_noise,moderate,NLM Denoise,0.5110000371932983,clean
PaDiM,VisA,fryum,123,degradation,sensor_noise,severe,none,0.5041999816894531,clean
PaDiM,VisA,fryum,123,rescue,sensor_noise,severe,NLM Denoise,0.5154000520706177,clean
PaDiM,VisA,fryum,123,degradation,fog_haze,mild,none,0.7083999514579773,clean
PaDiM,VisA,fryum,123,rescue,fog_haze,mild,Dehaze (Dark Channel),0.7089999914169312,clean
PaDiM,VisA,fryum,123,degradation,fog_haze,moderate,none,0.6902999877929688,clean
PaDiM,VisA,fryum,123,rescue,fog_haze,moderate,Dehaze (Dark Channel),0.7624000310897827,clean
PaDiM,VisA,fryum,123,degradation,fog_haze,severe,none,0.5325000286102295,clean
PaDiM,VisA,fryum,123,rescue,fog_haze,severe,Dehaze (Dark Channel),0.6132000088691711,clean
PaDiM,VisA,fryum,456,baseline,clean,none,none,0.8416000604629517,clean
PaDiM,VisA,fryum,456,degradation,low_light,mild,none,0.8324000239372253,clean
PaDiM,VisA,fryum,456,rescue,low_light,mild,CLAHE,0.7886000275611877,clean
PaDiM,VisA,fryum,456,rescue,low_light,mild,Retinex,0.7785999774932861,clean
PaDiM,VisA,fryum,456,degradation,low_light,moderate,none,0.8021999597549438,clean
PaDiM,VisA,fryum,456,rescue,low_light,moderate,CLAHE,0.7704000473022461,clean
PaDiM,VisA,fryum,456,rescue,low_light,moderate,Retinex,0.775600016117096,clean
PaDiM,VisA,fryum,456,degradation,low_light,severe,none,0.8569999933242798,clean
PaDiM,VisA,fryum,456,rescue,low_light,severe,CLAHE,0.7394000291824341,clean
PaDiM,VisA,fryum,456,rescue,low_light,severe,Retinex,0.7080000042915344,clean
PaDiM,VisA,fryum,456,degradation,gaussian_blur,mild,none,0.7723999619483948,clean
PaDiM,VisA,fryum,456,rescue,gaussian_blur,mild,Wiener,0.7026000022888184,clean
PaDiM,VisA,fryum,456,degradation,gaussian_blur,moderate,none,0.6775000095367432,clean
PaDiM,VisA,fryum,456,rescue,gaussian_blur,moderate,Wiener,0.5676000118255615,clean
PaDiM,VisA,fryum,456,degradation,gaussian_blur,severe,none,0.576200008392334,clean
PaDiM,VisA,fryum,456,rescue,gaussian_blur,severe,Wiener,0.5370999574661255,clean
PaDiM,VisA,fryum,456,degradation,motion_blur,mild,none,0.7101999521255493,clean
PaDiM,VisA,fryum,456,rescue,motion_blur,mild,Wiener (Motion PSF),0.782800018787384,clean
PaDiM,VisA,fryum,456,degradation,motion_blur,moderate,none,0.5667999982833862,clean
PaDiM,VisA,fryum,456,rescue,motion_blur,moderate,Wiener (Motion PSF),0.5083999633789062,clean
PaDiM,VisA,fryum,456,degradation,motion_blur,severe,none,0.687000036239624,clean
PaDiM,VisA,fryum,456,rescue,motion_blur,severe,Wiener (Motion PSF),0.4675999879837036,clean
PaDiM,VisA,fryum,456,degradation,sensor_noise,mild,none,0.7106000185012817,clean
PaDiM,VisA,fryum,456,rescue,sensor_noise,mild,NLM Denoise,0.6417999863624573,clean
PaDiM,VisA,fryum,456,degradation,sensor_noise,moderate,none,0.6420000195503235,clean
PaDiM,VisA,fryum,456,rescue,sensor_noise,moderate,NLM Denoise,0.5253999829292297,clean
PaDiM,VisA,fryum,456,degradation,sensor_noise,severe,none,0.6612000465393066,clean
PaDiM,VisA,fryum,456,rescue,sensor_noise,severe,NLM Denoise,0.5242000222206116,clean
PaDiM,VisA,fryum,456,degradation,fog_haze,mild,none,0.6599999666213989,clean
PaDiM,VisA,fryum,456,rescue,fog_haze,mild,Dehaze (Dark Channel),0.6832000017166138,clean
PaDiM,VisA,fryum,456,degradation,fog_haze,moderate,none,0.6851999759674072,clean
PaDiM,VisA,fryum,456,rescue,fog_haze,moderate,Dehaze (Dark Channel),0.8781999349594116,clean
PaDiM,VisA,fryum,456,degradation,fog_haze,severe,none,0.6022999882698059,clean
PaDiM,VisA,fryum,456,rescue,fog_haze,severe,Dehaze (Dark Channel),0.7559000253677368,clean
PaDiM,VisA,macaroni1,123,baseline,clean,none,none,0.7693500518798828,clean
PaDiM,VisA,macaroni1,123,degradation,low_light,mild,none,0.7054000496864319,clean
PaDiM,VisA,macaroni1,123,rescue,low_light,mild,CLAHE,0.6196999549865723,clean
PaDiM,VisA,macaroni1,123,rescue,low_light,mild,Retinex,0.5357000231742859,clean
PaDiM,VisA,macaroni1,123,degradation,low_light,moderate,none,0.656499981880188,clean
PaDiM,VisA,macaroni1,123,rescue,low_light,moderate,CLAHE,0.6572999954223633,clean
PaDiM,VisA,macaroni1,123,rescue,low_light,moderate,Retinex,0.5253000259399414,clean
PaDiM,VisA,macaroni1,123,degradation,low_light,severe,none,0.5,clean
PaDiM,VisA,macaroni1,123,rescue,low_light,severe,CLAHE,0.4225999712944031,clean
PaDiM,VisA,macaroni1,123,rescue,low_light,severe,Retinex,0.4833999872207641,clean
PaDiM,VisA,macaroni1,123,degradation,gaussian_blur,mild,none,0.7074499726295471,clean
PaDiM,VisA,macaroni1,123,rescue,gaussian_blur,mild,Wiener,0.6798499822616577,clean
PaDiM,VisA,macaroni1,123,degradation,gaussian_blur,moderate,none,0.4989500045776367,clean
PaDiM,VisA,macaroni1,123,rescue,gaussian_blur,moderate,Wiener,0.5049999952316284,clean
PaDiM,VisA,macaroni1,123,degradation,gaussian_blur,severe,none,0.5152000188827515,clean
PaDiM,VisA,macaroni1,123,rescue,gaussian_blur,severe,Wiener,0.5,clean
PaDiM,VisA,macaroni1,123,degradation,motion_blur,mild,none,0.6414999961853027,clean
PaDiM,VisA,macaroni1,123,rescue,motion_blur,mild,Wiener (Motion PSF),0.669950008392334,clean
PaDiM,VisA,macaroni1,123,degradation,motion_blur,moderate,none,0.550000011920929,clean
PaDiM,VisA,macaroni1,123,rescue,motion_blur,moderate,Wiener (Motion PSF),0.5501500368118286,clean
PaDiM,VisA,macaroni1,123,degradation,motion_blur,severe,none,0.5,clean
PaDiM,VisA,macaroni1,123,rescue,motion_blur,severe,Wiener (Motion PSF),0.5097500085830688,clean
PaDiM,VisA,macaroni1,123,degradation,sensor_noise,mild,none,0.569599986076355,clean
PaDiM,VisA,macaroni1,123,rescue,sensor_noise,mild,NLM Denoise,0.475600004196167,clean
PaDiM,VisA,macaroni1,123,degradation,sensor_noise,moderate,none,0.513700008392334,clean
PaDiM,VisA,macaroni1,123,rescue,sensor_noise,moderate,NLM Denoise,0.5,clean
PaDiM,VisA,macaroni1,123,degradation,sensor_noise,severe,none,0.4998000264167785,clean
PaDiM,VisA,macaroni1,123,rescue,sensor_noise,severe,NLM Denoise,0.5,clean
PaDiM,VisA,macaroni1,123,degradation,fog_haze,mild,none,0.529699981212616,clean
PaDiM,VisA,macaroni1,123,rescue,fog_haze,mild,Dehaze (Dark Channel),0.518250048160553,clean
PaDiM,VisA,macaroni1,123,degradation,fog_haze,moderate,none,0.4839000403881073,clean
PaDiM,VisA,macaroni1,123,rescue,fog_haze,moderate,Dehaze (Dark Channel),0.4999500215053558,clean
PaDiM,VisA,macaroni1,123,degradation,fog_haze,severe,none,0.5,clean
PaDiM,VisA,macaroni1,123,rescue,fog_haze,severe,Dehaze (Dark Channel),0.5,clean
PaDiM,VisA,macaroni1,456,baseline,clean,none,none,0.6875500082969666,clean
PaDiM,VisA,macaroni1,456,degradation,low_light,mild,none,0.5320000052452087,clean
PaDiM,VisA,macaroni1,456,rescue,low_light,mild,CLAHE,0.5152000188827515,clean
PaDiM,VisA,macaroni1,456,rescue,low_light,mild,Retinex,0.5,clean
PaDiM,VisA,macaroni1,456,degradation,low_light,moderate,none,0.4567000269889831,clean
PaDiM,VisA,macaroni1,456,rescue,low_light,moderate,CLAHE,0.5196000337600708,clean
PaDiM,VisA,macaroni1,456,rescue,low_light,moderate,Retinex,0.5,clean
PaDiM,VisA,macaroni1,456,degradation,low_light,severe,none,0.5,clean
PaDiM,VisA,macaroni1,456,rescue,low_light,severe,CLAHE,0.5,clean
PaDiM,VisA,macaroni1,456,rescue,low_light,severe,Retinex,0.5,clean
PaDiM,VisA,macaroni1,456,degradation,gaussian_blur,mild,none,0.5,clean
PaDiM,VisA,macaroni1,456,rescue,gaussian_blur,mild,Wiener,0.663100004196167,clean
PaDiM,VisA,macaroni1,456,degradation,gaussian_blur,moderate,none,0.5,clean
PaDiM,VisA,macaroni1,456,rescue,gaussian_blur,moderate,Wiener,0.5,clean
PaDiM,VisA,macaroni1,456,degradation,gaussian_blur,severe,none,0.5,clean
PaDiM,VisA,macaroni1,456,rescue,gaussian_blur,severe,Wiener,0.5,clean
PaDiM,VisA,macaroni1,456,degradation,motion_blur,mild,none,0.4950999915599823,clean
PaDiM,VisA,macaroni1,456,rescue,motion_blur,mild,Wiener (Motion PSF),0.6636000275611877,clean
PaDiM,VisA,macaroni1,456,degradation,motion_blur,moderate,none,0.5,clean
PaDiM,VisA,macaroni1,456,rescue,motion_blur,moderate,Wiener (Motion PSF),0.5601000189781189,clean
PaDiM,VisA,macaroni1,456,degradation,motion_blur,severe,none,0.5,clean
PaDiM,VisA,macaroni1,456,rescue,motion_blur,severe,Wiener (Motion PSF),0.5,clean
PaDiM,VisA,macaroni1,456,degradation,sensor_noise,mild,none,0.4950000047683716,clean
PaDiM,VisA,macaroni1,456,rescue,sensor_noise,mild,NLM Denoise,0.5,clean
PaDiM,VisA,macaroni1,456,degradation,sensor_noise,moderate,none,0.5,clean
PaDiM,VisA,macaroni1,456,rescue,sensor_noise,moderate,NLM Denoise,0.5,clean
PaDiM,VisA,macaroni1,456,degradation,sensor_noise,severe,none,0.5,clean
PaDiM,VisA,macaroni1,456,rescue,sensor_noise,severe,NLM Denoise,0.5,clean
PaDiM,VisA,macaroni1,456,degradation,fog_haze,mild,none,0.5,clean
PaDiM,VisA,macaroni1,456,rescue,fog_haze,mild,Dehaze (Dark Channel),0.5,clean
PaDiM,VisA,macaroni1,456,degradation,fog_haze,moderate,none,0.5,clean
PaDiM,VisA,macaroni1,456,rescue,fog_haze,moderate,Dehaze (Dark Channel),0.5,clean
PaDiM,VisA,macaroni1,456,degradation,fog_haze,severe,none,0.5,clean
PaDiM,VisA,macaroni1,456,rescue,fog_haze,severe,Dehaze (Dark Channel),0.5,clean
PaDiM,VisA,macaroni2,42,baseline,clean,none,none,0.612299919128418,clean
PaDiM,VisA,macaroni2,42,degradation,low_light,mild,none,0.590749979019165,clean
PaDiM,VisA,macaroni2,42,rescue,low_light,mild,CLAHE,0.5295000076293945,clean
PaDiM,VisA,macaroni2,42,rescue,low_light,mild,Retinex,0.5325999855995178,clean
PaDiM,VisA,macaroni2,42,degradation,low_light,moderate,none,0.5785999894142151,clean
PaDiM,VisA,macaroni2,42,rescue,low_light,moderate,CLAHE,0.5982000231742859,clean
PaDiM,VisA,macaroni2,42,rescue,low_light,moderate,Retinex,0.5642000436782837,clean
PaDiM,VisA,macaroni2,42,degradation,low_light,severe,none,0.5140500068664551,clean
PaDiM,VisA,macaroni2,42,rescue,low_light,severe,CLAHE,0.573199987411499,clean
PaDiM,VisA,macaroni2,42,rescue,low_light,severe,Retinex,0.5061999559402466,clean
PaDiM,VisA,macaroni2,42,degradation,gaussian_blur,mild,none,0.565000057220459,clean
PaDiM,VisA,macaroni2,42,rescue,gaussian_blur,mild,Wiener,0.5024000406265259,clean
PaDiM,VisA,macaroni2,42,degradation,gaussian_blur,moderate,none,0.5166999697685242,clean
PaDiM,VisA,macaroni2,42,rescue,gaussian_blur,moderate,Wiener,0.5,clean
PaDiM,VisA,macaroni2,42,degradation,gaussian_blur,severe,none,0.4999500215053558,clean
PaDiM,VisA,macaroni2,42,rescue,gaussian_blur,severe,Wiener,0.5,clean
PaDiM,VisA,macaroni2,42,degradation,motion_blur,mild,none,0.5364999771118164,clean
PaDiM,VisA,macaroni2,42,rescue,motion_blur,mild,Wiener (Motion PSF),0.500499963760376,clean
PaDiM,VisA,macaroni2,42,degradation,motion_blur,moderate,none,0.5112999677658081,clean
PaDiM,VisA,macaroni2,42,rescue,motion_blur,moderate,Wiener (Motion PSF),0.4248499870300293,clean
PaDiM,VisA,macaroni2,42,degradation,motion_blur,severe,none,0.4884999990463257,clean
PaDiM,VisA,macaroni2,42,rescue,motion_blur,severe,Wiener (Motion PSF),0.4941999912261963,clean
PaDiM,VisA,macaroni2,42,degradation,sensor_noise,mild,none,0.5,clean
PaDiM,VisA,macaroni2,42,rescue,sensor_noise,mild,NLM Denoise,0.5508999824523926,clean
PaDiM,VisA,macaroni2,42,degradation,sensor_noise,moderate,none,0.5,clean
PaDiM,VisA,macaroni2,42,rescue,sensor_noise,moderate,NLM Denoise,0.5721499919891357,clean
PaDiM,VisA,macaroni2,42,degradation,sensor_noise,severe,none,0.5,clean
PaDiM,VisA,macaroni2,42,rescue,sensor_noise,severe,NLM Denoise,0.5837999582290649,clean
PaDiM,VisA,macaroni2,42,degradation,fog_haze,mild,none,0.5117499828338623,clean
PaDiM,VisA,macaroni2,42,rescue,fog_haze,mild,Dehaze (Dark Channel),0.5608999729156494,clean
PaDiM,VisA,macaroni2,42,degradation,fog_haze,moderate,none,0.5877000093460083,clean
PaDiM,VisA,macaroni2,42,rescue,fog_haze,moderate,Dehaze (Dark Channel),0.5,clean
PaDiM,VisA,macaroni2,42,degradation,fog_haze,severe,none,0.5149999856948853,clean
PaDiM,VisA,macaroni2,42,rescue,fog_haze,severe,Dehaze (Dark Channel),0.5,clean
PaDiM,VisA,macaroni2,123,baseline,clean,none,none,0.6237000226974487,clean
PaDiM,VisA,macaroni2,123,degradation,low_light,mild,none,0.6274999976158142,clean
PaDiM,VisA,macaroni2,123,rescue,low_light,mild,CLAHE,0.6108999848365784,clean
PaDiM,VisA,macaroni2,123,rescue,low_light,mild,Retinex,0.5403000116348267,clean
PaDiM,VisA,macaroni2,123,degradation,low_light,moderate,none,0.6913999915122986,clean
PaDiM,VisA,macaroni2,123,rescue,low_light,moderate,CLAHE,0.6542999744415283,clean
PaDiM,VisA,macaroni2,123,rescue,low_light,moderate,Retinex,0.5952000021934509,clean
PaDiM,VisA,macaroni2,123,degradation,low_light,severe,none,0.5951000452041626,clean
PaDiM,VisA,macaroni2,123,rescue,low_light,severe,CLAHE,0.6204000115394592,clean
PaDiM,VisA,macaroni2,123,rescue,low_light,severe,Retinex,0.5159000158309937,clean
PaDiM,VisA,macaroni2,123,degradation,gaussian_blur,mild,none,0.6044999957084656,clean
PaDiM,VisA,macaroni2,123,rescue,gaussian_blur,mild,Wiener,0.4799999594688415,clean
PaDiM,VisA,macaroni2,123,degradation,gaussian_blur,moderate,none,0.4683000147342682,clean
PaDiM,VisA,macaroni2,123,rescue,gaussian_blur,moderate,Wiener,0.5049999952316284,clean
PaDiM,VisA,macaroni2,123,degradation,gaussian_blur,severe,none,0.4648999869823456,clean
PaDiM,VisA,macaroni2,123,rescue,gaussian_blur,severe,Wiener,0.5,clean
PaDiM,VisA,macaroni2,123,degradation,motion_blur,mild,none,0.5841999650001526,clean
PaDiM,VisA,macaroni2,123,rescue,motion_blur,mild,Wiener (Motion PSF),0.5709499716758728,clean
PaDiM,VisA,macaroni2,123,degradation,motion_blur,moderate,none,0.5531499981880188,clean
PaDiM,VisA,macaroni2,123,rescue,motion_blur,moderate,Wiener (Motion PSF),0.5652999877929688,clean
PaDiM,VisA,macaroni2,123,degradation,motion_blur,severe,none,0.5236999988555908,clean
PaDiM,VisA,macaroni2,123,rescue,motion_blur,severe,Wiener (Motion PSF),0.4858999848365783,clean
PaDiM,VisA,macaroni2,123,degradation,sensor_noise,mild,none,0.5628999471664429,clean
PaDiM,VisA,macaroni2,123,rescue,sensor_noise,mild,NLM Denoise,0.506850004196167,clean
PaDiM,VisA,macaroni2,123,degradation,sensor_noise,moderate,none,0.6313999891281128,clean
PaDiM,VisA,macaroni2,123,rescue,sensor_noise,moderate,NLM Denoise,0.5048999786376953,clean
PaDiM,VisA,macaroni2,123,degradation,sensor_noise,severe,none,0.6672999858856201,clean
PaDiM,VisA,macaroni2,123,rescue,sensor_noise,severe,NLM Denoise,0.5,clean
PaDiM,VisA,macaroni2,123,degradation,fog_haze,mild,none,0.5606999397277832,clean
PaDiM,VisA,macaroni2,123,rescue,fog_haze,mild,Dehaze (Dark Channel),0.5845999717712402,clean
PaDiM,VisA,macaroni2,123,degradation,fog_haze,moderate,none,0.6621999740600586,clean
PaDiM,VisA,macaroni2,123,rescue,fog_haze,moderate,Dehaze (Dark Channel),0.5058000087738037,clean
PaDiM,VisA,macaroni2,123,degradation,fog_haze,severe,none,0.5046499967575073,clean
PaDiM,VisA,macaroni2,123,rescue,fog_haze,severe,Dehaze (Dark Channel),0.536050021648407,clean
PaDiM,VisA,macaroni2,456,baseline,clean,none,none,0.5951000452041626,clean
PaDiM,VisA,macaroni2,456,degradation,low_light,mild,none,0.5902999639511108,clean
PaDiM,VisA,macaroni2,456,rescue,low_light,mild,CLAHE,0.5979000329971313,clean
PaDiM,VisA,macaroni2,456,rescue,low_light,mild,Retinex,0.5679999589920044,clean
PaDiM,VisA,macaroni2,456,degradation,low_light,moderate,none,0.5960000157356262,clean
PaDiM,VisA,macaroni2,456,rescue,low_light,moderate,CLAHE,0.6266000270843506,clean
PaDiM,VisA,macaroni2,456,rescue,low_light,moderate,Retinex,0.5412000417709351,clean
PaDiM,VisA,macaroni2,456,degradation,low_light,severe,none,0.479699969291687,clean
PaDiM,VisA,macaroni2,456,rescue,low_light,severe,CLAHE,0.6335500478744507,clean
PaDiM,VisA,macaroni2,456,rescue,low_light,severe,Retinex,0.4638999700546264,clean
PaDiM,VisA,macaroni2,456,degradation,gaussian_blur,mild,none,0.5,clean
PaDiM,VisA,macaroni2,456,rescue,gaussian_blur,mild,Wiener,0.4513500034809112,clean
PaDiM,VisA,macaroni2,456,degradation,gaussian_blur,moderate,none,0.5,clean
PaDiM,VisA,macaroni2,456,rescue,gaussian_blur,moderate,Wiener,0.5,clean
PaDiM,VisA,macaroni2,456,degradation,gaussian_blur,severe,none,0.5,clean
PaDiM,VisA,macaroni2,456,rescue,gaussian_blur,severe,Wiener,0.5,clean
PaDiM,VisA,macaroni2,456,degradation,motion_blur,mild,none,0.5,clean
PaDiM,VisA,macaroni2,456,rescue,motion_blur,mild,Wiener (Motion PSF),0.5697999596595764,clean
PaDiM,VisA,macaroni2,456,degradation,motion_blur,moderate,none,0.5,clean
PaDiM,VisA,macaroni2,456,rescue,motion_blur,moderate,Wiener (Motion PSF),0.505299985408783,clean
PaDiM,VisA,macaroni2,456,degradation,motion_blur,severe,none,0.5,clean
PaDiM,VisA,macaroni2,456,rescue,motion_blur,severe,Wiener (Motion PSF),0.5,clean
PaDiM,VisA,macaroni2,456,degradation,sensor_noise,mild,none,0.6096999645233154,clean
PaDiM,VisA,macaroni2,456,rescue,sensor_noise,mild,NLM Denoise,0.5049999952316284,clean
PaDiM,VisA,macaroni2,456,degradation,sensor_noise,moderate,none,0.4959499835968017,clean
PaDiM,VisA,macaroni2,456,rescue,sensor_noise,moderate,NLM Denoise,0.5049999952316284,clean
PaDiM,VisA,macaroni2,456,degradation,sensor_noise,severe,none,0.5267999768257141,clean
PaDiM,VisA,macaroni2,456,rescue,sensor_noise,severe,NLM Denoise,0.4948999881744385,clean
PaDiM,VisA,macaroni2,456,degradation,fog_haze,mild,none,0.5,clean
PaDiM,VisA,macaroni2,456,rescue,fog_haze,mild,Dehaze (Dark Channel),0.5,clean
PaDiM,VisA,macaroni2,456,degradation,fog_haze,moderate,none,0.5,clean
PaDiM,VisA,macaroni2,456,rescue,fog_haze,moderate,Dehaze (Dark Channel),0.5,clean
PaDiM,VisA,macaroni2,456,degradation,fog_haze,severe,none,0.5,clean
PaDiM,VisA,macaroni2,456,rescue,fog_haze,severe,Dehaze (Dark Channel),0.5,clean
PaDiM,VisA,pcb1,42,baseline,clean,none,none,0.815850019454956,clean
PaDiM,VisA,pcb1,42,degradation,low_light,mild,none,0.7675999999046326,clean
PaDiM,VisA,pcb1,42,rescue,low_light,mild,CLAHE,0.6678000092506409,clean
PaDiM,VisA,pcb1,42,rescue,low_light,mild,Retinex,0.7253000140190125,clean
PaDiM,VisA,pcb1,42,degradation,low_light,moderate,none,0.8212999701499939,clean
PaDiM,VisA,pcb1,42,rescue,low_light,moderate,CLAHE,0.7826000452041626,clean
PaDiM,VisA,pcb1,42,rescue,low_light,moderate,Retinex,0.7328499555587769,clean
PaDiM,VisA,pcb1,42,degradation,low_light,severe,none,0.716949999332428,clean
PaDiM,VisA,pcb1,42,rescue,low_light,severe,CLAHE,0.7210500240325928,clean
PaDiM,VisA,pcb1,42,rescue,low_light,severe,Retinex,0.5742999911308289,clean
PaDiM,VisA,pcb1,42,degradation,gaussian_blur,mild,none,0.5954999923706055,clean
PaDiM,VisA,pcb1,42,rescue,gaussian_blur,mild,Wiener,0.5805000066757202,clean
PaDiM,VisA,pcb1,42,degradation,gaussian_blur,moderate,none,0.4909999966621399,clean
PaDiM,VisA,pcb1,42,rescue,gaussian_blur,moderate,Wiener,0.4950999915599823,clean
PaDiM,VisA,pcb1,42,degradation,gaussian_blur,severe,none,0.4847999811172485,clean
PaDiM,VisA,pcb1,42,rescue,gaussian_blur,severe,Wiener,0.494700014591217,clean
PaDiM,VisA,pcb1,42,degradation,motion_blur,mild,none,0.6251000165939331,clean
PaDiM,VisA,pcb1,42,rescue,motion_blur,mild,Wiener (Motion PSF),0.5812000036239624,clean
PaDiM,VisA,pcb1,42,degradation,motion_blur,moderate,none,0.6771000027656555,clean
PaDiM,VisA,pcb1,42,rescue,motion_blur,moderate,Wiener (Motion PSF),0.5664999485015869,clean
PaDiM,VisA,pcb1,42,degradation,motion_blur,severe,none,0.5195000171661377,clean
PaDiM,VisA,pcb1,42,rescue,motion_blur,severe,Wiener (Motion PSF),0.4977999925613403,clean
PaDiM,VisA,pcb1,42,degradation,sensor_noise,mild,none,0.6193000078201294,clean
PaDiM,VisA,pcb1,42,rescue,sensor_noise,mild,NLM Denoise,0.6334500312805176,clean
PaDiM,VisA,pcb1,42,degradation,sensor_noise,moderate,none,0.4898499846458435,clean
PaDiM,VisA,pcb1,42,rescue,sensor_noise,moderate,NLM Denoise,0.5618999600410461,clean
PaDiM,VisA,pcb1,42,degradation,sensor_noise,severe,none,0.4799999892711639,clean
PaDiM,VisA,pcb1,42,rescue,sensor_noise,severe,NLM Denoise,0.5908000469207764,clean
PaDiM,VisA,pcb1,42,degradation,fog_haze,mild,none,0.6538000106811523,clean
PaDiM,VisA,pcb1,42,rescue,fog_haze,mild,Dehaze (Dark Channel),0.6035000085830688,clean
PaDiM,VisA,pcb1,42,degradation,fog_haze,moderate,none,0.5575000047683716,clean
PaDiM,VisA,pcb1,42,rescue,fog_haze,moderate,Dehaze (Dark Channel),0.5750499963760376,clean
PaDiM,VisA,pcb1,42,degradation,fog_haze,severe,none,0.4566999673843384,clean
PaDiM,VisA,pcb1,42,rescue,fog_haze,severe,Dehaze (Dark Channel),0.5325999855995178,clean
PaDiM,VisA,pcb1,123,baseline,clean,none,none,0.78739994764328,clean
PaDiM,VisA,pcb1,123,degradation,low_light,mild,none,0.690750002861023,clean
PaDiM,VisA,pcb1,123,rescue,low_light,mild,CLAHE,0.672700047492981,clean
PaDiM,VisA,pcb1,123,rescue,low_light,mild,Retinex,0.7036999464035034,clean
PaDiM,VisA,pcb1,123,degradation,low_light,moderate,none,0.7069499492645264,clean
PaDiM,VisA,pcb1,123,rescue,low_light,moderate,CLAHE,0.6813499927520752,clean
PaDiM,VisA,pcb1,123,rescue,low_light,moderate,Retinex,0.6103999614715576,clean
PaDiM,VisA,pcb1,123,degradation,low_light,severe,none,0.6617500185966492,clean
PaDiM,VisA,pcb1,123,rescue,low_light,severe,CLAHE,0.6517499685287476,clean
PaDiM,VisA,pcb1,123,rescue,low_light,severe,Retinex,0.6477000117301941,clean
PaDiM,VisA,pcb1,123,degradation,gaussian_blur,mild,none,0.6000000238418579,clean
PaDiM,VisA,pcb1,123,rescue,gaussian_blur,mild,Wiener,0.5559499859809875,clean
PaDiM,VisA,pcb1,123,degradation,gaussian_blur,moderate,none,0.50409996509552,clean
PaDiM,VisA,pcb1,123,rescue,gaussian_blur,moderate,Wiener,0.454800009727478,clean
PaDiM,VisA,pcb1,123,degradation,gaussian_blur,severe,none,0.5110999941825867,clean
PaDiM,VisA,pcb1,123,rescue,gaussian_blur,severe,Wiener,0.5,clean
PaDiM,VisA,pcb1,123,degradation,motion_blur,mild,none,0.519849956035614,clean
PaDiM,VisA,pcb1,123,rescue,motion_blur,mild,Wiener (Motion PSF),0.6454999446868896,clean
PaDiM,VisA,pcb1,123,degradation,motion_blur,moderate,none,0.4972999989986419,clean
PaDiM,VisA,pcb1,123,rescue,motion_blur,moderate,Wiener (Motion PSF),0.568850040435791,clean
PaDiM,VisA,pcb1,123,degradation,motion_blur,severe,none,0.4573499858379364,clean
PaDiM,VisA,pcb1,123,rescue,motion_blur,severe,Wiener (Motion PSF),0.449150025844574,clean
PaDiM,VisA,pcb1,123,degradation,sensor_noise,mild,none,0.5817499756813049,clean
PaDiM,VisA,pcb1,123,rescue,sensor_noise,mild,NLM Denoise,0.5382999777793884,clean
PaDiM,VisA,pcb1,123,degradation,sensor_noise,moderate,none,0.5500500202178955,clean
PaDiM,VisA,pcb1,123,rescue,sensor_noise,moderate,NLM Denoise,0.5412999987602234,clean
PaDiM,VisA,pcb1,123,degradation,sensor_noise,severe,none,0.5640000104904175,clean
PaDiM,VisA,pcb1,123,rescue,sensor_noise,severe,NLM Denoise,0.573199987411499,clean
PaDiM,VisA,pcb1,123,degradation,fog_haze,mild,none,0.5898000001907349,clean
PaDiM,VisA,pcb1,123,rescue,fog_haze,mild,Dehaze (Dark Channel),0.6554499864578247,clean
PaDiM,VisA,pcb1,123,degradation,fog_haze,moderate,none,0.4332000017166137,clean
PaDiM,VisA,pcb1,123,rescue,fog_haze,moderate,Dehaze (Dark Channel),0.5669000148773193,clean
PaDiM,VisA,pcb1,123,degradation,fog_haze,severe,none,0.4651999771595001,clean
PaDiM,VisA,pcb1,123,rescue,fog_haze,severe,Dehaze (Dark Channel),0.4486999809741974,clean
PaDiM,VisA,pcb2,42,baseline,clean,none,none,0.7745999097824097,clean
PaDiM,VisA,pcb2,42,degradation,low_light,mild,none,0.648300051689148,clean
PaDiM,VisA,pcb2,42,rescue,low_light,mild,CLAHE,0.6523000001907349,clean
PaDiM,VisA,pcb2,42,rescue,low_light,mild,Retinex,0.6323000192642212,clean
PaDiM,VisA,pcb2,42,degradation,low_light,moderate,none,0.5710000395774841,clean
PaDiM,VisA,pcb2,42,rescue,low_light,moderate,CLAHE,0.5940999984741211,clean
PaDiM,VisA,pcb2,42,rescue,low_light,moderate,Retinex,0.5879999995231628,clean
PaDiM,VisA,pcb2,42,degradation,low_light,severe,none,0.2977000176906585,clean
PaDiM,VisA,pcb2,42,rescue,low_light,severe,CLAHE,0.500249981880188,clean
PaDiM,VisA,pcb2,42,rescue,low_light,severe,Retinex,0.4315000176429748,clean
PaDiM,VisA,pcb2,42,degradation,gaussian_blur,mild,none,0.6617000102996826,clean
PaDiM,VisA,pcb2,42,rescue,gaussian_blur,mild,Wiener,0.6590999960899353,clean
PaDiM,VisA,pcb2,42,degradation,gaussian_blur,moderate,none,0.5535999536514282,clean
PaDiM,VisA,pcb2,42,rescue,gaussian_blur,moderate,Wiener,0.534600019454956,clean
PaDiM,VisA,pcb2,42,degradation,gaussian_blur,severe,none,0.5,clean
PaDiM,VisA,pcb2,42,rescue,gaussian_blur,severe,Wiener,0.6264500021934509,clean
PaDiM,VisA,pcb2,42,degradation,motion_blur,mild,none,0.6664999723434448,clean
PaDiM,VisA,pcb2,42,rescue,motion_blur,mild,Wiener (Motion PSF),0.5805000066757202,clean
PaDiM,VisA,pcb2,42,degradation,motion_blur,moderate,none,0.5642999410629272,clean
PaDiM,VisA,pcb2,42,rescue,motion_blur,moderate,Wiener (Motion PSF),0.4462000131607055,clean
PaDiM,VisA,pcb2,42,degradation,motion_blur,severe,none,0.5994000434875488,clean
PaDiM,VisA,pcb2,42,rescue,motion_blur,severe,Wiener (Motion PSF),0.47079998254776,clean
PaDiM,VisA,pcb2,42,degradation,sensor_noise,mild,none,0.600600004196167,clean
PaDiM,VisA,pcb2,42,rescue,sensor_noise,mild,NLM Denoise,0.5511500239372253,clean
PaDiM,VisA,pcb2,42,degradation,sensor_noise,moderate,none,0.4755000174045563,clean
PaDiM,VisA,pcb2,42,rescue,sensor_noise,moderate,NLM Denoise,0.5582000017166138,clean
PaDiM,VisA,pcb2,42,degradation,sensor_noise,severe,none,0.5,clean
PaDiM,VisA,pcb2,42,rescue,sensor_noise,severe,NLM Denoise,0.5146999955177307,clean
PaDiM,VisA,pcb2,42,degradation,fog_haze,mild,none,0.4771999716758728,clean
PaDiM,VisA,pcb2,42,rescue,fog_haze,mild,Dehaze (Dark Channel),0.444599986076355,clean
PaDiM,VisA,pcb2,42,degradation,fog_haze,moderate,none,0.4261000156402588,clean
PaDiM,VisA,pcb2,42,rescue,fog_haze,moderate,Dehaze (Dark Channel),0.3622500002384186,clean
PaDiM,VisA,pcb2,42,degradation,fog_haze,severe,none,0.4065999984741211,clean
PaDiM,VisA,pcb2,42,rescue,fog_haze,severe,Dehaze (Dark Channel),0.4600000083446502,clean
PaDiM,VisA,pcb2,123,baseline,clean,none,none,0.8070999979972839,clean
PaDiM,VisA,pcb2,123,degradation,low_light,mild,none,0.7110999822616577,clean
PaDiM,VisA,pcb2,123,rescue,low_light,mild,CLAHE,0.5254999399185181,clean
PaDiM,VisA,pcb2,123,rescue,low_light,mild,Retinex,0.752299964427948,clean
PaDiM,VisA,pcb2,123,degradation,low_light,moderate,none,0.5498499870300293,clean
PaDiM,VisA,pcb2,123,rescue,low_light,moderate,CLAHE,0.693850040435791,clean
PaDiM,VisA,pcb2,123,rescue,low_light,moderate,Retinex,0.6494499444961548,clean
PaDiM,VisA,pcb2,123,degradation,low_light,severe,none,0.4462499916553497,clean
PaDiM,VisA,pcb2,123,rescue,low_light,severe,CLAHE,0.78125,clean
PaDiM,VisA,pcb2,123,rescue,low_light,severe,Retinex,0.4308000206947326,clean
PaDiM,VisA,pcb2,123,degradation,gaussian_blur,mild,none,0.7247999906539917,clean
PaDiM,VisA,pcb2,123,rescue,gaussian_blur,mild,Wiener,0.6114000082015991,clean
PaDiM,VisA,pcb2,123,degradation,gaussian_blur,moderate,none,0.5,clean
PaDiM,VisA,pcb2,123,rescue,gaussian_blur,moderate,Wiener,0.5,clean
PaDiM,VisA,pcb2,123,degradation,gaussian_blur,severe,none,0.5,clean
PaDiM,VisA,pcb2,123,rescue,gaussian_blur,severe,Wiener,0.5,clean
PaDiM,VisA,pcb2,123,degradation,motion_blur,mild,none,0.6212000250816345,clean
PaDiM,VisA,pcb2,123,rescue,motion_blur,mild,Wiener (Motion PSF),0.6183000206947327,clean
PaDiM,VisA,pcb2,123,degradation,motion_blur,moderate,none,0.526949942111969,clean
PaDiM,VisA,pcb2,123,rescue,motion_blur,moderate,Wiener (Motion PSF),0.4054999947547912,clean
PaDiM,VisA,pcb2,123,degradation,motion_blur,severe,none,0.5,clean
PaDiM,VisA,pcb2,123,rescue,motion_blur,severe,Wiener (Motion PSF),0.5084999799728394,clean
PaDiM,VisA,pcb2,123,degradation,sensor_noise,mild,none,0.5449000000953674,clean
PaDiM,VisA,pcb2,123,rescue,sensor_noise,mild,NLM Denoise,0.5877499580383301,clean
PaDiM,VisA,pcb2,123,degradation,sensor_noise,moderate,none,0.5913000106811523,clean
PaDiM,VisA,pcb2,123,rescue,sensor_noise,moderate,NLM Denoise,0.5131999850273132,clean
PaDiM,VisA,pcb2,123,degradation,sensor_noise,severe,none,0.6118000149726868,clean
PaDiM,VisA,pcb2,123,rescue,sensor_noise,severe,NLM Denoise,0.4704000353813171,clean
PaDiM,VisA,pcb2,123,degradation,fog_haze,mild,none,0.579800009727478,clean
PaDiM,VisA,pcb2,123,rescue,fog_haze,mild,Dehaze (Dark Channel),0.6064000129699707,clean
PaDiM,VisA,pcb2,123,degradation,fog_haze,moderate,none,0.4510000348091125,clean
PaDiM,VisA,pcb2,123,rescue,fog_haze,moderate,Dehaze (Dark Channel),0.5030999779701233,clean
PaDiM,VisA,pcb2,123,degradation,fog_haze,severe,none,0.4948999881744385,clean
PaDiM,VisA,pcb2,123,rescue,fog_haze,severe,Dehaze (Dark Channel),0.4950000047683716,clean
PaDiM,VisA,pcb2,456,baseline,clean,none,none,0.8003000617027283,clean
PaDiM,VisA,pcb2,456,degradation,low_light,mild,none,0.7640999555587769,clean
PaDiM,VisA,pcb2,456,rescue,low_light,mild,CLAHE,0.6965000033378601,clean
PaDiM,VisA,pcb2,456,rescue,low_light,mild,Retinex,0.6151000261306763,clean
PaDiM,VisA,pcb2,456,degradation,low_light,moderate,none,0.595550000667572,clean
PaDiM,VisA,pcb2,456,rescue,low_light,moderate,CLAHE,0.7538999915122986,clean
PaDiM,VisA,pcb2,456,rescue,low_light,moderate,Retinex,0.5683000087738037,clean
PaDiM,VisA,pcb2,456,degradation,low_light,severe,none,0.313400000333786,clean
PaDiM,VisA,pcb2,456,rescue,low_light,severe,CLAHE,0.5435999631881714,clean
PaDiM,VisA,pcb2,456,rescue,low_light,severe,Retinex,0.5027999877929688,clean
PaDiM,VisA,pcb2,456,degradation,gaussian_blur,mild,none,0.3925999999046325,clean
PaDiM,VisA,pcb2,456,rescue,gaussian_blur,mild,Wiener,0.5906000137329102,clean
PaDiM,VisA,pcb2,456,degradation,gaussian_blur,moderate,none,0.5,clean
PaDiM,VisA,pcb2,456,rescue,gaussian_blur,moderate,Wiener,0.481249988079071,clean
PaDiM,VisA,pcb2,456,degradation,gaussian_blur,severe,none,0.5,clean
PaDiM,VisA,pcb2,456,rescue,gaussian_blur,severe,Wiener,0.5,clean
PaDiM,VisA,pcb2,456,degradation,motion_blur,mild,none,0.5681999921798706,clean
PaDiM,VisA,pcb2,456,rescue,motion_blur,mild,Wiener (Motion PSF),0.6728000044822693,clean
PaDiM,VisA,pcb2,456,degradation,motion_blur,moderate,none,0.4966000020503998,clean
PaDiM,VisA,pcb2,456,rescue,motion_blur,moderate,Wiener (Motion PSF),0.3834999799728393,clean
PaDiM,VisA,pcb2,456,degradation,motion_blur,severe,none,0.5065000057220459,clean
PaDiM,VisA,pcb2,456,rescue,motion_blur,severe,Wiener (Motion PSF),0.4067000150680542,clean
PaDiM,VisA,pcb2,456,degradation,sensor_noise,mild,none,0.6010000109672546,clean
PaDiM,VisA,pcb2,456,rescue,sensor_noise,mild,NLM Denoise,0.5418999791145325,clean
PaDiM,VisA,pcb2,456,degradation,sensor_noise,moderate,none,0.4478000402450561,clean
PaDiM,VisA,pcb2,456,rescue,sensor_noise,moderate,NLM Denoise,0.42330002784729,clean
PaDiM,VisA,pcb2,456,degradation,sensor_noise,severe,none,0.4432500004768371,clean
PaDiM,VisA,pcb2,456,rescue,sensor_noise,severe,NLM Denoise,0.3765999674797058,clean
PaDiM,VisA,pcb2,456,degradation,fog_haze,mild,none,0.3502500057220459,clean
PaDiM,VisA,pcb2,456,rescue,fog_haze,mild,Dehaze (Dark Channel),0.4239000082015991,clean
PaDiM,VisA,pcb2,456,degradation,fog_haze,moderate,none,0.3570500016212463,clean
PaDiM,VisA,pcb2,456,rescue,fog_haze,moderate,Dehaze (Dark Channel),0.3920000195503235,clean
PaDiM,VisA,pcb2,456,degradation,fog_haze,severe,none,0.3959999978542328,clean
PaDiM,VisA,pcb2,456,rescue,fog_haze,severe,Dehaze (Dark Channel),0.4733999967575073,clean
PaDiM,VisA,pcb3,42,baseline,clean,none,none,0.7958415746688843,clean
PaDiM,VisA,pcb3,42,degradation,low_light,mild,none,0.7894059419631958,clean
PaDiM,VisA,pcb3,42,rescue,low_light,mild,CLAHE,0.7388118505477905,clean
PaDiM,VisA,pcb3,42,rescue,low_light,mild,Retinex,0.5995544195175171,clean
PaDiM,VisA,pcb3,42,degradation,low_light,moderate,none,0.6983168125152588,clean
PaDiM,VisA,pcb3,42,rescue,low_light,moderate,CLAHE,0.7646534442901611,clean
PaDiM,VisA,pcb3,42,rescue,low_light,moderate,Retinex,0.6231682896614075,clean
PaDiM,VisA,pcb3,42,degradation,low_light,severe,none,0.5189108848571777,clean
PaDiM,VisA,pcb3,42,rescue,low_light,severe,CLAHE,0.6294059753417969,clean
PaDiM,VisA,pcb3,42,rescue,low_light,severe,Retinex,0.506831705570221,clean
PaDiM,VisA,pcb3,42,degradation,gaussian_blur,mild,none,0.7261385917663574,clean
PaDiM,VisA,pcb3,42,rescue,gaussian_blur,mild,Wiener,0.7193069458007812,clean
PaDiM,VisA,pcb3,42,degradation,gaussian_blur,moderate,none,0.5447524785995483,clean
PaDiM,VisA,pcb3,42,rescue,gaussian_blur,moderate,Wiener,0.7178217768669128,clean
PaDiM,VisA,pcb3,42,degradation,gaussian_blur,severe,none,0.4973762333393097,clean
PaDiM,VisA,pcb3,42,rescue,gaussian_blur,severe,Wiener,0.5463861227035522,clean
PaDiM,VisA,pcb3,42,degradation,motion_blur,mild,none,0.5347029566764832,clean
PaDiM,VisA,pcb3,42,rescue,motion_blur,mild,Wiener (Motion PSF),0.6297029256820679,clean
PaDiM,VisA,pcb3,42,degradation,motion_blur,moderate,none,0.4967326521873474,clean
PaDiM,VisA,pcb3,42,rescue,motion_blur,moderate,Wiener (Motion PSF),0.6008415818214417,clean
PaDiM,VisA,pcb3,42,degradation,motion_blur,severe,none,0.4803960621356964,clean
PaDiM,VisA,pcb3,42,rescue,motion_blur,severe,Wiener (Motion PSF),0.5782178044319153,clean
PaDiM,VisA,pcb3,42,degradation,sensor_noise,mild,none,0.6315841674804688,clean
PaDiM,VisA,pcb3,42,rescue,sensor_noise,mild,NLM Denoise,0.6394059658050537,clean
PaDiM,VisA,pcb3,42,degradation,sensor_noise,moderate,none,0.6204950213432312,clean
PaDiM,VisA,pcb3,42,rescue,sensor_noise,moderate,NLM Denoise,0.5740593671798706,clean
PaDiM,VisA,pcb3,42,degradation,sensor_noise,severe,none,0.5437623262405396,clean
PaDiM,VisA,pcb3,42,rescue,sensor_noise,severe,NLM Denoise,0.5884158611297607,clean
PaDiM,VisA,pcb3,42,degradation,fog_haze,mild,none,0.5732673406600952,clean
PaDiM,VisA,pcb3,42,rescue,fog_haze,mild,Dehaze (Dark Channel),0.5011386275291443,clean
PaDiM,VisA,pcb3,42,degradation,fog_haze,moderate,none,0.518613874912262,clean
PaDiM,VisA,pcb3,42,rescue,fog_haze,moderate,Dehaze (Dark Channel),0.5067326426506042,clean
PaDiM,VisA,pcb3,42,degradation,fog_haze,severe,none,0.4835643470287323,clean
PaDiM,VisA,pcb3,42,rescue,fog_haze,severe,Dehaze (Dark Channel),0.5649504661560059,clean
PaDiM,VisA,pcb3,123,baseline,clean,none,none,0.7945545315742493,clean
PaDiM,VisA,pcb3,123,degradation,low_light,mild,none,0.7515841722488403,clean
PaDiM,VisA,pcb3,123,rescue,low_light,mild,CLAHE,0.6682177782058716,clean
PaDiM,VisA,pcb3,123,rescue,low_light,mild,Retinex,0.6097029447555542,clean
PaDiM,VisA,pcb3,123,degradation,low_light,moderate,none,0.6938613653182983,clean
PaDiM,VisA,pcb3,123,rescue,low_light,moderate,CLAHE,0.6544554233551025,clean
PaDiM,VisA,pcb3,123,rescue,low_light,moderate,Retinex,0.664653480052948,clean
PaDiM,VisA,pcb3,123,degradation,low_light,severe,none,0.5773267149925232,clean
PaDiM,VisA,pcb3,123,rescue,low_light,severe,CLAHE,0.5428712964057922,clean
PaDiM,VisA,pcb3,123,rescue,low_light,severe,Retinex,0.4881682991981506,clean
PaDiM,VisA,pcb3,123,degradation,gaussian_blur,mild,none,0.7177227735519409,clean
PaDiM,VisA,pcb3,123,rescue,gaussian_blur,mild,Wiener,0.7182178497314453,clean
PaDiM,VisA,pcb3,123,degradation,gaussian_blur,moderate,none,0.4575247466564178,clean
PaDiM,VisA,pcb3,123,rescue,gaussian_blur,moderate,Wiener,0.5580198168754578,clean
PaDiM,VisA,pcb3,123,degradation,gaussian_blur,severe,none,0.474405974149704,clean
PaDiM,VisA,pcb3,123,rescue,gaussian_blur,severe,Wiener,0.4929702877998352,clean
PaDiM,VisA,pcb3,123,degradation,motion_blur,mild,none,0.7366336584091187,clean
PaDiM,VisA,pcb3,123,rescue,motion_blur,mild,Wiener (Motion PSF),0.7034653425216675,clean
PaDiM,VisA,pcb3,123,degradation,motion_blur,moderate,none,0.6019802093505859,clean
PaDiM,VisA,pcb3,123,rescue,motion_blur,moderate,Wiener (Motion PSF),0.5685148239135742,clean
PaDiM,VisA,pcb3,123,degradation,motion_blur,severe,none,0.6303960680961609,clean
PaDiM,VisA,pcb3,123,rescue,motion_blur,severe,Wiener (Motion PSF),0.6000000238418579,clean
PaDiM,VisA,pcb3,123,degradation,sensor_noise,mild,none,0.7078217267990112,clean
PaDiM,VisA,pcb3,123,rescue,sensor_noise,mild,NLM Denoise,0.610990047454834,clean
PaDiM,VisA,pcb3,123,degradation,sensor_noise,moderate,none,0.610990047454834,clean
PaDiM,VisA,pcb3,123,rescue,sensor_noise,moderate,NLM Denoise,0.5477227568626404,clean
PaDiM,VisA,pcb3,123,degradation,sensor_noise,severe,none,0.5449504852294922,clean
PaDiM,VisA,pcb3,123,rescue,sensor_noise,severe,NLM Denoise,0.5630693435668945,clean
PaDiM,VisA,pcb3,123,degradation,fog_haze,mild,none,0.5683663487434387,clean
PaDiM,VisA,pcb3,123,rescue,fog_haze,mild,Dehaze (Dark Channel),0.5535643696784973,clean
PaDiM,VisA,pcb3,123,degradation,fog_haze,moderate,none,0.5729207992553711,clean
PaDiM,VisA,pcb3,123,rescue,fog_haze,moderate,Dehaze (Dark Channel),0.6159900426864624,clean
PaDiM,VisA,pcb3,123,degradation,fog_haze,severe,none,0.5596039295196533,clean
PaDiM,VisA,pcb3,123,rescue,fog_haze,severe,Dehaze (Dark Channel),0.5448514819145203,clean
PaDiM,VisA,pcb3,456,baseline,clean,none,none,0.7720792293548584,clean
PaDiM,VisA,pcb3,456,degradation,low_light,mild,none,0.795940637588501,clean
PaDiM,VisA,pcb3,456,rescue,low_light,mild,CLAHE,0.7571287155151367,clean
PaDiM,VisA,pcb3,456,rescue,low_light,mild,Retinex,0.7238614559173584,clean
PaDiM,VisA,pcb3,456,degradation,low_light,moderate,none,0.718613862991333,clean
PaDiM,VisA,pcb3,456,rescue,low_light,moderate,CLAHE,0.7234653234481812,clean
PaDiM,VisA,pcb3,456,rescue,low_light,moderate,Retinex,0.7352474927902222,clean
PaDiM,VisA,pcb3,456,degradation,low_light,severe,none,0.5614851117134094,clean
PaDiM,VisA,pcb3,456,rescue,low_light,severe,CLAHE,0.5737623572349548,clean
PaDiM,VisA,pcb3,456,rescue,low_light,severe,Retinex,0.5540593862533569,clean
PaDiM,VisA,pcb3,456,degradation,gaussian_blur,mild,none,0.6021782159805298,clean
PaDiM,VisA,pcb3,456,rescue,gaussian_blur,mild,Wiener,0.7404950261116028,clean
PaDiM,VisA,pcb3,456,degradation,gaussian_blur,moderate,none,0.5,clean
PaDiM,VisA,pcb3,456,rescue,gaussian_blur,moderate,Wiener,0.5188613533973694,clean
PaDiM,VisA,pcb3,456,degradation,gaussian_blur,severe,none,0.4900000095367431,clean
PaDiM,VisA,pcb3,456,rescue,gaussian_blur,severe,Wiener,0.5,clean
PaDiM,VisA,pcb3,456,degradation,motion_blur,mild,none,0.7045544385910034,clean
PaDiM,VisA,pcb3,456,rescue,motion_blur,mild,Wiener (Motion PSF),0.7694059610366821,clean
PaDiM,VisA,pcb3,456,degradation,motion_blur,moderate,none,0.4888118803501129,clean
PaDiM,VisA,pcb3,456,rescue,motion_blur,moderate,Wiener (Motion PSF),0.6347525119781494,clean
PaDiM,VisA,pcb3,456,degradation,motion_blur,severe,none,0.4950000047683716,clean
PaDiM,VisA,pcb3,456,rescue,motion_blur,severe,Wiener (Motion PSF),0.6670297384262085,clean
PaDiM,VisA,pcb3,456,degradation,sensor_noise,mild,none,0.6749504804611206,clean
PaDiM,VisA,pcb3,456,rescue,sensor_noise,mild,NLM Denoise,0.6336633563041687,clean
PaDiM,VisA,pcb3,456,degradation,sensor_noise,moderate,none,0.5884158611297607,clean
PaDiM,VisA,pcb3,456,rescue,sensor_noise,moderate,NLM Denoise,0.6311880946159363,clean
PaDiM,VisA,pcb3,456,degradation,sensor_noise,severe,none,0.521584153175354,clean
PaDiM,VisA,pcb3,456,rescue,sensor_noise,severe,NLM Denoise,0.6607921123504639,clean
PaDiM,VisA,pcb3,456,degradation,fog_haze,mild,none,0.5259405970573425,clean
PaDiM,VisA,pcb3,456,rescue,fog_haze,mild,Dehaze (Dark Channel),0.473118782043457,clean
PaDiM,VisA,pcb3,456,degradation,fog_haze,moderate,none,0.5187624096870422,clean
PaDiM,VisA,pcb3,456,rescue,fog_haze,moderate,Dehaze (Dark Channel),0.4573267102241516,clean
PaDiM,VisA,pcb3,456,degradation,fog_haze,severe,none,0.4272772073745727,clean
PaDiM,VisA,pcb3,456,rescue,fog_haze,severe,Dehaze (Dark Channel),0.5704455971717834,clean
PaDiM,VisA,pcb4,42,baseline,clean,none,none,0.8920791745185852,clean
PaDiM,VisA,pcb4,42,degradation,low_light,mild,none,0.9209901094436646,clean
PaDiM,VisA,pcb4,42,rescue,low_light,mild,CLAHE,0.8515841960906982,clean
PaDiM,VisA,pcb4,42,rescue,low_light,mild,Retinex,0.6453465223312378,clean
PaDiM,VisA,pcb4,42,degradation,low_light,moderate,none,0.7902970314025879,clean
PaDiM,VisA,pcb4,42,rescue,low_light,moderate,CLAHE,0.8865841627120972,clean
PaDiM,VisA,pcb4,42,rescue,low_light,moderate,Retinex,0.6132673025131226,clean
PaDiM,VisA,pcb4,42,degradation,low_light,severe,none,0.5,clean
PaDiM,VisA,pcb4,42,rescue,low_light,severe,CLAHE,0.5,clean
PaDiM,VisA,pcb4,42,rescue,low_light,severe,Retinex,0.5,clean
PaDiM,VisA,pcb4,42,degradation,gaussian_blur,mild,none,0.7965346574783325,clean
PaDiM,VisA,pcb4,42,rescue,gaussian_blur,mild,Wiener,0.7512376308441162,clean
PaDiM,VisA,pcb4,42,degradation,gaussian_blur,moderate,none,0.5,clean
PaDiM,VisA,pcb4,42,rescue,gaussian_blur,moderate,Wiener,0.4749505221843719,clean
PaDiM,VisA,pcb4,42,degradation,gaussian_blur,severe,none,0.5,clean
PaDiM,VisA,pcb4,42,rescue,gaussian_blur,severe,Wiener,0.5,clean
PaDiM,VisA,pcb4,42,degradation,motion_blur,mild,none,0.7663366794586182,clean
PaDiM,VisA,pcb4,42,rescue,motion_blur,mild,Wiener (Motion PSF),0.7129702568054199,clean
PaDiM,VisA,pcb4,42,degradation,motion_blur,moderate,none,0.5,clean
PaDiM,VisA,pcb4,42,rescue,motion_blur,moderate,Wiener (Motion PSF),0.6228712797164917,clean
PaDiM,VisA,pcb4,42,degradation,motion_blur,severe,none,0.5,clean
PaDiM,VisA,pcb4,42,rescue,motion_blur,severe,Wiener (Motion PSF),0.5,clean
PaDiM,VisA,pcb4,42,degradation,sensor_noise,mild,none,0.6880692839622498,clean
PaDiM,VisA,pcb4,42,rescue,sensor_noise,mild,NLM Denoise,0.6816831827163696,clean
PaDiM,VisA,pcb4,42,degradation,sensor_noise,moderate,none,0.5,clean
PaDiM,VisA,pcb4,42,rescue,sensor_noise,moderate,NLM Denoise,0.8079208135604858,clean
PaDiM,VisA,pcb4,42,degradation,sensor_noise,severe,none,0.5,clean
PaDiM,VisA,pcb4,42,rescue,sensor_noise,severe,NLM Denoise,0.5967326760292053,clean
PaDiM,VisA,pcb4,42,degradation,fog_haze,mild,none,0.632821798324585,clean
PaDiM,VisA,pcb4,42,rescue,fog_haze,mild,Dehaze (Dark Channel),0.5518811941146851,clean
PaDiM,VisA,pcb4,42,degradation,fog_haze,moderate,none,0.5099999904632568,clean
PaDiM,VisA,pcb4,42,rescue,fog_haze,moderate,Dehaze (Dark Channel),0.5,clean
PaDiM,VisA,pcb4,42,degradation,fog_haze,severe,none,0.5,clean
PaDiM,VisA,pcb4,42,rescue,fog_haze,severe,Dehaze (Dark Channel),0.5,clean
PaDiM,VisA,pcb4,123,baseline,clean,none,none,0.9347029328346252,clean
PaDiM,VisA,pcb4,123,degradation,low_light,mild,none,0.8834652900695801,clean
PaDiM,VisA,pcb4,123,rescue,low_light,mild,CLAHE,0.6667822003364563,clean
PaDiM,VisA,pcb4,123,rescue,low_light,mild,Retinex,0.668415904045105,clean
PaDiM,VisA,pcb4,123,degradation,low_light,moderate,none,0.6900990009307861,clean
PaDiM,VisA,pcb4,123,rescue,low_light,moderate,CLAHE,0.8334653377532959,clean
PaDiM,VisA,pcb4,123,rescue,low_light,moderate,Retinex,0.7445544600486755,clean
PaDiM,VisA,pcb4,123,degradation,low_light,severe,none,0.5049505233764648,clean
PaDiM,VisA,pcb4,123,rescue,low_light,severe,CLAHE,0.565000057220459,clean
PaDiM,VisA,pcb4,123,rescue,low_light,severe,Retinex,0.5589109063148499,clean
PaDiM,VisA,pcb4,123,degradation,gaussian_blur,mild,none,0.693069338798523,clean
PaDiM,VisA,pcb4,123,rescue,gaussian_blur,mild,Wiener,0.7795544862747192,clean
PaDiM,VisA,pcb4,123,degradation,gaussian_blur,moderate,none,0.5300000309944153,clean
PaDiM,VisA,pcb4,123,rescue,gaussian_blur,moderate,Wiener,0.5025742053985596,clean
PaDiM,VisA,pcb4,123,degradation,gaussian_blur,severe,none,0.5,clean
PaDiM,VisA,pcb4,123,rescue,gaussian_blur,severe,Wiener,0.4991089403629303,clean
PaDiM,VisA,pcb4,123,degradation,motion_blur,mild,none,0.8083168268203735,clean
PaDiM,VisA,pcb4,123,rescue,motion_blur,mild,Wiener (Motion PSF),0.868712842464447,clean
PaDiM,VisA,pcb4,123,degradation,motion_blur,moderate,none,0.6900495290756226,clean
PaDiM,VisA,pcb4,123,rescue,motion_blur,moderate,Wiener (Motion PSF),0.6388118863105774,clean
PaDiM,VisA,pcb4,123,degradation,motion_blur,severe,none,0.5684158802032471,clean
PaDiM,VisA,pcb4,123,rescue,motion_blur,severe,Wiener (Motion PSF),0.4677227735519409,clean
PaDiM,VisA,pcb4,123,degradation,sensor_noise,mild,none,0.7337623834609985,clean
PaDiM,VisA,pcb4,123,rescue,sensor_noise,mild,NLM Denoise,0.7210395932197571,clean
PaDiM,VisA,pcb4,123,degradation,sensor_noise,moderate,none,0.807722806930542,clean
PaDiM,VisA,pcb4,123,rescue,sensor_noise,moderate,NLM Denoise,0.7701979875564575,clean
PaDiM,VisA,pcb4,123,degradation,sensor_noise,severe,none,0.7533168792724609,clean
PaDiM,VisA,pcb4,123,rescue,sensor_noise,severe,NLM Denoise,0.792178213596344,clean
PaDiM,VisA,pcb4,123,degradation,fog_haze,mild,none,0.5688118934631348,clean
PaDiM,VisA,pcb4,123,rescue,fog_haze,mild,Dehaze (Dark Channel),0.5181683301925659,clean
PaDiM,VisA,pcb4,123,degradation,fog_haze,moderate,none,0.4244554340839386,clean
PaDiM,VisA,pcb4,123,rescue,fog_haze,moderate,Dehaze (Dark Channel),0.5570297241210938,clean
PaDiM,VisA,pcb4,123,degradation,fog_haze,severe,none,0.5,clean
PaDiM,VisA,pcb4,123,rescue,fog_haze,severe,Dehaze (Dark Channel),0.5049505233764648,clean
PaDiM,VisA,pcb4,456,baseline,clean,none,none,0.9668316841125488,clean
PaDiM,VisA,pcb4,456,degradation,low_light,mild,none,0.8908910751342773,clean
PaDiM,VisA,pcb4,456,rescue,low_light,mild,CLAHE,0.8614851236343384,clean
PaDiM,VisA,pcb4,456,rescue,low_light,mild,Retinex,0.6816831827163696,clean
PaDiM,VisA,pcb4,456,degradation,low_light,moderate,none,0.773366391658783,clean
PaDiM,VisA,pcb4,456,rescue,low_light,moderate,CLAHE,0.8281188607215881,clean
PaDiM,VisA,pcb4,456,rescue,low_light,moderate,Retinex,0.721683144569397,clean
PaDiM,VisA,pcb4,456,degradation,low_light,severe,none,0.5,clean
PaDiM,VisA,pcb4,456,rescue,low_light,severe,CLAHE,0.5593069791793823,clean
PaDiM,VisA,pcb4,456,rescue,low_light,severe,Retinex,0.5048019886016846,clean
PaDiM,VisA,pcb4,456,degradation,gaussian_blur,mild,none,0.819504976272583,clean
PaDiM,VisA,pcb4,456,rescue,gaussian_blur,mild,Wiener,0.91267329454422,clean
PaDiM,VisA,pcb4,456,degradation,gaussian_blur,moderate,none,0.5,clean
PaDiM,VisA,pcb4,456,rescue,gaussian_blur,moderate,Wiener,0.5,clean
PaDiM,VisA,pcb4,456,degradation,gaussian_blur,severe,none,0.5,clean
PaDiM,VisA,pcb4,456,rescue,gaussian_blur,severe,Wiener,0.5,clean
PaDiM,VisA,pcb4,456,degradation,motion_blur,mild,none,0.7400000095367432,clean
PaDiM,VisA,pcb4,456,rescue,motion_blur,mild,Wiener (Motion PSF),0.7730692625045776,clean
PaDiM,VisA,pcb4,456,degradation,motion_blur,moderate,none,0.5,clean
PaDiM,VisA,pcb4,456,rescue,motion_blur,moderate,Wiener (Motion PSF),0.6679207682609558,clean
PaDiM,VisA,pcb4,456,degradation,motion_blur,severe,none,0.5,clean
PaDiM,VisA,pcb4,456,rescue,motion_blur,severe,Wiener (Motion PSF),0.5,clean
PaDiM,VisA,pcb4,456,degradation,sensor_noise,mild,none,0.5736633539199829,clean
PaDiM,VisA,pcb4,456,rescue,sensor_noise,mild,NLM Denoise,0.5181187987327576,clean
PaDiM,VisA,pcb4,456,degradation,sensor_noise,moderate,none,0.5144059062004089,clean
PaDiM,VisA,pcb4,456,rescue,sensor_noise,moderate,NLM Denoise,0.6183663606643677,clean
PaDiM,VisA,pcb4,456,degradation,sensor_noise,severe,none,0.5207921266555786,clean
PaDiM,VisA,pcb4,456,rescue,sensor_noise,severe,NLM Denoise,0.7446534633636475,clean
PaDiM,VisA,pcb4,456,degradation,fog_haze,mild,none,0.5099009871482849,clean
PaDiM,VisA,pcb4,456,rescue,fog_haze,mild,Dehaze (Dark Channel),0.5442079305648804,clean
PaDiM,VisA,pcb4,456,degradation,fog_haze,moderate,none,0.5,clean
PaDiM,VisA,pcb4,456,rescue,fog_haze,moderate,Dehaze (Dark Channel),0.5,clean
PaDiM,VisA,pcb4,456,degradation,fog_haze,severe,none,0.5,clean
PaDiM,VisA,pcb4,456,rescue,fog_haze,severe,Dehaze (Dark Channel),0.5,clean
PaDiM,VisA,pipe_fryum,42,baseline,clean,none,none,0.7992000579833984,clean
PaDiM,VisA,pipe_fryum,42,degradation,low_light,mild,none,0.419400006532669,clean
PaDiM,VisA,pipe_fryum,42,rescue,low_light,mild,CLAHE,0.7639999985694885,clean
PaDiM,VisA,pipe_fryum,42,rescue,low_light,mild,Retinex,0.5501999855041504,clean
PaDiM,VisA,pipe_fryum,42,degradation,low_light,moderate,none,0.5368000268936157,clean
PaDiM,VisA,pipe_fryum,42,rescue,low_light,moderate,CLAHE,0.4787999987602234,clean
PaDiM,VisA,pipe_fryum,42,rescue,low_light,moderate,Retinex,0.4912000000476837,clean
PaDiM,VisA,pipe_fryum,42,degradation,low_light,severe,none,0.5092999935150146,clean
PaDiM,VisA,pipe_fryum,42,rescue,low_light,severe,CLAHE,0.5738999843597412,clean
PaDiM,VisA,pipe_fryum,42,rescue,low_light,severe,Retinex,0.5126000046730042,clean
PaDiM,VisA,pipe_fryum,42,degradation,gaussian_blur,mild,none,0.6398000121116638,clean
PaDiM,VisA,pipe_fryum,42,rescue,gaussian_blur,mild,Wiener,0.7522000074386597,clean
PaDiM,VisA,pipe_fryum,42,degradation,gaussian_blur,moderate,none,0.4093999862670898,clean
PaDiM,VisA,pipe_fryum,42,rescue,gaussian_blur,moderate,Wiener,0.4968000054359436,clean
PaDiM,VisA,pipe_fryum,42,degradation,gaussian_blur,severe,none,0.5099999904632568,clean
PaDiM,VisA,pipe_fryum,42,rescue,gaussian_blur,severe,Wiener,0.4995999932289123,clean
PaDiM,VisA,pipe_fryum,42,degradation,motion_blur,mild,none,0.5619999766349792,clean
PaDiM,VisA,pipe_fryum,42,rescue,motion_blur,mild,Wiener (Motion PSF),0.635200023651123,clean
PaDiM,VisA,pipe_fryum,42,degradation,motion_blur,moderate,none,0.5088000297546387,clean
PaDiM,VisA,pipe_fryum,42,rescue,motion_blur,moderate,Wiener (Motion PSF),0.5580000281333923,clean
PaDiM,VisA,pipe_fryum,42,degradation,motion_blur,severe,none,0.4915000200271606,clean
PaDiM,VisA,pipe_fryum,42,rescue,motion_blur,severe,Wiener (Motion PSF),0.4872000217437744,clean
PaDiM,VisA,pipe_fryum,42,degradation,sensor_noise,mild,none,0.6818000078201294,clean
PaDiM,VisA,pipe_fryum,42,rescue,sensor_noise,mild,NLM Denoise,0.6435999870300293,clean
PaDiM,VisA,pipe_fryum,42,degradation,sensor_noise,moderate,none,0.4932000041007995,clean
PaDiM,VisA,pipe_fryum,42,rescue,sensor_noise,moderate,NLM Denoise,0.6194000244140625,clean
PaDiM,VisA,pipe_fryum,42,degradation,sensor_noise,severe,none,0.4847000241279602,clean
PaDiM,VisA,pipe_fryum,42,rescue,sensor_noise,severe,NLM Denoise,0.5283999443054199,clean
PaDiM,VisA,pipe_fryum,42,degradation,fog_haze,mild,none,0.5530999898910522,clean
PaDiM,VisA,pipe_fryum,42,rescue,fog_haze,mild,Dehaze (Dark Channel),0.4736000299453735,clean
PaDiM,VisA,pipe_fryum,42,degradation,fog_haze,moderate,none,0.4251999855041504,clean
PaDiM,VisA,pipe_fryum,42,rescue,fog_haze,moderate,Dehaze (Dark Channel),0.5,clean
PaDiM,VisA,pipe_fryum,42,degradation,fog_haze,severe,none,0.4900000095367431,clean
PaDiM,VisA,pipe_fryum,42,rescue,fog_haze,severe,Dehaze (Dark Channel),0.5,clean
PaDiM,VisA,pipe_fryum,123,baseline,clean,none,none,0.8502000570297241,clean
PaDiM,VisA,pipe_fryum,123,degradation,low_light,mild,none,0.4193999767303467,clean
PaDiM,VisA,pipe_fryum,123,rescue,low_light,mild,CLAHE,0.751800000667572,clean
PaDiM,VisA,pipe_fryum,123,rescue,low_light,mild,Retinex,0.6398000121116638,clean
PaDiM,VisA,pipe_fryum,123,degradation,low_light,moderate,none,0.5895999670028687,clean
PaDiM,VisA,pipe_fryum,123,rescue,low_light,moderate,CLAHE,0.444599986076355,clean
PaDiM,VisA,pipe_fryum,123,rescue,low_light,moderate,Retinex,0.4950000047683716,clean
PaDiM,VisA,pipe_fryum,123,degradation,low_light,severe,none,0.5684000253677368,clean
PaDiM,VisA,pipe_fryum,123,rescue,low_light,severe,CLAHE,0.6119999885559082,clean
PaDiM,VisA,pipe_fryum,123,rescue,low_light,severe,Retinex,0.5745999813079834,clean
PaDiM,VisA,pipe_fryum,123,degradation,gaussian_blur,mild,none,0.665600061416626,clean
PaDiM,VisA,pipe_fryum,123,rescue,gaussian_blur,mild,Wiener,0.7933000326156616,clean
PaDiM,VisA,pipe_fryum,123,degradation,gaussian_blur,moderate,none,0.5063999891281128,clean
PaDiM,VisA,pipe_fryum,123,rescue,gaussian_blur,moderate,Wiener,0.4674000144004822,clean
PaDiM,VisA,pipe_fryum,123,degradation,gaussian_blur,severe,none,0.5479999780654907,clean
PaDiM,VisA,pipe_fryum,123,rescue,gaussian_blur,severe,Wiener,0.4800000190734863,clean
PaDiM,VisA,pipe_fryum,123,degradation,motion_blur,mild,none,0.6777999401092529,clean
PaDiM,VisA,pipe_fryum,123,rescue,motion_blur,mild,Wiener (Motion PSF),0.626800000667572,clean
PaDiM,VisA,pipe_fryum,123,degradation,motion_blur,moderate,none,0.6764000654220581,clean
PaDiM,VisA,pipe_fryum,123,rescue,motion_blur,moderate,Wiener (Motion PSF),0.4751999974250793,clean
PaDiM,VisA,pipe_fryum,123,degradation,motion_blur,severe,none,0.4960000216960907,clean
PaDiM,VisA,pipe_fryum,123,rescue,motion_blur,severe,Wiener (Motion PSF),0.5356000065803528,clean
PaDiM,VisA,pipe_fryum,123,degradation,sensor_noise,mild,none,0.6757000088691711,clean
PaDiM,VisA,pipe_fryum,123,rescue,sensor_noise,mild,NLM Denoise,0.54339998960495,clean
PaDiM,VisA,pipe_fryum,123,degradation,sensor_noise,moderate,none,0.6262000203132629,clean
PaDiM,VisA,pipe_fryum,123,rescue,sensor_noise,moderate,NLM Denoise,0.5766000747680664,clean
PaDiM,VisA,pipe_fryum,123,degradation,sensor_noise,severe,none,0.5486000180244446,clean
PaDiM,VisA,pipe_fryum,123,rescue,sensor_noise,severe,NLM Denoise,0.5710000395774841,clean
PaDiM,VisA,pipe_fryum,123,degradation,fog_haze,mild,none,0.5749000310897827,clean
PaDiM,VisA,pipe_fryum,123,rescue,fog_haze,mild,Dehaze (Dark Channel),0.5455999970436096,clean
PaDiM,VisA,pipe_fryum,123,degradation,fog_haze,moderate,none,0.4967999756336212,clean
PaDiM,VisA,pipe_fryum,123,rescue,fog_haze,moderate,Dehaze (Dark Channel),0.4464000165462494,clean
PaDiM,VisA,pipe_fryum,123,degradation,fog_haze,severe,none,0.5099999904632568,clean
PaDiM,VisA,pipe_fryum,123,rescue,fog_haze,severe,Dehaze (Dark Channel),0.5,clean
PaDiM,VisA,pipe_fryum,456,baseline,clean,none,none,0.8348000049591064,clean
PaDiM,VisA,pipe_fryum,456,degradation,low_light,mild,none,0.4146000146865845,clean
PaDiM,VisA,pipe_fryum,456,rescue,low_light,mild,CLAHE,0.6949999928474426,clean
PaDiM,VisA,pipe_fryum,456,rescue,low_light,mild,Retinex,0.5576000213623047,clean
PaDiM,VisA,pipe_fryum,456,degradation,low_light,moderate,none,0.5613999962806702,clean
PaDiM,VisA,pipe_fryum,456,rescue,low_light,moderate,CLAHE,0.4474000036716461,clean
PaDiM,VisA,pipe_fryum,456,rescue,low_light,moderate,Retinex,0.4377000033855438,clean
PaDiM,VisA,pipe_fryum,456,degradation,low_light,severe,none,0.4660999774932861,clean
PaDiM,VisA,pipe_fryum,456,rescue,low_light,severe,CLAHE,0.5472000241279602,clean
PaDiM,VisA,pipe_fryum,456,rescue,low_light,severe,Retinex,0.5400999784469604,clean
PaDiM,VisA,pipe_fryum,456,degradation,gaussian_blur,mild,none,0.6577000617980957,clean
PaDiM,VisA,pipe_fryum,456,rescue,gaussian_blur,mild,Wiener,0.7907999753952026,clean
PaDiM,VisA,pipe_fryum,456,degradation,gaussian_blur,moderate,none,0.4427999854087829,clean
PaDiM,VisA,pipe_fryum,456,rescue,gaussian_blur,moderate,Wiener,0.5205999612808228,clean
PaDiM,VisA,pipe_fryum,456,degradation,gaussian_blur,severe,none,0.4827999472618103,clean
PaDiM,VisA,pipe_fryum,456,rescue,gaussian_blur,severe,Wiener,0.5133000016212463,clean
PaDiM,VisA,pipe_fryum,456,degradation,motion_blur,mild,none,0.6909999847412109,clean
PaDiM,VisA,pipe_fryum,456,rescue,motion_blur,mild,Wiener (Motion PSF),0.6496000289916992,clean
PaDiM,VisA,pipe_fryum,456,degradation,motion_blur,moderate,none,0.4621999859809875,clean
PaDiM,VisA,pipe_fryum,456,rescue,motion_blur,moderate,Wiener (Motion PSF),0.629599928855896,clean
PaDiM,VisA,pipe_fryum,456,degradation,motion_blur,severe,none,0.5273000001907349,clean
PaDiM,VisA,pipe_fryum,456,rescue,motion_blur,severe,Wiener (Motion PSF),0.5812000036239624,clean
PaDiM,VisA,pipe_fryum,456,degradation,sensor_noise,mild,none,0.6344000101089478,clean
PaDiM,VisA,pipe_fryum,456,rescue,sensor_noise,mild,NLM Denoise,0.55840003490448,clean
PaDiM,VisA,pipe_fryum,456,degradation,sensor_noise,moderate,none,0.5870000123977661,clean
PaDiM,VisA,pipe_fryum,456,rescue,sensor_noise,moderate,NLM Denoise,0.5651999711990356,clean
PaDiM,VisA,pipe_fryum,456,degradation,sensor_noise,severe,none,0.5841000080108643,clean
PaDiM,VisA,pipe_fryum,456,rescue,sensor_noise,severe,NLM Denoise,0.5463999509811401,clean
PaDiM,VisA,pipe_fryum,456,degradation,fog_haze,mild,none,0.5,clean
PaDiM,VisA,pipe_fryum,456,rescue,fog_haze,mild,Dehaze (Dark Channel),0.5963000059127808,clean
PaDiM,VisA,pipe_fryum,456,degradation,fog_haze,moderate,none,0.5,clean
PaDiM,VisA,pipe_fryum,456,rescue,fog_haze,moderate,Dehaze (Dark Channel),0.5206000208854675,clean
PaDiM,VisA,pipe_fryum,456,degradation,fog_haze,severe,none,0.5,clean
PaDiM,VisA,pipe_fryum,456,rescue,fog_haze,severe,Dehaze (Dark Channel),0.5051000118255615,clean
PaDiM,VisA,macaroni1,42,baseline,clean,none,none,0.7417500019073486,clean
PaDiM,VisA,macaroni1,42,degradation,low_light,mild,none,0.6630499958992004,clean
PaDiM,VisA,macaroni1,42,rescue,low_light,mild,CLAHE,0.7678999900817871,clean
PaDiM,VisA,macaroni1,42,rescue,low_light,mild,Retinex,0.4950000047683716,clean
PaDiM,VisA,macaroni1,42,degradation,low_light,moderate,none,0.5351000428199768,clean
PaDiM,VisA,macaroni1,42,rescue,low_light,moderate,CLAHE,0.513450026512146,clean
PaDiM,VisA,macaroni1,42,rescue,low_light,moderate,Retinex,0.5199999809265137,clean
PaDiM,VisA,macaroni1,42,degradation,low_light,severe,none,0.5,clean
PaDiM,VisA,macaroni1,42,rescue,low_light,severe,CLAHE,0.5,clean
PaDiM,VisA,macaroni1,42,rescue,low_light,severe,Retinex,0.5000500082969666,clean
PaDiM,VisA,macaroni1,42,degradation,gaussian_blur,mild,none,0.5784000158309937,clean
PaDiM,VisA,macaroni1,42,rescue,gaussian_blur,mild,Wiener,0.651900053024292,clean
PaDiM,VisA,macaroni1,42,degradation,gaussian_blur,moderate,none,0.5657999515533447,clean
PaDiM,VisA,macaroni1,42,rescue,gaussian_blur,moderate,Wiener,0.5,clean
PaDiM,VisA,macaroni1,42,degradation,gaussian_blur,severe,none,0.5,clean
PaDiM,VisA,macaroni1,42,rescue,gaussian_blur,severe,Wiener,0.5,clean
PaDiM,VisA,macaroni1,42,degradation,motion_blur,mild,none,0.6251000165939331,clean
PaDiM,VisA,macaroni1,42,rescue,motion_blur,mild,Wiener (Motion PSF),0.6661999821662903,clean
PaDiM,VisA,macaroni1,42,degradation,motion_blur,moderate,none,0.5,clean
PaDiM,VisA,macaroni1,42,rescue,motion_blur,moderate,Wiener (Motion PSF),0.529900074005127,clean
PaDiM,VisA,macaroni1,42,degradation,motion_blur,severe,none,0.5,clean
PaDiM,VisA,macaroni1,42,rescue,motion_blur,severe,Wiener (Motion PSF),0.5049999952316284,clean
PaDiM,VisA,macaroni1,42,degradation,sensor_noise,mild,none,0.5049999952316284,clean
PaDiM,VisA,macaroni1,42,rescue,sensor_noise,mild,NLM Denoise,0.5748000144958496,clean
PaDiM,VisA,macaroni1,42,degradation,sensor_noise,moderate,none,0.5,clean
PaDiM,VisA,macaroni1,42,rescue,sensor_noise,moderate,NLM Denoise,0.5197500586509705,clean
PaDiM,VisA,macaroni1,42,degradation,sensor_noise,severe,none,0.5,clean
PaDiM,VisA,macaroni1,42,rescue,sensor_noise,severe,NLM Denoise,0.5,clean
PaDiM,VisA,macaroni1,42,degradation,fog_haze,mild,none,0.5291000008583069,clean
PaDiM,VisA,macaroni1,42,rescue,fog_haze,mild,Dehaze (Dark Channel),0.4555000066757202,clean
PaDiM,VisA,macaroni1,42,degradation,fog_haze,moderate,none,0.4900000095367431,clean
PaDiM,VisA,macaroni1,42,rescue,fog_haze,moderate,Dehaze (Dark Channel),0.5,clean
PaDiM,VisA,macaroni1,42,degradation,fog_haze,severe,none,0.5,clean
PaDiM,VisA,macaroni1,42,rescue,fog_haze,severe,Dehaze (Dark Channel),0.5,clean
PaDiM,VisA,pcb1,456,baseline,clean,none,none,0.83160001039505,clean
PaDiM,VisA,pcb1,456,degradation,low_light,mild,none,0.8003000020980835,clean
PaDiM,VisA,pcb1,456,rescue,low_light,mild,CLAHE,0.7708500027656555,clean
PaDiM,VisA,pcb1,456,rescue,low_light,mild,Retinex,0.7853000164031982,clean
PaDiM,VisA,pcb1,456,degradation,low_light,moderate,none,0.8193999528884888,clean
PaDiM,VisA,pcb1,456,rescue,low_light,moderate,CLAHE,0.7644000053405762,clean
PaDiM,VisA,pcb1,456,rescue,low_light,moderate,Retinex,0.7649999856948853,clean
PaDiM,VisA,pcb1,456,degradation,low_light,severe,none,0.6787999868392944,clean
PaDiM,VisA,pcb1,456,rescue,low_light,severe,CLAHE,0.5735999941825867,clean
PaDiM,VisA,pcb1,456,rescue,low_light,severe,Retinex,0.7553499937057495,clean
PaDiM,VisA,pcb1,456,degradation,gaussian_blur,mild,none,0.8519499897956848,clean
PaDiM,VisA,pcb1,456,rescue,gaussian_blur,mild,Wiener,0.585099995136261,clean
PaDiM,VisA,pcb1,456,degradation,gaussian_blur,moderate,none,0.5,clean
PaDiM,VisA,pcb1,456,rescue,gaussian_blur,moderate,Wiener,0.5,clean
PaDiM,VisA,pcb1,456,degradation,gaussian_blur,severe,none,0.5,clean
PaDiM,VisA,pcb1,456,rescue,gaussian_blur,severe,Wiener,0.5,clean
PaDiM,VisA,pcb1,456,degradation,motion_blur,mild,none,0.4850000143051147,clean
PaDiM,VisA,pcb1,456,rescue,motion_blur,mild,Wiener (Motion PSF),0.6265000104904175,clean
PaDiM,VisA,pcb1,456,degradation,motion_blur,moderate,none,0.5,clean
PaDiM,VisA,pcb1,456,rescue,motion_blur,moderate,Wiener (Motion PSF),0.5242000222206116,clean
PaDiM,VisA,pcb1,456,degradation,motion_blur,severe,none,0.5,clean
PaDiM,VisA,pcb1,456,rescue,motion_blur,severe,Wiener (Motion PSF),0.5,clean
PaDiM,VisA,pcb1,456,degradation,sensor_noise,mild,none,0.6125500202178955,clean
PaDiM,VisA,pcb1,456,rescue,sensor_noise,mild,NLM Denoise,0.5439000129699707,clean
PaDiM,VisA,pcb1,456,degradation,sensor_noise,moderate,none,0.5691499710083008,clean
PaDiM,VisA,pcb1,456,rescue,sensor_noise,moderate,NLM Denoise,0.6940000057220459,clean
PaDiM,VisA,pcb1,456,degradation,sensor_noise,severe,none,0.5409999489784241,clean
PaDiM,VisA,pcb1,456,rescue,sensor_noise,severe,NLM Denoise,0.7400000095367432,clean
PaDiM,VisA,pcb1,456,degradation,fog_haze,mild,none,0.6428999900817871,clean
PaDiM,VisA,pcb1,456,rescue,fog_haze,mild,Dehaze (Dark Channel),0.696150004863739,clean
PaDiM,VisA,pcb1,456,degradation,fog_haze,moderate,none,0.5099499821662903,clean
PaDiM,VisA,pcb1,456,rescue,fog_haze,moderate,Dehaze (Dark Channel),0.6610000133514404,clean
PaDiM,VisA,pcb1,456,degradation,fog_haze,severe,none,0.5049999952316284,clean
PaDiM,VisA,pcb1,456,rescue,fog_haze,severe,Dehaze (Dark Channel),0.5622999668121338,clean
PatchCore,VisA,candle,42,baseline,clean,none,none,0.8833999037742615,augmented
PatchCore,VisA,candle,42,degradation,low_light,mild,none,0.9550000429153442,augmented
PatchCore,VisA,candle,42,rescue,low_light,mild,CLAHE,0.7985000014305115,augmented
PatchCore,VisA,candle,42,rescue,low_light,mild,Retinex,0.7391250133514404,augmented
PatchCore,VisA,candle,42,degradation,low_light,moderate,none,0.9585999846458436,augmented
PatchCore,VisA,candle,42,rescue,low_light,moderate,CLAHE,0.8843500018119812,augmented
PatchCore,VisA,candle,42,rescue,low_light,moderate,Retinex,0.4976249933242798,augmented
PatchCore,VisA,candle,42,degradation,low_light,severe,none,0.9569499492645264,augmented
PatchCore,VisA,candle,42,rescue,low_light,severe,CLAHE,0.9326000213623048,augmented
PatchCore,VisA,candle,42,rescue,low_light,severe,Retinex,0.5,augmented
PatchCore,VisA,candle,42,degradation,gaussian_blur,mild,none,0.9398999214172364,augmented
PatchCore,VisA,candle,42,rescue,gaussian_blur,mild,Wiener,0.7404999732971191,augmented
PatchCore,VisA,candle,42,degradation,gaussian_blur,moderate,none,0.798799991607666,augmented
PatchCore,VisA,candle,42,rescue,gaussian_blur,moderate,Wiener,0.5,augmented
PatchCore,VisA,candle,42,degradation,gaussian_blur,severe,none,0.7292500138282776,augmented
PatchCore,VisA,candle,42,rescue,gaussian_blur,severe,Wiener,0.5,augmented
PatchCore,VisA,candle,42,degradation,motion_blur,mild,none,0.9191000461578368,augmented
PatchCore,VisA,candle,42,rescue,motion_blur,mild,Wiener (Motion PSF),0.5,augmented
PatchCore,VisA,candle,42,degradation,motion_blur,moderate,none,0.8507000207901001,augmented
PatchCore,VisA,candle,42,rescue,motion_blur,moderate,Wiener (Motion PSF),0.5,augmented
PatchCore,VisA,candle,42,degradation,motion_blur,severe,none,0.7981499433517456,augmented
PatchCore,VisA,candle,42,rescue,motion_blur,severe,Wiener (Motion PSF),0.5,augmented
PatchCore,VisA,candle,42,degradation,sensor_noise,mild,none,0.7986999750137329,augmented
PatchCore,VisA,candle,42,rescue,sensor_noise,mild,NLM Denoise,0.70169997215271,augmented
PatchCore,VisA,candle,42,degradation,sensor_noise,moderate,none,0.7577000260353088,augmented
PatchCore,VisA,candle,42,rescue,sensor_noise,moderate,NLM Denoise,0.791700005531311,augmented
PatchCore,VisA,candle,42,degradation,sensor_noise,severe,none,0.6608499884605408,augmented
PatchCore,VisA,candle,42,rescue,sensor_noise,severe,NLM Denoise,0.6366999745368958,augmented
PatchCore,VisA,candle,42,degradation,fog_haze,mild,none,0.6669999957084656,augmented
PatchCore,VisA,candle,42,rescue,fog_haze,mild,Dehaze (Dark Channel),0.4981000125408172,augmented
PatchCore,VisA,candle,42,degradation,fog_haze,moderate,none,0.5603500008583069,augmented
PatchCore,VisA,candle,42,rescue,fog_haze,moderate,Dehaze (Dark Channel),0.5,augmented
PatchCore,VisA,candle,42,degradation,fog_haze,severe,none,0.6420750617980957,augmented
PatchCore,VisA,candle,42,rescue,fog_haze,severe,Dehaze (Dark Channel),0.5,augmented
PatchCore,VisA,candle,123,baseline,clean,none,none,0.8978999853134155,augmented
PatchCore,VisA,candle,123,degradation,low_light,mild,none,0.9571999907493592,augmented
PatchCore,VisA,candle,123,rescue,low_light,mild,CLAHE,0.8055999875068665,augmented
PatchCore,VisA,candle,123,rescue,low_light,mild,Retinex,0.7410000562667847,augmented
PatchCore,VisA,candle,123,degradation,low_light,moderate,none,0.9541500210762024,augmented
PatchCore,VisA,candle,123,rescue,low_light,moderate,CLAHE,0.8688499927520752,augmented
PatchCore,VisA,candle,123,rescue,low_light,moderate,Retinex,0.735249936580658,augmented
PatchCore,VisA,candle,123,degradation,low_light,severe,none,0.9559500217437744,augmented
PatchCore,VisA,candle,123,rescue,low_light,severe,CLAHE,0.913349986076355,augmented
PatchCore,VisA,candle,123,rescue,low_light,severe,Retinex,0.5,augmented
PatchCore,VisA,candle,123,degradation,gaussian_blur,mild,none,0.942050039768219,augmented
PatchCore,VisA,candle,123,rescue,gaussian_blur,mild,Wiener,0.7340250015258789,augmented
PatchCore,VisA,candle,123,degradation,gaussian_blur,moderate,none,0.8111500144004822,augmented
PatchCore,VisA,candle,123,rescue,gaussian_blur,moderate,Wiener,0.5,augmented
PatchCore,VisA,candle,123,degradation,gaussian_blur,severe,none,0.7316499948501587,augmented
PatchCore,VisA,candle,123,rescue,gaussian_blur,severe,Wiener,0.5,augmented
PatchCore,VisA,candle,123,degradation,motion_blur,mild,none,0.910450041294098,augmented
PatchCore,VisA,candle,123,rescue,motion_blur,mild,Wiener (Motion PSF),0.5,augmented
PatchCore,VisA,candle,123,degradation,motion_blur,moderate,none,0.8249500393867493,augmented
PatchCore,VisA,candle,123,rescue,motion_blur,moderate,Wiener (Motion PSF),0.5,augmented
PatchCore,VisA,candle,123,degradation,motion_blur,severe,none,0.7950999736785889,augmented
PatchCore,VisA,candle,123,rescue,motion_blur,severe,Wiener (Motion PSF),0.5,augmented
PatchCore,VisA,candle,123,degradation,sensor_noise,mild,none,0.8121500015258789,augmented
PatchCore,VisA,candle,123,rescue,sensor_noise,mild,NLM Denoise,0.7177000045776367,augmented
PatchCore,VisA,candle,123,degradation,sensor_noise,moderate,none,0.7696000337600708,augmented
PatchCore,VisA,candle,123,rescue,sensor_noise,moderate,NLM Denoise,0.75,augmented
PatchCore,VisA,candle,123,degradation,sensor_noise,severe,none,0.6069499850273132,augmented
PatchCore,VisA,candle,123,rescue,sensor_noise,severe,NLM Denoise,0.6126500368118286,augmented
PatchCore,VisA,candle,123,degradation,fog_haze,mild,none,0.6678500175476074,augmented
PatchCore,VisA,candle,123,rescue,fog_haze,mild,Dehaze (Dark Channel),0.5435000061988831,augmented
PatchCore,VisA,candle,123,degradation,fog_haze,moderate,none,0.6008999943733215,augmented
PatchCore,VisA,candle,123,rescue,fog_haze,moderate,Dehaze (Dark Channel),0.5,augmented
PatchCore,VisA,candle,123,degradation,fog_haze,severe,none,0.5217999815940857,augmented
PatchCore,VisA,candle,123,rescue,fog_haze,severe,Dehaze (Dark Channel),0.5,augmented
PatchCore,VisA,candle,456,baseline,clean,none,none,0.8848749995231628,augmented
PatchCore,VisA,candle,456,degradation,low_light,mild,none,0.9546000957489014,augmented
PatchCore,VisA,candle,456,rescue,low_light,mild,CLAHE,0.7870999574661255,augmented
PatchCore,VisA,candle,456,rescue,low_light,mild,Retinex,0.7157500386238098,augmented
PatchCore,VisA,candle,456,degradation,low_light,moderate,none,0.9417499899864196,augmented
PatchCore,VisA,candle,456,rescue,low_light,moderate,CLAHE,0.8639750480651855,augmented
PatchCore,VisA,candle,456,rescue,low_light,moderate,Retinex,0.4898000061511993,augmented
PatchCore,VisA,candle,456,degradation,low_light,severe,none,0.9564999938011168,augmented
PatchCore,VisA,candle,456,rescue,low_light,severe,CLAHE,0.9278500080108644,augmented
PatchCore,VisA,candle,456,rescue,low_light,severe,Retinex,0.5,augmented
PatchCore,VisA,candle,456,degradation,gaussian_blur,mild,none,0.948799967765808,augmented
PatchCore,VisA,candle,456,rescue,gaussian_blur,mild,Wiener,0.7402499914169312,augmented
PatchCore,VisA,candle,456,degradation,gaussian_blur,moderate,none,0.7968000173568726,augmented
PatchCore,VisA,candle,456,rescue,gaussian_blur,moderate,Wiener,0.5,augmented
PatchCore,VisA,candle,456,degradation,gaussian_blur,severe,none,0.7269999980926514,augmented
PatchCore,VisA,candle,456,rescue,gaussian_blur,severe,Wiener,0.5,augmented
PatchCore,VisA,candle,456,degradation,motion_blur,mild,none,0.9048999547958374,augmented
PatchCore,VisA,candle,456,rescue,motion_blur,mild,Wiener (Motion PSF),0.5,augmented
PatchCore,VisA,candle,456,degradation,motion_blur,moderate,none,0.8202250003814697,augmented
PatchCore,VisA,candle,456,rescue,motion_blur,moderate,Wiener (Motion PSF),0.5,augmented
PatchCore,VisA,candle,456,degradation,motion_blur,severe,none,0.831250011920929,augmented
PatchCore,VisA,candle,456,rescue,motion_blur,severe,Wiener (Motion PSF),0.5,augmented
PatchCore,VisA,candle,456,degradation,sensor_noise,mild,none,0.8410999774932861,augmented
PatchCore,VisA,candle,456,rescue,sensor_noise,mild,NLM Denoise,0.659850001335144,augmented
PatchCore,VisA,candle,456,degradation,sensor_noise,moderate,none,0.7464500069618225,augmented
PatchCore,VisA,candle,456,rescue,sensor_noise,moderate,NLM Denoise,0.7506999969482422,augmented
PatchCore,VisA,candle,456,degradation,sensor_noise,severe,none,0.6793999671936035,augmented
PatchCore,VisA,candle,456,rescue,sensor_noise,severe,NLM Denoise,0.6661499738693237,augmented
PatchCore,VisA,candle,456,degradation,fog_haze,mild,none,0.645799994468689,augmented
PatchCore,VisA,candle,456,rescue,fog_haze,mild,Dehaze (Dark Channel),0.512499988079071,augmented
PatchCore,VisA,candle,456,degradation,fog_haze,moderate,none,0.6107000112533569,augmented
PatchCore,VisA,candle,456,rescue,fog_haze,moderate,Dehaze (Dark Channel),0.5,augmented
PatchCore,VisA,candle,456,degradation,fog_haze,severe,none,0.5701000094413757,augmented
PatchCore,VisA,candle,456,rescue,fog_haze,severe,Dehaze (Dark Channel),0.5,augmented
PatchCore,VisA,cashew,42,baseline,clean,none,none,0.8471999764442444,augmented
PatchCore,VisA,cashew,42,degradation,low_light,mild,none,0.9639999866485596,augmented
PatchCore,VisA,cashew,42,rescue,low_light,mild,CLAHE,0.903599977493286,augmented
PatchCore,VisA,cashew,42,rescue,low_light,mild,Retinex,0.6248999834060669,augmented
PatchCore,VisA,cashew,42,degradation,low_light,moderate,none,0.929800033569336,augmented
PatchCore,VisA,cashew,42,rescue,low_light,moderate,CLAHE,0.890999972820282,augmented
PatchCore,VisA,cashew,42,rescue,low_light,moderate,Retinex,0.4399999976158142,augmented
PatchCore,VisA,cashew,42,degradation,low_light,severe,none,0.9607000350952148,augmented
PatchCore,VisA,cashew,42,rescue,low_light,severe,CLAHE,0.8763999938964844,augmented
PatchCore,VisA,cashew,42,rescue,low_light,severe,Retinex,0.5,augmented
PatchCore,VisA,cashew,42,degradation,gaussian_blur,mild,none,0.9351999759674072,augmented
PatchCore,VisA,cashew,42,rescue,gaussian_blur,mild,Wiener,0.948799967765808,augmented
PatchCore,VisA,cashew,42,degradation,gaussian_blur,moderate,none,0.7696000337600708,augmented
PatchCore,VisA,cashew,42,rescue,gaussian_blur,moderate,Wiener,0.5,augmented
PatchCore,VisA,cashew,42,degradation,gaussian_blur,severe,none,0.7580000162124634,augmented
PatchCore,VisA,cashew,42,rescue,gaussian_blur,severe,Wiener,0.5,augmented
PatchCore,VisA,cashew,42,degradation,motion_blur,mild,none,0.9243999719619752,augmented
PatchCore,VisA,cashew,42,rescue,motion_blur,mild,Wiener (Motion PSF),0.651900053024292,augmented
PatchCore,VisA,cashew,42,degradation,motion_blur,moderate,none,0.8888000249862671,augmented
PatchCore,VisA,cashew,42,rescue,motion_blur,moderate,Wiener (Motion PSF),0.5052000284194946,augmented
PatchCore,VisA,cashew,42,degradation,motion_blur,severe,none,0.8571000099182129,augmented
PatchCore,VisA,cashew,42,rescue,motion_blur,severe,Wiener (Motion PSF),0.5,augmented
PatchCore,VisA,cashew,42,degradation,sensor_noise,mild,none,0.8880999684333801,augmented
PatchCore,VisA,cashew,42,rescue,sensor_noise,mild,NLM Denoise,0.7975999712944031,augmented
PatchCore,VisA,cashew,42,degradation,sensor_noise,moderate,none,0.8066999912261963,augmented
PatchCore,VisA,cashew,42,rescue,sensor_noise,moderate,NLM Denoise,0.7448999881744385,augmented
PatchCore,VisA,cashew,42,degradation,sensor_noise,severe,none,0.7246999740600586,augmented
PatchCore,VisA,cashew,42,rescue,sensor_noise,severe,NLM Denoise,0.7430000305175781,augmented
PatchCore,VisA,cashew,42,degradation,fog_haze,mild,none,0.7872000336647034,augmented
PatchCore,VisA,cashew,42,rescue,fog_haze,mild,Dehaze (Dark Channel),0.715399980545044,augmented
PatchCore,VisA,cashew,42,degradation,fog_haze,moderate,none,0.7056999802589417,augmented
PatchCore,VisA,cashew,42,rescue,fog_haze,moderate,Dehaze (Dark Channel),0.5364999771118164,augmented
PatchCore,VisA,cashew,42,degradation,fog_haze,severe,none,0.5092999935150146,augmented
PatchCore,VisA,cashew,42,rescue,fog_haze,severe,Dehaze (Dark Channel),0.4950000047683716,augmented
PatchCore,VisA,cashew,123,baseline,clean,none,none,0.8372999429702759,augmented
PatchCore,VisA,cashew,123,degradation,low_light,mild,none,0.9696999788284302,augmented
PatchCore,VisA,cashew,123,rescue,low_light,mild,CLAHE,0.8889999985694885,augmented
PatchCore,VisA,cashew,123,rescue,low_light,mild,Retinex,0.6474499702453613,augmented
PatchCore,VisA,cashew,123,degradation,low_light,moderate,none,0.9558000564575196,augmented
PatchCore,VisA,cashew,123,rescue,low_light,moderate,CLAHE,0.8889000415802002,augmented
PatchCore,VisA,cashew,123,rescue,low_light,moderate,Retinex,0.449999988079071,augmented
PatchCore,VisA,cashew,123,degradation,low_light,severe,none,0.9593000411987304,augmented
PatchCore,VisA,cashew,123,rescue,low_light,severe,CLAHE,0.9056000113487244,augmented
PatchCore,VisA,cashew,123,rescue,low_light,severe,Retinex,0.5,augmented
PatchCore,VisA,cashew,123,degradation,gaussian_blur,mild,none,0.926900029182434,augmented
PatchCore,VisA,cashew,123,rescue,gaussian_blur,mild,Wiener,0.9431999921798706,augmented
PatchCore,VisA,cashew,123,degradation,gaussian_blur,moderate,none,0.7319999933242798,augmented
PatchCore,VisA,cashew,123,rescue,gaussian_blur,moderate,Wiener,0.5,augmented
PatchCore,VisA,cashew,123,degradation,gaussian_blur,severe,none,0.786899983882904,augmented
PatchCore,VisA,cashew,123,rescue,gaussian_blur,severe,Wiener,0.5,augmented
PatchCore,VisA,cashew,123,degradation,motion_blur,mild,none,0.8722000122070312,augmented
PatchCore,VisA,cashew,123,rescue,motion_blur,mild,Wiener (Motion PSF),0.6926000118255615,augmented
PatchCore,VisA,cashew,123,degradation,motion_blur,moderate,none,0.8877999782562256,augmented
PatchCore,VisA,cashew,123,rescue,motion_blur,moderate,Wiener (Motion PSF),0.5049999952316284,augmented
PatchCore,VisA,cashew,123,degradation,motion_blur,severe,none,0.8450999855995178,augmented
PatchCore,VisA,cashew,123,rescue,motion_blur,severe,Wiener (Motion PSF),0.5,augmented
PatchCore,VisA,cashew,123,degradation,sensor_noise,mild,none,0.9038999676704408,augmented
PatchCore,VisA,cashew,123,rescue,sensor_noise,mild,NLM Denoise,0.7991999983787537,augmented
PatchCore,VisA,cashew,123,degradation,sensor_noise,moderate,none,0.8174999952316284,augmented
PatchCore,VisA,cashew,123,rescue,sensor_noise,moderate,NLM Denoise,0.7295999526977539,augmented
PatchCore,VisA,cashew,123,degradation,sensor_noise,severe,none,0.724399983882904,augmented
PatchCore,VisA,cashew,123,rescue,sensor_noise,severe,NLM Denoise,0.7304999828338623,augmented
PatchCore,VisA,cashew,123,degradation,fog_haze,mild,none,0.7712000608444214,augmented
PatchCore,VisA,cashew,123,rescue,fog_haze,mild,Dehaze (Dark Channel),0.7049999833106995,augmented
PatchCore,VisA,cashew,123,degradation,fog_haze,moderate,none,0.6780999898910522,augmented
PatchCore,VisA,cashew,123,rescue,fog_haze,moderate,Dehaze (Dark Channel),0.4910000264644623,augmented
PatchCore,VisA,pcb1,42,baseline,clean,none,none,0.899600088596344,augmented
PatchCore,VisA,pcb1,42,degradation,low_light,mild,none,0.977500021457672,augmented
PatchCore,VisA,pcb1,42,rescue,low_light,mild,CLAHE,0.940250039100647,augmented
PatchCore,VisA,pcb1,42,rescue,low_light,mild,Retinex,0.8844000101089478,augmented
PatchCore,VisA,pcb1,42,degradation,low_light,moderate,none,0.9703500270843506,augmented
PatchCore,VisA,pcb1,42,rescue,low_light,moderate,CLAHE,0.9747000336647034,augmented
PatchCore,VisA,pcb1,42,rescue,low_light,moderate,Retinex,0.9262999892234802,augmented
PatchCore,VisA,pcb1,42,degradation,low_light,severe,none,0.943850040435791,augmented
PatchCore,VisA,pcb1,42,rescue,low_light,severe,CLAHE,0.9549499750137328,augmented
PatchCore,VisA,pcb1,42,rescue,low_light,severe,Retinex,0.82669997215271,augmented
PatchCore,VisA,pcb1,42,degradation,gaussian_blur,mild,none,0.7992500066757202,augmented
PatchCore,VisA,pcb1,42,rescue,gaussian_blur,mild,Wiener,0.8950999975204468,augmented
PatchCore,VisA,pcb1,42,degradation,gaussian_blur,moderate,none,0.6684000492095947,augmented
PatchCore,VisA,pcb1,42,rescue,gaussian_blur,moderate,Wiener,0.5,augmented
PatchCore,VisA,pcb1,42,degradation,gaussian_blur,severe,none,0.8032000064849854,augmented
PatchCore,VisA,pcb1,42,rescue,gaussian_blur,severe,Wiener,0.5,augmented
PatchCore,VisA,pcb1,42,degradation,motion_blur,mild,none,0.8648500442504883,augmented
PatchCore,VisA,pcb1,42,rescue,motion_blur,mild,Wiener (Motion PSF),0.5521000027656555,augmented
PatchCore,VisA,pcb1,42,degradation,motion_blur,moderate,none,0.717799961566925,augmented
PatchCore,VisA,pcb1,42,rescue,motion_blur,moderate,Wiener (Motion PSF),0.485550045967102,augmented
PatchCore,VisA,pcb1,42,degradation,motion_blur,severe,none,0.8393499851226807,augmented
PatchCore,VisA,pcb1,42,rescue,motion_blur,severe,Wiener (Motion PSF),0.5001999735832214,augmented
PatchCore,VisA,pcb1,42,degradation,sensor_noise,mild,none,0.927150011062622,augmented
PatchCore,VisA,pcb1,42,rescue,sensor_noise,mild,NLM Denoise,0.7703999876976013,augmented
PatchCore,VisA,pcb1,42,degradation,sensor_noise,moderate,none,0.9056999683380128,augmented
PatchCore,VisA,pcb1,42,rescue,sensor_noise,moderate,NLM Denoise,0.8591499924659729,augmented
PatchCore,VisA,pcb1,42,degradation,sensor_noise,severe,none,0.903349995613098,augmented
PatchCore,VisA,pcb1,42,rescue,sensor_noise,severe,NLM Denoise,0.8884999752044678,augmented
PatchCore,VisA,pcb1,42,degradation,fog_haze,mild,none,0.8334499597549438,augmented
PatchCore,VisA,pcb1,42,rescue,fog_haze,mild,Dehaze (Dark Channel),0.8243499994277954,augmented
PatchCore,VisA,pcb1,42,degradation,fog_haze,moderate,none,0.719249963760376,augmented
PatchCore,VisA,pcb1,42,rescue,fog_haze,moderate,Dehaze (Dark Channel),0.6474499702453613,augmented
PatchCore,VisA,pcb1,42,degradation,fog_haze,severe,none,0.632099986076355,augmented
PatchCore,VisA,pcb1,42,rescue,fog_haze,severe,Dehaze (Dark Channel),0.5334500074386597,augmented
PatchCore,VisA,pcb1,123,baseline,clean,none,none,0.8964000344276428,augmented
PatchCore,VisA,pcb1,123,degradation,low_light,mild,none,0.9729999899864196,augmented
PatchCore,VisA,pcb1,123,rescue,low_light,mild,CLAHE,0.9391000270843506,augmented
PatchCore,VisA,pcb1,123,rescue,low_light,mild,Retinex,0.8864500522613525,augmented
PatchCore,VisA,pcb1,123,degradation,low_light,moderate,none,0.9745000004768372,augmented
PatchCore,VisA,pcb1,123,rescue,low_light,moderate,CLAHE,0.9704500436782836,augmented
PatchCore,VisA,pcb1,123,rescue,low_light,moderate,Retinex,0.9417999982833862,augmented
PatchCore,VisA,pcb1,123,degradation,low_light,severe,none,0.9546000361442566,augmented
PatchCore,VisA,pcb1,123,rescue,low_light,severe,CLAHE,0.9522500038146972,augmented
PatchCore,VisA,pcb1,123,rescue,low_light,severe,Retinex,0.7922500371932983,augmented
PatchCore,VisA,pcb1,123,degradation,gaussian_blur,mild,none,0.8556999564170837,augmented
PatchCore,VisA,pcb1,123,rescue,gaussian_blur,mild,Wiener,0.8828000426292419,augmented
PatchCore,VisA,pcb1,123,degradation,gaussian_blur,moderate,none,0.581000030040741,augmented
PatchCore,VisA,pcb1,123,rescue,gaussian_blur,moderate,Wiener,0.5,augmented
PatchCore,VisA,pcb1,123,degradation,gaussian_blur,severe,none,0.7769500017166138,augmented
PatchCore,VisA,pcb1,123,rescue,gaussian_blur,severe,Wiener,0.5,augmented
PatchCore,VisA,pcb1,123,degradation,motion_blur,mild,none,0.8161499500274658,augmented
PatchCore,VisA,pcb1,123,rescue,motion_blur,mild,Wiener (Motion PSF),0.5721499919891357,augmented
PatchCore,VisA,pcb1,123,degradation,motion_blur,moderate,none,0.66034996509552,augmented
PatchCore,VisA,pcb1,123,rescue,motion_blur,moderate,Wiener (Motion PSF),0.4959499835968017,augmented
PatchCore,VisA,pcb1,123,degradation,motion_blur,severe,none,0.8249499797821045,augmented
PatchCore,VisA,pcb1,123,rescue,motion_blur,severe,Wiener (Motion PSF),0.4978500306606293,augmented
PatchCore,VisA,pcb1,123,degradation,sensor_noise,mild,none,0.9229999780654908,augmented
PatchCore,VisA,pcb1,123,rescue,sensor_noise,mild,NLM Denoise,0.7651000022888184,augmented
PatchCore,VisA,pcb1,123,degradation,sensor_noise,moderate,none,0.8989499807357788,augmented
PatchCore,VisA,pcb1,123,rescue,sensor_noise,moderate,NLM Denoise,0.8664000034332275,augmented
PatchCore,VisA,pcb1,123,degradation,sensor_noise,severe,none,0.9026000499725342,augmented
PatchCore,VisA,pcb1,123,rescue,sensor_noise,severe,NLM Denoise,0.854200005531311,augmented
PatchCore,VisA,pcb1,123,degradation,fog_haze,mild,none,0.8282999992370605,augmented
PatchCore,VisA,pcb1,123,rescue,fog_haze,mild,Dehaze (Dark Channel),0.8013499975204468,augmented
PatchCore,VisA,pcb1,123,degradation,fog_haze,moderate,none,0.7377499938011169,augmented
PatchCore,VisA,pcb1,123,rescue,fog_haze,moderate,Dehaze (Dark Channel),0.6419999599456787,augmented
PatchCore,VisA,pcb1,123,degradation,fog_haze,severe,none,0.5783500075340271,augmented
PatchCore,VisA,pcb1,123,rescue,fog_haze,severe,Dehaze (Dark Channel),0.5958499908447266,augmented
PatchCore,VisA,pcb1,456,baseline,clean,none,none,0.881600022315979,augmented
PatchCore,VisA,pcb1,456,degradation,low_light,mild,none,0.978350043296814,augmented
PatchCore,VisA,pcb1,456,rescue,low_light,mild,CLAHE,0.9419000148773192,augmented
PatchCore,VisA,pcb1,456,rescue,low_light,mild,Retinex,0.8939999938011169,augmented
PatchCore,VisA,pcb1,456,degradation,low_light,moderate,none,0.977999985218048,augmented
PatchCore,VisA,pcb1,456,rescue,low_light,moderate,CLAHE,0.9687000513076782,augmented
PatchCore,VisA,pcb1,456,rescue,low_light,moderate,Retinex,0.950700044631958,augmented
PatchCore,VisA,pcb1,456,degradation,low_light,severe,none,0.9685999751091005,augmented
PatchCore,VisA,pcb1,456,rescue,low_light,severe,CLAHE,0.9641000628471376,augmented
PatchCore,VisA,pcb1,456,rescue,low_light,severe,Retinex,0.8109500408172607,augmented
PatchCore,VisA,pcb1,456,degradation,gaussian_blur,mild,none,0.8686000108718872,augmented
PatchCore,VisA,pcb1,456,rescue,gaussian_blur,mild,Wiener,0.8650000095367432,augmented
PatchCore,VisA,pcb1,456,degradation,gaussian_blur,moderate,none,0.5949499607086182,augmented
PatchCore,VisA,pcb1,456,rescue,gaussian_blur,moderate,Wiener,0.5,augmented
PatchCore,VisA,pcb1,456,degradation,gaussian_blur,severe,none,0.7451499700546265,augmented
PatchCore,VisA,pcb1,456,rescue,gaussian_blur,severe,Wiener,0.5,augmented
PatchCore,VisA,pcb1,456,degradation,motion_blur,mild,none,0.9247999787330629,augmented
PatchCore,VisA,pcb1,456,rescue,motion_blur,mild,Wiener (Motion PSF),0.5384250283241272,augmented
PatchCore,VisA,pcb1,456,degradation,motion_blur,moderate,none,0.7140499949455261,augmented
PatchCore,VisA,pcb1,456,rescue,motion_blur,moderate,Wiener (Motion PSF),0.4991999864578247,augmented
PatchCore,VisA,pcb1,456,degradation,motion_blur,severe,none,0.8263500332832336,augmented
PatchCore,VisA,pcb1,456,rescue,motion_blur,severe,Wiener (Motion PSF),0.4839749932289123,augmented
PatchCore,VisA,pcb1,456,degradation,sensor_noise,mild,none,0.9177500009536744,augmented
PatchCore,VisA,pcb1,456,rescue,sensor_noise,mild,NLM Denoise,0.7044000029563904,augmented
PatchCore,VisA,pcb1,456,degradation,sensor_noise,moderate,none,0.897350013256073,augmented
PatchCore,VisA,pcb1,456,rescue,sensor_noise,moderate,NLM Denoise,0.8579999804496765,augmented
PatchCore,VisA,pcb1,456,degradation,sensor_noise,severe,none,0.912500023841858,augmented
PatchCore,VisA,pcb1,456,rescue,sensor_noise,severe,NLM Denoise,0.8756499886512756,augmented
PatchCore,VisA,pcb1,456,degradation,fog_haze,mild,none,0.8327999711036682,augmented
PatchCore,VisA,pcb1,456,rescue,fog_haze,mild,Dehaze (Dark Channel),0.8614000082015991,augmented
PatchCore,VisA,pcb1,456,degradation,fog_haze,moderate,none,0.6640499830245972,augmented
PatchCore,VisA,pcb1,456,rescue,fog_haze,moderate,Dehaze (Dark Channel),0.6751500368118286,augmented
PatchCore,VisA,pcb1,456,degradation,fog_haze,severe,none,0.5961999893188477,augmented
PatchCore,VisA,pcb1,456,rescue,fog_haze,severe,Dehaze (Dark Channel),0.5785250067710876,augmented
PatchCore,VisA,cashew,123,degradation,fog_haze,severe,none,0.5226500630378723,augmented
PatchCore,VisA,cashew,123,rescue,fog_haze,severe,Dehaze (Dark Channel),0.5,augmented
PatchCore,VisA,cashew,456,baseline,clean,none,none,0.8299000263214111,augmented
PatchCore,VisA,cashew,456,degradation,low_light,mild,none,0.9563000202178956,augmented
PatchCore,VisA,cashew,456,rescue,low_light,mild,CLAHE,0.8976999521255493,augmented
PatchCore,VisA,cashew,456,rescue,low_light,mild,Retinex,0.645550012588501,augmented
PatchCore,VisA,cashew,456,degradation,low_light,moderate,none,0.9390000104904176,augmented
PatchCore,VisA,cashew,456,rescue,low_light,moderate,CLAHE,0.8676000237464905,augmented
PatchCore,VisA,cashew,456,rescue,low_light,moderate,Retinex,0.4455000162124634,augmented
PatchCore,VisA,cashew,456,degradation,low_light,severe,none,0.9737000465393066,augmented
PatchCore,VisA,cashew,456,rescue,low_light,severe,CLAHE,0.8906999826431274,augmented
PatchCore,VisA,cashew,456,rescue,low_light,severe,Retinex,0.5,augmented
PatchCore,VisA,cashew,456,degradation,gaussian_blur,mild,none,0.940400004386902,augmented
PatchCore,VisA,cashew,456,rescue,gaussian_blur,mild,Wiener,0.9408999681472778,augmented
PatchCore,VisA,cashew,456,degradation,gaussian_blur,moderate,none,0.7642999887466431,augmented
PatchCore,VisA,cashew,456,rescue,gaussian_blur,moderate,Wiener,0.5,augmented
PatchCore,VisA,cashew,456,degradation,gaussian_blur,severe,none,0.732699990272522,augmented
PatchCore,VisA,cashew,456,rescue,gaussian_blur,severe,Wiener,0.5,augmented
PatchCore,VisA,cashew,456,degradation,motion_blur,mild,none,0.9113999605178832,augmented
PatchCore,VisA,cashew,456,rescue,motion_blur,mild,Wiener (Motion PSF),0.6753499507904053,augmented
PatchCore,VisA,cashew,456,degradation,motion_blur,moderate,none,0.8896999955177307,augmented
PatchCore,VisA,cashew,456,rescue,motion_blur,moderate,Wiener (Motion PSF),0.5097999572753906,augmented
PatchCore,VisA,cashew,456,degradation,motion_blur,severe,none,0.8557000160217285,augmented
PatchCore,VisA,cashew,456,rescue,motion_blur,severe,Wiener (Motion PSF),0.5,augmented
PatchCore,VisA,cashew,456,degradation,sensor_noise,mild,none,0.8903999924659729,augmented
PatchCore,VisA,cashew,456,rescue,sensor_noise,mild,NLM Denoise,0.8100999593734741,augmented
PatchCore,VisA,cashew,456,degradation,sensor_noise,moderate,none,0.8339999914169312,augmented
PatchCore,VisA,cashew,456,rescue,sensor_noise,moderate,NLM Denoise,0.7552000284194946,augmented
PatchCore,VisA,cashew,456,degradation,sensor_noise,severe,none,0.7178000211715698,augmented
PatchCore,VisA,cashew,456,rescue,sensor_noise,severe,NLM Denoise,0.733199954032898,augmented
PatchCore,VisA,cashew,456,degradation,fog_haze,mild,none,0.7009999752044678,augmented
PatchCore,VisA,cashew,456,rescue,fog_haze,mild,Dehaze (Dark Channel),0.7115499973297119,augmented
PatchCore,VisA,cashew,456,degradation,fog_haze,moderate,none,0.6349000334739685,augmented
PatchCore,VisA,cashew,456,rescue,fog_haze,moderate,Dehaze (Dark Channel),0.4887000322341919,augmented
PatchCore,VisA,cashew,456,degradation,fog_haze,severe,none,0.567300021648407,augmented
PatchCore,VisA,cashew,456,rescue,fog_haze,severe,Dehaze (Dark Channel),0.4950000047683716,augmented
PatchCore,VisA,pipe_fryum,42,baseline,clean,none,none,0.960200011730194,augmented
PatchCore,VisA,pipe_fryum,42,degradation,low_light,mild,none,0.99590003490448,augmented
PatchCore,VisA,pipe_fryum,42,rescue,low_light,mild,CLAHE,0.9795000553131104,augmented
PatchCore,VisA,pipe_fryum,42,rescue,low_light,mild,Retinex,0.6791000366210938,augmented
PatchCore,VisA,pipe_fryum,42,degradation,low_light,moderate,none,0.992500066757202,augmented
PatchCore,VisA,pipe_fryum,42,rescue,low_light,moderate,CLAHE,0.97489994764328,augmented
PatchCore,VisA,pipe_fryum,42,rescue,low_light,moderate,Retinex,0.5985000133514404,augmented
PatchCore,VisA,pipe_fryum,42,degradation,low_light,severe,none,0.99070006608963,augmented
PatchCore,VisA,pipe_fryum,42,rescue,low_light,severe,CLAHE,0.9866000413894652,augmented
PatchCore,VisA,pipe_fryum,42,rescue,low_light,severe,Retinex,0.6639000177383423,augmented
PatchCore,VisA,pipe_fryum,42,degradation,gaussian_blur,mild,none,0.9740999937057496,augmented
PatchCore,VisA,pipe_fryum,42,rescue,gaussian_blur,mild,Wiener,0.99590003490448,augmented
PatchCore,VisA,pipe_fryum,42,degradation,gaussian_blur,moderate,none,0.8009999990463257,augmented
PatchCore,VisA,pipe_fryum,42,rescue,gaussian_blur,moderate,Wiener,0.5,augmented
PatchCore,VisA,pipe_fryum,42,degradation,gaussian_blur,severe,none,0.6976000070571899,augmented
PatchCore,VisA,pipe_fryum,42,rescue,gaussian_blur,severe,Wiener,0.5,augmented
PatchCore,VisA,pipe_fryum,42,degradation,motion_blur,mild,none,0.965499997138977,augmented
PatchCore,VisA,pipe_fryum,42,rescue,motion_blur,mild,Wiener (Motion PSF),0.6650999784469604,augmented
PatchCore,VisA,pipe_fryum,42,degradation,motion_blur,moderate,none,0.8760000467300415,augmented
PatchCore,VisA,pipe_fryum,42,rescue,motion_blur,moderate,Wiener (Motion PSF),0.5,augmented
PatchCore,VisA,pipe_fryum,42,degradation,motion_blur,severe,none,0.8237999677658081,augmented
PatchCore,VisA,pipe_fryum,42,rescue,motion_blur,severe,Wiener (Motion PSF),0.7508000135421753,augmented
PatchCore,VisA,pipe_fryum,42,degradation,sensor_noise,mild,none,0.9787999987602234,augmented
PatchCore,VisA,pipe_fryum,42,rescue,sensor_noise,mild,NLM Denoise,0.9542999863624572,augmented
PatchCore,VisA,pipe_fryum,42,degradation,sensor_noise,moderate,none,0.8707999587059021,augmented
PatchCore,VisA,pipe_fryum,42,rescue,sensor_noise,moderate,NLM Denoise,0.9125999808311462,augmented
PatchCore,VisA,pipe_fryum,42,degradation,sensor_noise,severe,none,0.7660999298095703,augmented
PatchCore,VisA,pipe_fryum,42,rescue,sensor_noise,severe,NLM Denoise,0.8503999710083008,augmented
PatchCore,VisA,pipe_fryum,42,degradation,fog_haze,mild,none,0.8170000314712524,augmented
PatchCore,VisA,pipe_fryum,42,rescue,fog_haze,mild,Dehaze (Dark Channel),0.7322999835014343,augmented
PatchCore,VisA,pipe_fryum,42,degradation,fog_haze,moderate,none,0.6186000108718872,augmented
PatchCore,VisA,pipe_fryum,42,rescue,fog_haze,moderate,Dehaze (Dark Channel),0.5464999675750732,augmented
PatchCore,VisA,pipe_fryum,42,degradation,fog_haze,severe,none,0.6044000387191772,augmented
PatchCore,VisA,pipe_fryum,42,rescue,fog_haze,severe,Dehaze (Dark Channel),0.5,augmented
PatchCore,VisA,pipe_fryum,123,baseline,clean,none,none,0.9204999804496764,augmented
PatchCore,VisA,pipe_fryum,123,degradation,low_light,mild,none,0.9965000152587892,augmented
PatchCore,VisA,pipe_fryum,123,rescue,low_light,mild,CLAHE,0.9799000024795532,augmented
PatchCore,VisA,pipe_fryum,123,rescue,low_light,mild,Retinex,0.6644999980926514,augmented
PatchCore,VisA,pipe_fryum,123,degradation,low_light,moderate,none,0.9922999739646912,augmented
PatchCore,VisA,pipe_fryum,123,rescue,low_light,moderate,CLAHE,0.9822999835014344,augmented
PatchCore,VisA,pipe_fryum,123,rescue,low_light,moderate,Retinex,0.5556000471115112,augmented
PatchCore,VisA,pipe_fryum,123,degradation,low_light,severe,none,0.9833999872207642,augmented
PatchCore,VisA,pipe_fryum,123,rescue,low_light,severe,CLAHE,0.9779000282287598,augmented
PatchCore,VisA,pipe_fryum,123,rescue,low_light,severe,Retinex,0.6369999647140503,augmented
PatchCore,VisA,pipe_fryum,123,degradation,gaussian_blur,mild,none,0.9812999963760376,augmented
PatchCore,VisA,pipe_fryum,123,rescue,gaussian_blur,mild,Wiener,0.9936000108718872,augmented
PatchCore,VisA,pipe_fryum,123,degradation,gaussian_blur,moderate,none,0.8186999559402466,augmented
PatchCore,VisA,pipe_fryum,123,rescue,gaussian_blur,moderate,Wiener,0.5,augmented
PatchCore,VisA,pipe_fryum,123,degradation,gaussian_blur,severe,none,0.6901999711990356,augmented
PatchCore,VisA,pipe_fryum,123,rescue,gaussian_blur,severe,Wiener,0.5,augmented
PatchCore,VisA,pipe_fryum,123,degradation,motion_blur,mild,none,0.960200011730194,augmented
PatchCore,VisA,pipe_fryum,123,rescue,motion_blur,mild,Wiener (Motion PSF),0.6874499917030334,augmented
PatchCore,VisA,pipe_fryum,123,degradation,motion_blur,moderate,none,0.9214000105857848,augmented
PatchCore,VisA,pipe_fryum,123,rescue,motion_blur,moderate,Wiener (Motion PSF),0.5,augmented
PatchCore,VisA,pipe_fryum,123,degradation,motion_blur,severe,none,0.8623000383377075,augmented
PatchCore,VisA,pipe_fryum,123,rescue,motion_blur,severe,Wiener (Motion PSF),0.6777000427246094,augmented
PatchCore,VisA,pipe_fryum,123,degradation,sensor_noise,mild,none,0.9695999622344972,augmented
PatchCore,VisA,pipe_fryum,123,rescue,sensor_noise,mild,NLM Denoise,0.9580000042915344,augmented
PatchCore,VisA,pipe_fryum,123,degradation,sensor_noise,moderate,none,0.8962000012397766,augmented
PatchCore,VisA,pipe_fryum,123,rescue,sensor_noise,moderate,NLM Denoise,0.8970999717712402,augmented
PatchCore,VisA,pipe_fryum,123,degradation,sensor_noise,severe,none,0.7935999631881714,augmented
PatchCore,VisA,pipe_fryum,123,rescue,sensor_noise,severe,NLM Denoise,0.8120999336242676,augmented
PatchCore,VisA,pipe_fryum,123,degradation,fog_haze,mild,none,0.8121000528335571,augmented
PatchCore,VisA,pipe_fryum,123,rescue,fog_haze,mild,Dehaze (Dark Channel),0.7610500454902649,augmented
PatchCore,VisA,pipe_fryum,123,degradation,fog_haze,moderate,none,0.6567000150680542,augmented
PatchCore,VisA,pipe_fryum,123,rescue,fog_haze,moderate,Dehaze (Dark Channel),0.5,augmented
PatchCore,VisA,pipe_fryum,123,degradation,fog_haze,severe,none,0.5755000114440918,augmented
PatchCore,VisA,pipe_fryum,123,rescue,fog_haze,severe,Dehaze (Dark Channel),0.5,augmented
PatchCore,VisA,pipe_fryum,456,baseline,clean,none,none,0.9333999752998352,augmented
PatchCore,VisA,pipe_fryum,456,degradation,low_light,mild,none,0.98989999294281,augmented
PatchCore,VisA,pipe_fryum,456,rescue,low_light,mild,CLAHE,0.9704999923706056,augmented
PatchCore,VisA,pipe_fryum,456,rescue,low_light,mild,Retinex,0.6704999804496765,augmented
PatchCore,VisA,pipe_fryum,456,degradation,low_light,moderate,none,0.9807000160217284,augmented
PatchCore,VisA,pipe_fryum,456,rescue,low_light,moderate,CLAHE,0.9686000347137452,augmented
PatchCore,VisA,pipe_fryum,456,rescue,low_light,moderate,Retinex,0.652400016784668,augmented
PatchCore,VisA,pipe_fryum,456,degradation,low_light,severe,none,0.9736000299453736,augmented
PatchCore,VisA,pipe_fryum,456,rescue,low_light,severe,CLAHE,0.962000012397766,augmented
PatchCore,VisA,pipe_fryum,456,rescue,low_light,severe,Retinex,0.5785999894142151,augmented
PatchCore,VisA,pipe_fryum,456,degradation,gaussian_blur,mild,none,0.9788000583648682,augmented
PatchCore,VisA,pipe_fryum,456,rescue,gaussian_blur,mild,Wiener,0.9961000084877014,augmented
PatchCore,VisA,pipe_fryum,456,degradation,gaussian_blur,moderate,none,0.8140000104904175,augmented
PatchCore,VisA,pipe_fryum,456,rescue,gaussian_blur,moderate,Wiener,0.5,augmented
PatchCore,VisA,pipe_fryum,456,degradation,gaussian_blur,severe,none,0.6739000082015991,augmented
PatchCore,VisA,pipe_fryum,456,rescue,gaussian_blur,severe,Wiener,0.5,augmented
PatchCore,VisA,pipe_fryum,456,degradation,motion_blur,mild,none,0.9657999873161316,augmented
PatchCore,VisA,pipe_fryum,456,rescue,motion_blur,mild,Wiener (Motion PSF),0.646399974822998,augmented
PatchCore,VisA,pipe_fryum,456,degradation,motion_blur,moderate,none,0.9063000082969666,augmented
PatchCore,VisA,pipe_fryum,456,rescue,motion_blur,moderate,Wiener (Motion PSF),0.5,augmented
PatchCore,VisA,pipe_fryum,456,degradation,motion_blur,severe,none,0.8343999981880188,augmented
PatchCore,VisA,pipe_fryum,456,rescue,motion_blur,severe,Wiener (Motion PSF),0.7141500115394592,augmented
PatchCore,VisA,pipe_fryum,456,degradation,sensor_noise,mild,none,0.9333000183105468,augmented
PatchCore,VisA,pipe_fryum,456,rescue,sensor_noise,mild,NLM Denoise,0.95169997215271,augmented
PatchCore,VisA,pipe_fryum,456,degradation,sensor_noise,moderate,none,0.8572999835014343,augmented
PatchCore,VisA,pipe_fryum,456,rescue,sensor_noise,moderate,NLM Denoise,0.8794000148773193,augmented
PatchCore,VisA,pipe_fryum,456,degradation,sensor_noise,severe,none,0.7475999593734741,augmented
PatchCore,VisA,pipe_fryum,456,rescue,sensor_noise,severe,NLM Denoise,0.8052999973297119,augmented
PatchCore,VisA,pipe_fryum,456,degradation,fog_haze,mild,none,0.8157000541687012,augmented
PatchCore,VisA,pipe_fryum,456,rescue,fog_haze,mild,Dehaze (Dark Channel),0.7811499834060669,augmented
PatchCore,VisA,pipe_fryum,456,degradation,fog_haze,moderate,none,0.5623000264167786,augmented
PatchCore,VisA,pipe_fryum,456,rescue,fog_haze,moderate,Dehaze (Dark Channel),0.5,augmented
PatchCore,VisA,pipe_fryum,456,degradation,fog_haze,severe,none,0.590999960899353,augmented
PatchCore,VisA,pipe_fryum,456,rescue,fog_haze,severe,Dehaze (Dark Channel),0.5,augmented
PaDiM,VisA,candle,42,baseline,clean,none,none,0.8371250033378601,augmented
PaDiM,VisA,candle,42,degradation,low_light,mild,none,0.8878999948501587,augmented
PaDiM,VisA,candle,42,rescue,low_light,mild,CLAHE,0.5969499945640564,augmented
PaDiM,VisA,candle,42,rescue,low_light,mild,Retinex,0.7317500114440918,augmented
PaDiM,VisA,candle,42,degradation,low_light,moderate,none,0.8787000179290771,augmented
PaDiM,VisA,candle,42,rescue,low_light,moderate,CLAHE,0.6251250505447388,augmented
PaDiM,VisA,candle,42,rescue,low_light,moderate,Retinex,0.4658999443054199,augmented
PaDiM,VisA,candle,42,degradation,low_light,severe,none,0.8827499151229858,augmented
PaDiM,VisA,candle,42,rescue,low_light,severe,CLAHE,0.7884750366210938,augmented
PaDiM,VisA,candle,42,rescue,low_light,severe,Retinex,0.5,augmented
PaDiM,VisA,candle,42,degradation,gaussian_blur,mild,none,0.8948500156402588,augmented
PaDiM,VisA,candle,42,rescue,gaussian_blur,mild,Wiener,0.5861499905586243,augmented
PaDiM,VisA,candle,42,degradation,gaussian_blur,moderate,none,0.8312000036239624,augmented
PaDiM,VisA,candle,42,rescue,gaussian_blur,moderate,Wiener,0.5,augmented
PaDiM,VisA,candle,42,degradation,gaussian_blur,severe,none,0.663849949836731,augmented
PaDiM,VisA,candle,42,rescue,gaussian_blur,severe,Wiener,0.5,augmented
PaDiM,VisA,candle,42,degradation,motion_blur,mild,none,0.8763999938964844,augmented
PaDiM,VisA,candle,42,rescue,motion_blur,mild,Wiener (Motion PSF),0.5,augmented
PaDiM,VisA,candle,42,degradation,motion_blur,moderate,none,0.8038250207901001,augmented
PaDiM,VisA,candle,42,rescue,motion_blur,moderate,Wiener (Motion PSF),0.5,augmented
PaDiM,VisA,candle,42,degradation,motion_blur,severe,none,0.7922499775886536,augmented
PaDiM,VisA,candle,42,rescue,motion_blur,severe,Wiener (Motion PSF),0.5,augmented
PaDiM,VisA,candle,42,degradation,sensor_noise,mild,none,0.6221500635147095,augmented
PaDiM,VisA,candle,42,rescue,sensor_noise,mild,NLM Denoise,0.6672249436378479,augmented
PaDiM,VisA,candle,42,degradation,sensor_noise,moderate,none,0.6121000051498413,augmented
PaDiM,VisA,candle,42,rescue,sensor_noise,moderate,NLM Denoise,0.6018750071525574,augmented
PaDiM,VisA,candle,42,degradation,sensor_noise,severe,none,0.6042999625205994,augmented
PaDiM,VisA,candle,42,rescue,sensor_noise,severe,NLM Denoise,0.6475250720977783,augmented
PaDiM,VisA,candle,42,degradation,fog_haze,mild,none,0.7199500203132629,augmented
PaDiM,VisA,candle,42,rescue,fog_haze,mild,Dehaze (Dark Channel),0.596875011920929,augmented
PaDiM,VisA,candle,42,degradation,fog_haze,moderate,none,0.635450005531311,augmented
PaDiM,VisA,candle,42,rescue,fog_haze,moderate,Dehaze (Dark Channel),0.5904499292373657,augmented
PaDiM,VisA,candle,42,degradation,fog_haze,severe,none,0.6199499368667603,augmented
PaDiM,VisA,candle,42,rescue,fog_haze,severe,Dehaze (Dark Channel),0.5649499893188477,augmented
PaDiM,VisA,candle,123,baseline,clean,none,none,0.820449948310852,augmented
PaDiM,VisA,candle,123,degradation,low_light,mild,none,0.9083000421524048,augmented
PaDiM,VisA,candle,123,rescue,low_light,mild,CLAHE,0.8762500286102295,augmented
PaDiM,VisA,candle,123,rescue,low_light,mild,Retinex,0.6158249974250793,augmented
PaDiM,VisA,candle,123,degradation,low_light,moderate,none,0.9021000862121582,augmented
PaDiM,VisA,candle,123,rescue,low_light,moderate,CLAHE,0.8819999694824219,augmented
PaDiM,VisA,candle,123,rescue,low_light,moderate,Retinex,0.6117749810218811,augmented
PaDiM,VisA,candle,123,degradation,low_light,severe,none,0.9049500226974488,augmented
PaDiM,VisA,candle,123,rescue,low_light,severe,CLAHE,0.9045000076293944,augmented
PaDiM,VisA,candle,123,rescue,low_light,severe,Retinex,0.536300003528595,augmented
PaDiM,VisA,candle,123,degradation,gaussian_blur,mild,none,0.8721499443054199,augmented
PaDiM,VisA,candle,123,rescue,gaussian_blur,mild,Wiener,0.5407000184059143,augmented
PaDiM,VisA,candle,123,degradation,gaussian_blur,moderate,none,0.7827999591827393,augmented
PaDiM,VisA,candle,123,rescue,gaussian_blur,moderate,Wiener,0.5,augmented
PaDiM,VisA,candle,123,degradation,gaussian_blur,severe,none,0.7159500122070312,augmented
PaDiM,VisA,candle,123,rescue,gaussian_blur,severe,Wiener,0.5,augmented
PaDiM,VisA,candle,123,degradation,motion_blur,mild,none,0.8635000586509705,augmented
PaDiM,VisA,candle,123,rescue,motion_blur,mild,Wiener (Motion PSF),0.5130249857902527,augmented
PaDiM,VisA,candle,123,degradation,motion_blur,moderate,none,0.7530999779701233,augmented
PaDiM,VisA,candle,123,rescue,motion_blur,moderate,Wiener (Motion PSF),0.5377749800682068,augmented
PaDiM,VisA,candle,123,degradation,motion_blur,severe,none,0.7190999984741211,augmented
PaDiM,VisA,candle,123,rescue,motion_blur,severe,Wiener (Motion PSF),0.5168499946594238,augmented
PaDiM,VisA,candle,123,degradation,sensor_noise,mild,none,0.6655999422073364,augmented
PaDiM,VisA,candle,123,rescue,sensor_noise,mild,NLM Denoise,0.6625749468803406,augmented
PaDiM,VisA,candle,123,degradation,sensor_noise,moderate,none,0.6757999658584595,augmented
PaDiM,VisA,candle,123,rescue,sensor_noise,moderate,NLM Denoise,0.6160250306129456,augmented
PaDiM,VisA,candle,123,degradation,sensor_noise,severe,none,0.6431999802589417,augmented
PaDiM,VisA,candle,123,rescue,sensor_noise,severe,NLM Denoise,0.5655750036239624,augmented
PaDiM,VisA,candle,123,degradation,fog_haze,mild,none,0.6794000864028931,augmented
PaDiM,VisA,candle,123,rescue,fog_haze,mild,Dehaze (Dark Channel),0.5364000201225281,augmented
PaDiM,VisA,candle,123,degradation,fog_haze,moderate,none,0.5869500041007996,augmented
PaDiM,VisA,candle,123,rescue,fog_haze,moderate,Dehaze (Dark Channel),0.552649974822998,augmented
PaDiM,VisA,candle,123,degradation,fog_haze,severe,none,0.5813000202178955,augmented
PaDiM,VisA,candle,123,rescue,fog_haze,severe,Dehaze (Dark Channel),0.599975049495697,augmented
PaDiM,VisA,candle,456,baseline,clean,none,none,0.8194999694824219,augmented
PaDiM,VisA,candle,456,degradation,low_light,mild,none,0.9072499871253968,augmented
PaDiM,VisA,candle,456,rescue,low_light,mild,CLAHE,0.62909996509552,augmented
PaDiM,VisA,candle,456,rescue,low_light,mild,Retinex,0.5398499965667725,augmented
PaDiM,VisA,candle,456,degradation,low_light,moderate,none,0.9068499803543092,augmented
PaDiM,VisA,candle,456,rescue,low_light,moderate,CLAHE,0.8179500102996826,augmented
PaDiM,VisA,candle,456,rescue,low_light,moderate,Retinex,0.5597500205039978,augmented
PaDiM,VisA,candle,456,degradation,low_light,severe,none,0.9322999715805054,augmented
PaDiM,VisA,candle,456,rescue,low_light,severe,CLAHE,0.8134999871253967,augmented
PaDiM,VisA,candle,456,rescue,low_light,severe,Retinex,0.4439749717712402,augmented
PaDiM,VisA,candle,456,degradation,gaussian_blur,mild,none,0.866349995136261,augmented
PaDiM,VisA,candle,456,rescue,gaussian_blur,mild,Wiener,0.3826499879360199,augmented
PaDiM,VisA,candle,456,degradation,gaussian_blur,moderate,none,0.7800000309944153,augmented
PaDiM,VisA,candle,456,rescue,gaussian_blur,moderate,Wiener,0.4924500286579132,augmented
PaDiM,VisA,candle,456,degradation,gaussian_blur,severe,none,0.7494000196456909,augmented
PaDiM,VisA,candle,456,rescue,gaussian_blur,severe,Wiener,0.5101500153541565,augmented
PaDiM,VisA,candle,456,degradation,motion_blur,mild,none,0.8162500262260437,augmented
PaDiM,VisA,candle,456,rescue,motion_blur,mild,Wiener (Motion PSF),0.6772500276565552,augmented
PaDiM,VisA,candle,456,degradation,motion_blur,moderate,none,0.7447499632835388,augmented
PaDiM,VisA,candle,456,rescue,motion_blur,moderate,Wiener (Motion PSF),0.5,augmented
PaDiM,VisA,candle,456,degradation,motion_blur,severe,none,0.7421000003814697,augmented
PaDiM,VisA,candle,456,rescue,motion_blur,severe,Wiener (Motion PSF),0.5643998980522156,augmented
PaDiM,VisA,candle,456,degradation,sensor_noise,mild,none,0.7691500186920166,augmented
PaDiM,VisA,candle,456,rescue,sensor_noise,mild,NLM Denoise,0.567550003528595,augmented
PaDiM,VisA,candle,456,degradation,sensor_noise,moderate,none,0.5771999955177307,augmented
PaDiM,VisA,candle,456,rescue,sensor_noise,moderate,NLM Denoise,0.5521500110626221,augmented
PaDiM,VisA,candle,456,degradation,sensor_noise,severe,none,0.5546000003814697,augmented
PaDiM,VisA,candle,456,rescue,sensor_noise,severe,NLM Denoise,0.5410500168800354,augmented
PaDiM,VisA,candle,456,degradation,fog_haze,mild,none,0.6011999845504761,augmented
PaDiM,VisA,candle,456,rescue,fog_haze,mild,Dehaze (Dark Channel),0.5692999958992004,augmented
PaDiM,VisA,candle,456,degradation,fog_haze,moderate,none,0.5508500337600708,augmented
PaDiM,VisA,candle,456,rescue,fog_haze,moderate,Dehaze (Dark Channel),0.5028499960899353,augmented
PaDiM,VisA,candle,456,degradation,fog_haze,severe,none,0.5411750078201294,augmented
PaDiM,VisA,candle,456,rescue,fog_haze,severe,Dehaze (Dark Channel),0.5042500495910645,augmented
PaDiM,VisA,pcb1,42,baseline,clean,none,none,0.7947499752044678,augmented
PaDiM,VisA,pcb1,42,degradation,low_light,mild,none,0.9057999849319458,augmented
PaDiM,VisA,pcb1,42,rescue,low_light,mild,CLAHE,0.8311500549316406,augmented
PaDiM,VisA,pcb1,42,rescue,low_light,mild,Retinex,0.7474499940872192,augmented
PaDiM,VisA,pcb1,42,degradation,low_light,moderate,none,0.901799976825714,augmented
PaDiM,VisA,pcb1,42,rescue,low_light,moderate,CLAHE,0.8806999921798706,augmented
PaDiM,VisA,pcb1,42,rescue,low_light,moderate,Retinex,0.7697999477386475,augmented
PaDiM,VisA,pcb1,42,degradation,low_light,severe,none,0.8671000003814697,augmented
PaDiM,VisA,pcb1,42,rescue,low_light,severe,CLAHE,0.8877500295639038,augmented
PaDiM,VisA,pcb1,42,rescue,low_light,severe,Retinex,0.6478999853134155,augmented
PaDiM,VisA,pcb1,42,degradation,gaussian_blur,mild,none,0.698900043964386,augmented
PaDiM,VisA,pcb1,42,rescue,gaussian_blur,mild,Wiener,0.4804999828338623,augmented
PaDiM,VisA,pcb1,42,degradation,gaussian_blur,moderate,none,0.5476499795913696,augmented
PaDiM,VisA,pcb1,42,rescue,gaussian_blur,moderate,Wiener,0.5000500082969666,augmented
PaDiM,VisA,pcb1,42,degradation,gaussian_blur,severe,none,0.7395000457763672,augmented
PaDiM,VisA,pcb1,42,rescue,gaussian_blur,severe,Wiener,0.5049999952316284,augmented
PaDiM,VisA,pcb1,42,degradation,motion_blur,mild,none,0.7420000433921814,augmented
PaDiM,VisA,pcb1,42,rescue,motion_blur,mild,Wiener (Motion PSF),0.637374997138977,augmented
PaDiM,VisA,pcb1,42,degradation,motion_blur,moderate,none,0.654449999332428,augmented
PaDiM,VisA,pcb1,42,rescue,motion_blur,moderate,Wiener (Motion PSF),0.6501500010490417,augmented
PaDiM,VisA,pcb1,42,degradation,motion_blur,severe,none,0.7405999898910522,augmented
PaDiM,VisA,pcb1,42,rescue,motion_blur,severe,Wiener (Motion PSF),0.492900013923645,augmented
PaDiM,VisA,pcb1,42,degradation,sensor_noise,mild,none,0.7325999736785889,augmented
PaDiM,VisA,pcb1,42,rescue,sensor_noise,mild,NLM Denoise,0.7712000608444214,augmented
PaDiM,VisA,pcb1,42,degradation,sensor_noise,moderate,none,0.7644000053405762,augmented
PaDiM,VisA,pcb1,42,rescue,sensor_noise,moderate,NLM Denoise,0.7107500433921814,augmented
PaDiM,VisA,pcb1,42,degradation,sensor_noise,severe,none,0.7402000427246094,augmented
PaDiM,VisA,pcb1,42,rescue,sensor_noise,severe,NLM Denoise,0.7172999382019043,augmented
PaDiM,VisA,pcb1,42,degradation,fog_haze,mild,none,0.7384500503540039,augmented
PaDiM,VisA,pcb1,42,rescue,fog_haze,mild,Dehaze (Dark Channel),0.6911499500274658,augmented
PaDiM,VisA,pcb1,42,degradation,fog_haze,moderate,none,0.6727249622344971,augmented
PaDiM,VisA,pcb1,42,rescue,fog_haze,moderate,Dehaze (Dark Channel),0.5654750466346741,augmented
PaDiM,VisA,pcb1,42,degradation,fog_haze,severe,none,0.5169749855995178,augmented
PaDiM,VisA,pcb1,42,rescue,fog_haze,severe,Dehaze (Dark Channel),0.4956749975681305,augmented
PaDiM,VisA,pcb1,123,baseline,clean,none,none,0.7311999797821045,augmented
PaDiM,VisA,pcb1,123,degradation,low_light,mild,none,0.8230749368667603,augmented
PaDiM,VisA,pcb1,123,rescue,low_light,mild,CLAHE,0.7294250130653381,augmented
PaDiM,VisA,pcb1,123,rescue,low_light,mild,Retinex,0.8162000179290771,augmented
PaDiM,VisA,pcb1,123,degradation,low_light,moderate,none,0.8484500646591187,augmented
PaDiM,VisA,pcb1,123,rescue,low_light,moderate,CLAHE,0.8224499821662903,augmented
PaDiM,VisA,pcb1,123,rescue,low_light,moderate,Retinex,0.7849500179290771,augmented
PaDiM,VisA,pcb1,123,degradation,low_light,severe,none,0.8316999673843384,augmented
PaDiM,VisA,pcb1,123,rescue,low_light,severe,CLAHE,0.7906249761581421,augmented
PaDiM,VisA,pcb1,123,rescue,low_light,severe,Retinex,0.683199942111969,augmented
PaDiM,VisA,pcb1,123,degradation,gaussian_blur,mild,none,0.632599949836731,augmented
PaDiM,VisA,pcb1,123,rescue,gaussian_blur,mild,Wiener,0.5538250207901001,augmented
PaDiM,VisA,pcb1,123,degradation,gaussian_blur,moderate,none,0.5314750075340271,augmented
PaDiM,VisA,pcb1,123,rescue,gaussian_blur,moderate,Wiener,0.4797499775886535,augmented
PaDiM,VisA,pcb1,123,degradation,gaussian_blur,severe,none,0.6887000203132629,augmented
PaDiM,VisA,pcb1,123,rescue,gaussian_blur,severe,Wiener,0.4974749982357025,augmented
PaDiM,VisA,pcb1,123,degradation,motion_blur,mild,none,0.6339750289916992,augmented
PaDiM,VisA,pcb1,123,rescue,motion_blur,mild,Wiener (Motion PSF),0.6908999681472778,augmented
PaDiM,VisA,pcb1,123,degradation,motion_blur,moderate,none,0.6342249512672424,augmented
PaDiM,VisA,pcb1,123,rescue,motion_blur,moderate,Wiener (Motion PSF),0.466949999332428,augmented
PaDiM,VisA,pcb1,123,degradation,motion_blur,severe,none,0.7732750177383423,augmented
PaDiM,VisA,pcb1,123,rescue,motion_blur,severe,Wiener (Motion PSF),0.4574749767780304,augmented
PaDiM,VisA,pcb1,123,degradation,sensor_noise,mild,none,0.6541999578475952,augmented
PaDiM,VisA,pcb1,123,rescue,sensor_noise,mild,NLM Denoise,0.6443750262260437,augmented
PaDiM,VisA,pcb1,123,degradation,sensor_noise,moderate,none,0.6261500120162964,augmented
PaDiM,VisA,pcb1,123,rescue,sensor_noise,moderate,NLM Denoise,0.6310000419616699,augmented
PaDiM,VisA,pcb1,123,degradation,sensor_noise,severe,none,0.610200047492981,augmented
PaDiM,VisA,pcb1,123,rescue,sensor_noise,severe,NLM Denoise,0.5745499730110168,augmented
PaDiM,VisA,pcb1,123,degradation,fog_haze,mild,none,0.6902000308036804,augmented
PaDiM,VisA,pcb1,123,rescue,fog_haze,mild,Dehaze (Dark Channel),0.6059000492095947,augmented
PaDiM,VisA,pcb1,123,degradation,fog_haze,moderate,none,0.5363999605178833,augmented
PaDiM,VisA,pcb1,123,rescue,fog_haze,moderate,Dehaze (Dark Channel),0.6015499830245972,augmented
PaDiM,VisA,pcb1,123,degradation,fog_haze,severe,none,0.5120499730110168,augmented
PaDiM,VisA,pcb1,123,rescue,fog_haze,severe,Dehaze (Dark Channel),0.5137749910354614,augmented
PaDiM,VisA,pcb1,456,baseline,clean,none,none,0.7302000522613525,augmented
PaDiM,VisA,pcb1,456,degradation,low_light,mild,none,0.8910249471664429,augmented
PaDiM,VisA,pcb1,456,rescue,low_light,mild,CLAHE,0.9014499187469482,augmented
PaDiM,VisA,pcb1,456,rescue,low_light,mild,Retinex,0.8412500023841858,augmented
PaDiM,VisA,pcb1,456,degradation,low_light,moderate,none,0.9000248908996582,augmented
PaDiM,VisA,pcb1,456,rescue,low_light,moderate,CLAHE,0.8829500675201416,augmented
PaDiM,VisA,pcb1,456,rescue,low_light,moderate,Retinex,0.7475500106811523,augmented
PaDiM,VisA,pcb1,456,degradation,low_light,severe,none,0.8395249843597412,augmented
PaDiM,VisA,pcb1,456,rescue,low_light,severe,CLAHE,0.7245750427246094,augmented
PaDiM,VisA,pcb1,456,rescue,low_light,severe,Retinex,0.6966999769210815,augmented
PaDiM,VisA,pcb1,456,degradation,gaussian_blur,mild,none,0.6948999762535095,augmented
PaDiM,VisA,pcb1,456,rescue,gaussian_blur,mild,Wiener,0.5565000176429749,augmented
PaDiM,VisA,pcb1,456,degradation,gaussian_blur,moderate,none,0.5924000144004822,augmented
PaDiM,VisA,pcb1,456,rescue,gaussian_blur,moderate,Wiener,0.4819250106811523,augmented
PaDiM,VisA,pcb1,456,degradation,gaussian_blur,severe,none,0.7587499618530273,augmented
PaDiM,VisA,pcb1,456,rescue,gaussian_blur,severe,Wiener,0.5,augmented
PaDiM,VisA,pcb1,456,degradation,motion_blur,mild,none,0.7179999947547913,augmented
PaDiM,VisA,pcb1,456,rescue,motion_blur,mild,Wiener (Motion PSF),0.5613500475883484,augmented
PaDiM,VisA,pcb1,456,degradation,motion_blur,moderate,none,0.6335500478744507,augmented
PaDiM,VisA,pcb1,456,rescue,motion_blur,moderate,Wiener (Motion PSF),0.4523750245571136,augmented
PaDiM,VisA,pcb1,456,degradation,motion_blur,severe,none,0.7472249865531921,augmented
PaDiM,VisA,pcb1,456,rescue,motion_blur,severe,Wiener (Motion PSF),0.4975000321865082,augmented
PaDiM,VisA,pcb1,456,degradation,sensor_noise,mild,none,0.6265250444412231,augmented
PaDiM,VisA,pcb1,456,rescue,sensor_noise,mild,NLM Denoise,0.7008000612258911,augmented
PaDiM,VisA,pcb1,456,degradation,sensor_noise,moderate,none,0.6712499856948853,augmented
PaDiM,VisA,pcb1,456,rescue,sensor_noise,moderate,NLM Denoise,0.6865500211715698,augmented
PaDiM,VisA,pcb1,456,degradation,sensor_noise,severe,none,0.5934500098228455,augmented
PaDiM,VisA,pcb1,456,rescue,sensor_noise,severe,NLM Denoise,0.7259250283241272,augmented
PaDiM,VisA,pcb1,456,degradation,fog_haze,mild,none,0.6749250292778015,augmented
PaDiM,VisA,pcb1,456,rescue,fog_haze,mild,Dehaze (Dark Channel),0.5122500061988831,augmented
PaDiM,VisA,pcb1,456,degradation,fog_haze,moderate,none,0.6337500214576721,augmented
PaDiM,VisA,pcb1,456,rescue,fog_haze,moderate,Dehaze (Dark Channel),0.4753499627113342,augmented
PaDiM,VisA,pcb1,456,degradation,fog_haze,severe,none,0.5550000071525574,augmented
PaDiM,VisA,pcb1,456,rescue,fog_haze,severe,Dehaze (Dark Channel),0.4577000141143799,augmented
PaDiM,VisA,cashew,42,baseline,clean,none,none,0.6919000148773193,augmented
PaDiM,VisA,cashew,42,degradation,low_light,mild,none,0.8806000351905823,augmented
PaDiM,VisA,cashew,42,rescue,low_light,mild,CLAHE,0.7821999192237854,augmented
PaDiM,VisA,cashew,42,rescue,low_light,mild,Retinex,0.6790000200271606,augmented
PaDiM,VisA,cashew,42,degradation,low_light,moderate,none,0.8838000893592834,augmented
PaDiM,VisA,cashew,42,rescue,low_light,moderate,CLAHE,0.7659000158309937,augmented
PaDiM,VisA,cashew,42,rescue,low_light,moderate,Retinex,0.5238000154495239,augmented
PaDiM,VisA,cashew,42,degradation,low_light,severe,none,0.6021999716758728,augmented
PaDiM,VisA,cashew,42,rescue,low_light,severe,CLAHE,0.7694999575614929,augmented
PaDiM,VisA,cashew,42,rescue,low_light,severe,Retinex,0.6863999962806702,augmented
PaDiM,VisA,cashew,42,degradation,gaussian_blur,mild,none,0.7465000152587891,augmented
PaDiM,VisA,cashew,42,rescue,gaussian_blur,mild,Wiener,0.6654000282287598,augmented
PaDiM,VisA,cashew,42,degradation,gaussian_blur,moderate,none,0.6613000631332397,augmented
PaDiM,VisA,cashew,42,rescue,gaussian_blur,moderate,Wiener,0.5497499704360962,augmented
PaDiM,VisA,cashew,42,degradation,gaussian_blur,severe,none,0.5450000166893005,augmented
PaDiM,VisA,cashew,42,rescue,gaussian_blur,severe,Wiener,0.5037000179290771,augmented
PaDiM,VisA,cashew,42,degradation,motion_blur,mild,none,0.8125,augmented
PaDiM,VisA,cashew,42,rescue,motion_blur,mild,Wiener (Motion PSF),0.7170000076293945,augmented
PaDiM,VisA,cashew,42,degradation,motion_blur,moderate,none,0.7837000489234924,augmented
PaDiM,VisA,cashew,42,rescue,motion_blur,moderate,Wiener (Motion PSF),0.5309000015258789,augmented
PaDiM,VisA,cashew,42,degradation,motion_blur,severe,none,0.6180999875068665,augmented
PaDiM,VisA,cashew,42,rescue,motion_blur,severe,Wiener (Motion PSF),0.4881000220775604,augmented
PaDiM,VisA,cashew,42,degradation,sensor_noise,mild,none,0.7797999978065491,augmented
PaDiM,VisA,cashew,42,rescue,sensor_noise,mild,NLM Denoise,0.6976000070571899,augmented
PaDiM,VisA,cashew,42,degradation,sensor_noise,moderate,none,0.6911999583244324,augmented
PaDiM,VisA,cashew,42,rescue,sensor_noise,moderate,NLM Denoise,0.5227000117301941,augmented
PaDiM,VisA,cashew,42,degradation,sensor_noise,severe,none,0.6195999979972839,augmented
PaDiM,VisA,cashew,42,rescue,sensor_noise,severe,NLM Denoise,0.5146000385284424,augmented
PaDiM,VisA,cashew,42,degradation,fog_haze,mild,none,0.6621999740600586,augmented
PaDiM,VisA,cashew,42,rescue,fog_haze,mild,Dehaze (Dark Channel),0.5746999979019165,augmented
PaDiM,VisA,cashew,42,degradation,fog_haze,moderate,none,0.513200044631958,augmented
PaDiM,VisA,cashew,42,rescue,fog_haze,moderate,Dehaze (Dark Channel),0.5553500056266785,augmented
PaDiM,VisA,cashew,42,degradation,fog_haze,severe,none,0.4525000154972076,augmented
PaDiM,VisA,cashew,42,rescue,fog_haze,severe,Dehaze (Dark Channel),0.465999960899353,augmented
PaDiM,VisA,cashew,123,baseline,clean,none,none,0.667650043964386,augmented
PaDiM,VisA,cashew,123,degradation,low_light,mild,none,0.8566000461578369,augmented
PaDiM,VisA,cashew,123,rescue,low_light,mild,CLAHE,0.7786000370979309,augmented
PaDiM,VisA,cashew,123,rescue,low_light,mild,Retinex,0.586199939250946,augmented
PaDiM,VisA,cashew,123,degradation,low_light,moderate,none,0.8123000860214233,augmented
PaDiM,VisA,cashew,123,rescue,low_light,moderate,CLAHE,0.7983999848365784,augmented
PaDiM,VisA,cashew,123,rescue,low_light,moderate,Retinex,0.4589999616146087,augmented
PaDiM,VisA,cashew,123,degradation,low_light,severe,none,0.7450000047683716,augmented
PaDiM,VisA,cashew,123,rescue,low_light,severe,CLAHE,0.6434999704360962,augmented
PaDiM,VisA,cashew,123,rescue,low_light,severe,Retinex,0.692300021648407,augmented
PaDiM,VisA,cashew,123,degradation,gaussian_blur,mild,none,0.7606999278068542,augmented
PaDiM,VisA,cashew,123,rescue,gaussian_blur,mild,Wiener,0.6902499794960022,augmented
PaDiM,VisA,cashew,123,degradation,gaussian_blur,moderate,none,0.58079993724823,augmented
PaDiM,VisA,cashew,123,rescue,gaussian_blur,moderate,Wiener,0.4783000349998474,augmented
PaDiM,VisA,cashew,123,degradation,gaussian_blur,severe,none,0.5785000324249268,augmented
PaDiM,VisA,cashew,123,rescue,gaussian_blur,severe,Wiener,0.6106000542640686,augmented
PaDiM,VisA,cashew,123,degradation,motion_blur,mild,none,0.6990999579429626,augmented
PaDiM,VisA,cashew,123,rescue,motion_blur,mild,Wiener (Motion PSF),0.6865000128746033,augmented
PaDiM,VisA,cashew,123,degradation,motion_blur,moderate,none,0.6801999807357788,augmented
PaDiM,VisA,cashew,123,rescue,motion_blur,moderate,Wiener (Motion PSF),0.5324000120162964,augmented
PaDiM,VisA,cashew,123,degradation,motion_blur,severe,none,0.6335999965667725,augmented
PaDiM,VisA,cashew,123,rescue,motion_blur,severe,Wiener (Motion PSF),0.6491499543190002,augmented
PaDiM,VisA,cashew,123,degradation,sensor_noise,mild,none,0.7376999855041504,augmented
PaDiM,VisA,cashew,123,rescue,sensor_noise,mild,NLM Denoise,0.5388000011444092,augmented
PaDiM,VisA,cashew,123,degradation,sensor_noise,moderate,none,0.633899986743927,augmented
PaDiM,VisA,cashew,123,rescue,sensor_noise,moderate,NLM Denoise,0.5267000198364258,augmented
PaDiM,VisA,cashew,123,degradation,sensor_noise,severe,none,0.4926999807357788,augmented
PaDiM,VisA,cashew,123,rescue,sensor_noise,severe,NLM Denoise,0.5282000303268433,augmented
PaDiM,VisA,cashew,123,degradation,fog_haze,mild,none,0.5543000102043152,augmented
PaDiM,VisA,cashew,123,rescue,fog_haze,mild,Dehaze (Dark Channel),0.487199991941452,augmented
PaDiM,VisA,cashew,123,degradation,fog_haze,moderate,none,0.5451000332832336,augmented
PaDiM,VisA,cashew,123,rescue,fog_haze,moderate,Dehaze (Dark Channel),0.5338000059127808,augmented
PaDiM,VisA,cashew,123,degradation,fog_haze,severe,none,0.5179499983787537,augmented
PaDiM,VisA,cashew,123,rescue,fog_haze,severe,Dehaze (Dark Channel),0.5059999823570251,augmented
PaDiM,VisA,cashew,456,baseline,clean,none,none,0.5879999995231628,augmented
PaDiM,VisA,cashew,456,degradation,low_light,mild,none,0.8244000673294067,augmented
PaDiM,VisA,cashew,456,rescue,low_light,mild,CLAHE,0.7178999781608582,augmented
PaDiM,VisA,cashew,456,rescue,low_light,mild,Retinex,0.3819499909877777,augmented
PaDiM,VisA,cashew,456,degradation,low_light,moderate,none,0.7487999796867371,augmented
PaDiM,VisA,cashew,456,rescue,low_light,moderate,CLAHE,0.7375999689102173,augmented
PaDiM,VisA,cashew,456,rescue,low_light,moderate,Retinex,0.4495500028133392,augmented
PaDiM,VisA,cashew,456,degradation,low_light,severe,none,0.6390000581741333,augmented
PaDiM,VisA,cashew,456,rescue,low_light,severe,CLAHE,0.6831000447273254,augmented
PaDiM,VisA,cashew,456,rescue,low_light,severe,Retinex,0.7030500173568726,augmented
PaDiM,VisA,cashew,456,degradation,gaussian_blur,mild,none,0.7621999979019165,augmented
PaDiM,VisA,cashew,456,rescue,gaussian_blur,mild,Wiener,0.7210999727249146,augmented
PaDiM,VisA,cashew,456,degradation,gaussian_blur,moderate,none,0.5780999660491943,augmented
PaDiM,VisA,cashew,456,rescue,gaussian_blur,moderate,Wiener,0.5033499598503113,augmented
PaDiM,VisA,cashew,456,degradation,gaussian_blur,severe,none,0.4498000144958496,augmented
PaDiM,VisA,cashew,456,rescue,gaussian_blur,severe,Wiener,0.4952999949455261,augmented
PaDiM,VisA,cashew,456,degradation,motion_blur,mild,none,0.7329999804496765,augmented
PaDiM,VisA,cashew,456,rescue,motion_blur,mild,Wiener (Motion PSF),0.6771000027656555,augmented
PaDiM,VisA,cashew,456,degradation,motion_blur,moderate,none,0.697100043296814,augmented
PaDiM,VisA,cashew,456,rescue,motion_blur,moderate,Wiener (Motion PSF),0.6333000063896179,augmented
PaDiM,VisA,cashew,456,degradation,motion_blur,severe,none,0.5921000242233276,augmented
PaDiM,VisA,cashew,456,rescue,motion_blur,severe,Wiener (Motion PSF),0.5467499494552612,augmented
PaDiM,VisA,cashew,456,degradation,sensor_noise,mild,none,0.6468999981880188,augmented
PaDiM,VisA,cashew,456,rescue,sensor_noise,mild,NLM Denoise,0.5767999887466431,augmented
PaDiM,VisA,cashew,456,degradation,sensor_noise,moderate,none,0.4719000160694122,augmented
PaDiM,VisA,cashew,456,rescue,sensor_noise,moderate,NLM Denoise,0.5288000106811523,augmented
PaDiM,VisA,cashew,456,degradation,sensor_noise,severe,none,0.4440999925136566,augmented
PaDiM,VisA,cashew,456,rescue,sensor_noise,severe,NLM Denoise,0.5150499939918518,augmented
PaDiM,VisA,cashew,456,degradation,fog_haze,mild,none,0.5763000249862671,augmented
PaDiM,VisA,cashew,456,rescue,fog_haze,mild,Dehaze (Dark Channel),0.4681999683380127,augmented
PaDiM,VisA,cashew,456,degradation,fog_haze,moderate,none,0.6014999747276306,augmented
PaDiM,VisA,cashew,456,rescue,fog_haze,moderate,Dehaze (Dark Channel),0.5438999533653259,augmented
PaDiM,VisA,cashew,456,degradation,fog_haze,severe,none,0.4617999792098999,augmented
PaDiM,VisA,cashew,456,rescue,fog_haze,severe,Dehaze (Dark Channel),0.4902499914169311,augmented
PaDiM,VisA,pipe_fryum,42,baseline,clean,none,none,0.632900059223175,augmented
PaDiM,VisA,pipe_fryum,42,degradation,low_light,mild,none,0.8406000137329102,augmented
PaDiM,VisA,pipe_fryum,42,rescue,low_light,mild,CLAHE,0.8198000192642212,augmented
PaDiM,VisA,pipe_fryum,42,rescue,low_light,mild,Retinex,0.630299985408783,augmented
PaDiM,VisA,pipe_fryum,42,degradation,low_light,moderate,none,0.857699990272522,augmented
PaDiM,VisA,pipe_fryum,42,rescue,low_light,moderate,CLAHE,0.8094000220298767,augmented
PaDiM,VisA,pipe_fryum,42,rescue,low_light,moderate,Retinex,0.5460000038146973,augmented
PaDiM,VisA,pipe_fryum,42,degradation,low_light,severe,none,0.8199000358581543,augmented
PaDiM,VisA,pipe_fryum,42,rescue,low_light,severe,CLAHE,0.8197000026702881,augmented
PaDiM,VisA,pipe_fryum,42,rescue,low_light,severe,Retinex,0.7244499921798706,augmented
PaDiM,VisA,pipe_fryum,42,degradation,gaussian_blur,mild,none,0.7820999622344971,augmented
PaDiM,VisA,pipe_fryum,42,rescue,gaussian_blur,mild,Wiener,0.7687000036239624,augmented
PaDiM,VisA,pipe_fryum,42,degradation,gaussian_blur,moderate,none,0.5724999904632568,augmented
PaDiM,VisA,pipe_fryum,42,rescue,gaussian_blur,moderate,Wiener,0.5577000379562378,augmented
PaDiM,VisA,pipe_fryum,42,degradation,gaussian_blur,severe,none,0.6317999958992004,augmented
PaDiM,VisA,pipe_fryum,42,rescue,gaussian_blur,severe,Wiener,0.4779499769210815,augmented
PaDiM,VisA,pipe_fryum,42,degradation,motion_blur,mild,none,0.7323000431060791,augmented
PaDiM,VisA,pipe_fryum,42,rescue,motion_blur,mild,Wiener (Motion PSF),0.6512999534606934,augmented
PaDiM,VisA,pipe_fryum,42,degradation,motion_blur,moderate,none,0.6854000091552734,augmented
PaDiM,VisA,pipe_fryum,42,rescue,motion_blur,moderate,Wiener (Motion PSF),0.7360000014305115,augmented
PaDiM,VisA,pipe_fryum,42,degradation,motion_blur,severe,none,0.5986000299453735,augmented
PaDiM,VisA,pipe_fryum,42,rescue,motion_blur,severe,Wiener (Motion PSF),0.5467000007629395,augmented
PaDiM,VisA,pipe_fryum,42,degradation,sensor_noise,mild,none,0.5696999430656433,augmented
PaDiM,VisA,pipe_fryum,42,rescue,sensor_noise,mild,NLM Denoise,0.5860000252723694,augmented
PaDiM,VisA,pipe_fryum,42,degradation,sensor_noise,moderate,none,0.61080002784729,augmented
PaDiM,VisA,pipe_fryum,42,rescue,sensor_noise,moderate,NLM Denoise,0.5343999862670898,augmented
PaDiM,VisA,pipe_fryum,42,degradation,sensor_noise,severe,none,0.5911000370979309,augmented
PaDiM,VisA,pipe_fryum,42,rescue,sensor_noise,severe,NLM Denoise,0.5206000208854675,augmented
PaDiM,VisA,pipe_fryum,42,degradation,fog_haze,mild,none,0.5600000023841858,augmented
PaDiM,VisA,pipe_fryum,42,rescue,fog_haze,mild,Dehaze (Dark Channel),0.578000009059906,augmented
PaDiM,VisA,pipe_fryum,42,degradation,fog_haze,moderate,none,0.5224999785423279,augmented
PaDiM,VisA,pipe_fryum,42,rescue,fog_haze,moderate,Dehaze (Dark Channel),0.5455999970436096,augmented
PaDiM,VisA,pipe_fryum,42,degradation,fog_haze,severe,none,0.5605999827384949,augmented
PaDiM,VisA,pipe_fryum,42,rescue,fog_haze,severe,Dehaze (Dark Channel),0.4896999895572662,augmented
PaDiM,VisA,pipe_fryum,123,baseline,clean,none,none,0.7709500193595886,augmented
PaDiM,VisA,pipe_fryum,123,degradation,low_light,mild,none,0.9207000136375428,augmented
PaDiM,VisA,pipe_fryum,123,rescue,low_light,mild,CLAHE,0.8254000544548035,augmented
PaDiM,VisA,pipe_fryum,123,rescue,low_light,mild,Retinex,0.625,augmented
PaDiM,VisA,pipe_fryum,123,degradation,low_light,moderate,none,0.9184000492095948,augmented
PaDiM,VisA,pipe_fryum,123,rescue,low_light,moderate,CLAHE,0.8579000234603882,augmented
PaDiM,VisA,pipe_fryum,123,rescue,low_light,moderate,Retinex,0.537600040435791,augmented
PaDiM,VisA,pipe_fryum,123,degradation,low_light,severe,none,0.8904999494552612,augmented
PaDiM,VisA,pipe_fryum,123,rescue,low_light,severe,CLAHE,0.8380999565124512,augmented
PaDiM,VisA,pipe_fryum,123,rescue,low_light,severe,Retinex,0.6632000207901001,augmented
PaDiM,VisA,pipe_fryum,123,degradation,gaussian_blur,mild,none,0.8428000211715698,augmented
PaDiM,VisA,pipe_fryum,123,rescue,gaussian_blur,mild,Wiener,0.7689000368118286,augmented
PaDiM,VisA,pipe_fryum,123,degradation,gaussian_blur,moderate,none,0.5716999769210815,augmented
PaDiM,VisA,pipe_fryum,123,rescue,gaussian_blur,moderate,Wiener,0.5,augmented
PaDiM,VisA,pipe_fryum,123,degradation,gaussian_blur,severe,none,0.5233500003814697,augmented
PaDiM,VisA,pipe_fryum,123,rescue,gaussian_blur,severe,Wiener,0.4189999997615814,augmented
PaDiM,VisA,pipe_fryum,123,degradation,motion_blur,mild,none,0.7896000742912292,augmented
PaDiM,VisA,pipe_fryum,123,rescue,motion_blur,mild,Wiener (Motion PSF),0.6712999939918518,augmented
PaDiM,VisA,pipe_fryum,123,degradation,motion_blur,moderate,none,0.8280999660491943,augmented
PaDiM,VisA,pipe_fryum,123,rescue,motion_blur,moderate,Wiener (Motion PSF),0.4491000175476074,augmented
PaDiM,VisA,pipe_fryum,123,degradation,motion_blur,severe,none,0.7363499999046326,augmented
PaDiM,VisA,pipe_fryum,123,rescue,motion_blur,severe,Wiener (Motion PSF),0.5426999926567078,augmented
PaDiM,VisA,pipe_fryum,123,degradation,sensor_noise,mild,none,0.6467000246047974,augmented
PaDiM,VisA,pipe_fryum,123,rescue,sensor_noise,mild,NLM Denoise,0.6474000215530396,augmented
PaDiM,VisA,pipe_fryum,123,degradation,sensor_noise,moderate,none,0.6397000551223755,augmented
PaDiM,VisA,pipe_fryum,123,rescue,sensor_noise,moderate,NLM Denoise,0.6034500002861023,augmented
PaDiM,VisA,pipe_fryum,123,degradation,sensor_noise,severe,none,0.6085000038146973,augmented
PaDiM,VisA,pipe_fryum,123,rescue,sensor_noise,severe,NLM Denoise,0.5993499755859375,augmented
PaDiM,VisA,pipe_fryum,123,degradation,fog_haze,mild,none,0.6114999651908875,augmented
PaDiM,VisA,pipe_fryum,123,rescue,fog_haze,mild,Dehaze (Dark Channel),0.5949000120162964,augmented
PaDiM,VisA,pipe_fryum,123,degradation,fog_haze,moderate,none,0.6142999529838562,augmented
PaDiM,VisA,pipe_fryum,123,rescue,fog_haze,moderate,Dehaze (Dark Channel),0.5379499793052673,augmented
PaDiM,VisA,pipe_fryum,123,degradation,fog_haze,severe,none,0.511900007724762,augmented
PaDiM,VisA,pipe_fryum,123,rescue,fog_haze,severe,Dehaze (Dark Channel),0.5062000155448914,augmented
PaDiM,VisA,pipe_fryum,456,baseline,clean,none,none,0.7656000256538391,augmented
PaDiM,VisA,pipe_fryum,456,degradation,low_light,mild,none,0.8592000007629395,augmented
PaDiM,VisA,pipe_fryum,456,rescue,low_light,mild,CLAHE,0.7848999500274658,augmented
PaDiM,VisA,pipe_fryum,456,rescue,low_light,mild,Retinex,0.6244000196456909,augmented
PaDiM,VisA,pipe_fryum,456,degradation,low_light,moderate,none,0.8754000067710876,augmented
PaDiM,VisA,pipe_fryum,456,rescue,low_light,moderate,CLAHE,0.7968000173568726,augmented
PaDiM,VisA,pipe_fryum,456,rescue,low_light,moderate,Retinex,0.564300000667572,augmented
PaDiM,VisA,pipe_fryum,456,degradation,low_light,severe,none,0.8503999710083008,augmented
PaDiM,VisA,pipe_fryum,456,rescue,low_light,severe,CLAHE,0.8388999700546265,augmented
PaDiM,VisA,pipe_fryum,456,rescue,low_light,severe,Retinex,0.6290499567985535,augmented
PaDiM,VisA,pipe_fryum,456,degradation,gaussian_blur,mild,none,0.7491999864578247,augmented
PaDiM,VisA,pipe_fryum,456,rescue,gaussian_blur,mild,Wiener,0.7854999899864197,augmented
PaDiM,VisA,pipe_fryum,456,degradation,gaussian_blur,moderate,none,0.5490000247955322,augmented
PaDiM,VisA,pipe_fryum,456,rescue,gaussian_blur,moderate,Wiener,0.4791000485420227,augmented
PaDiM,VisA,pipe_fryum,456,degradation,gaussian_blur,severe,none,0.6371000409126282,augmented
PaDiM,VisA,pipe_fryum,456,rescue,gaussian_blur,severe,Wiener,0.4954999983310699,augmented
PaDiM,VisA,pipe_fryum,456,degradation,motion_blur,mild,none,0.74590003490448,augmented
PaDiM,VisA,pipe_fryum,456,rescue,motion_blur,mild,Wiener (Motion PSF),0.6854000091552734,augmented
PaDiM,VisA,pipe_fryum,456,degradation,motion_blur,moderate,none,0.6661999821662903,augmented
PaDiM,VisA,pipe_fryum,456,rescue,motion_blur,moderate,Wiener (Motion PSF),0.6776000261306763,augmented
PaDiM,VisA,pipe_fryum,456,degradation,motion_blur,severe,none,0.6817000508308411,augmented
PaDiM,VisA,pipe_fryum,456,rescue,motion_blur,severe,Wiener (Motion PSF),0.5945000648498535,augmented
PaDiM,VisA,pipe_fryum,456,degradation,sensor_noise,mild,none,0.6535999774932861,augmented
PaDiM,VisA,pipe_fryum,456,rescue,sensor_noise,mild,NLM Denoise,0.606499969959259,augmented
PaDiM,VisA,pipe_fryum,456,degradation,sensor_noise,moderate,none,0.6220999956130981,augmented
PaDiM,VisA,pipe_fryum,456,rescue,sensor_noise,moderate,NLM Denoise,0.5859000086784363,augmented
PaDiM,VisA,pipe_fryum,456,degradation,sensor_noise,severe,none,0.6207999587059021,augmented
PaDiM,VisA,pipe_fryum,456,rescue,sensor_noise,severe,NLM Denoise,0.5702999830245972,augmented
PaDiM,VisA,pipe_fryum,456,degradation,fog_haze,mild,none,0.6171000003814697,augmented
PaDiM,VisA,pipe_fryum,456,rescue,fog_haze,mild,Dehaze (Dark Channel),0.4727999866008758,augmented
PaDiM,VisA,pipe_fryum,456,degradation,fog_haze,moderate,none,0.5424000024795532,augmented
PaDiM,VisA,pipe_fryum,456,rescue,fog_haze,moderate,Dehaze (Dark Channel),0.4776999950408935,augmented
PaDiM,VisA,pipe_fryum,456,degradation,fog_haze,severe,none,0.5572999715805054,augmented
PaDiM,VisA,pipe_fryum,456,rescue,fog_haze,severe,Dehaze (Dark Channel),0.5222499966621399,augmented
